ISO-10303-21;
HEADER;
FILE_DESCRIPTION (( 'STEP AP203' ),
    '1' );
FILE_NAME ('MicroNeedle_with_channels.STEP',
    '2026-09-14T00:06:26',
    ( '' ),
    ( '' ),
    'SwSTEP 2.0',
    'SolidWorks 2024',
    '' );
FILE_SCHEMA (( 'CONFIG_CONTROL_DESIGN' ));
ENDSEC;

DATA;
#1 = ORIENTED_EDGE ( 'NONE', *, *, #3419, .F. ) ;
#2 = CARTESIAN_POINT ( 'NONE',  ( 5.432459535739056378, 5.786934341759518929, -17.75835993107065391 ) ) ;
#3 = ADVANCED_FACE ( 'NONE', ( #962 ), #1760, .F. ) ;
#4 = VERTEX_POINT ( 'NONE', #927 ) ;
#5 = PERSON_AND_ORGANIZATION ( #496, #1433 ) ;
#6 = CIRCLE ( 'NONE', #2337, 0.4550000000000005151 ) ;
#7 = CYLINDRICAL_SURFACE ( 'NONE', #3429, 0.4550000000000005151 ) ;
#8 = ORIENTED_EDGE ( 'NONE', *, *, #502, .T. ) ;
#9 = PERSON_AND_ORGANIZATION_ROLE ( 'classification_officer' ) ;
#10 = CIRCLE ( 'NONE', #65, 0.4550000000000005151 ) ;
#11 = DIRECTION ( 'NONE',  ( 0.000000000000000000, 0.000000000000000000, -1.000000000000000000 ) ) ;
#12 = APPROVAL_STATUS ( 'not_yet_approved' ) ;
#13 = AXIS2_PLACEMENT_3D ( 'NONE', #617, #2479, #941 ) ;
#14 = DIRECTION ( 'NONE',  ( 0.000000000000000000, 0.000000000000000000, -1.000000000000000000 ) ) ;
#15 = ORGANIZATION ( 'NAUO-ORG10', 'UNSPECIFIED', 'UNSPECIFIED' ) ;
#16 = VECTOR ( 'NONE', #2398, 1000.000000000000000 ) ;
#17 = AXIS2_PLACEMENT_3D ( 'NONE', #937, #2595, #1823 ) ;
#18 = CC_DESIGN_SECURITY_CLASSIFICATION ( #244, ( #3498 ) ) ;
#19 = DIRECTION ( 'NONE',  ( 0.000000000000000000, 1.000000000000000000, 0.000000000000000000 ) ) ;
#20 = ORIENTED_EDGE ( 'NONE', *, *, #2180, .T. ) ;
#21 = CARTESIAN_POINT ( 'NONE',  ( 22.00000000000000000, 0.000000000000000000, 0.000000000000000000 ) ) ;
#22 = SECURITY_CLASSIFICATION ( '', '', #1893 ) ;
#23 = CC_DESIGN_DATE_AND_TIME_ASSIGNMENT ( #90, #2260, ( #2738 ) ) ;
#24 = CC_DESIGN_APPROVAL ( #2474, ( #1101 ) ) ;
#25 = ORIENTED_EDGE ( 'NONE', *, *, #1767, .T. ) ;
#26 = DATE_AND_TIME ( #805, #249 ) ;
#27 = ADVANCED_FACE ( 'NONE', ( #1745 ), #2825, .F. ) ;
#28 = LINE ( 'NONE', #1108, #701 ) ;
#29 = VERTEX_POINT ( 'NONE', #2063 ) ;
#30 = COORDINATED_UNIVERSAL_TIME_OFFSET ( 8, 0, .BEHIND. ) ;
#31 = DIRECTION ( 'NONE',  ( -0.000000000000000000, -1.000000000000000000, -0.000000000000000000 ) ) ;
#32 = FACE_BOUND ( 'NONE', #2090, .T. ) ;
#33 = DIRECTION ( 'NONE',  ( 0.000000000000000000, 1.000000000000000000, 0.000000000000000000 ) ) ;
#34 = ORIENTED_EDGE ( 'NONE', *, *, #1810, .F. ) ;
#35 = DIRECTION ( 'NONE',  ( 0.000000000000000000, -1.000000000000000000, 0.000000000000000000 ) ) ;
#36 = DESIGN_CONTEXT ( 'detailed design', #1141, 'design' ) ;
#37 = VERTEX_POINT ( 'NONE', #1230 ) ;
#38 = DATE_AND_TIME ( #1390, #3153 ) ;
#39 = CC_DESIGN_PERSON_AND_ORGANIZATION_ASSIGNMENT ( #3490, #176, ( #2410 ) ) ;
#40 = EDGE_LOOP ( 'NONE', ( #839, #3415 ) ) ;
#41 = CONTEXT_DEPENDENT_SHAPE_REPRESENTATION ( #198, #1477 ) ;
#42 = DIRECTION ( 'NONE',  ( 0.000000000000000000, 0.000000000000000000, -1.000000000000000000 ) ) ;
#43 = ADVANCED_FACE ( 'NONE', ( #1468 ), #2811, .F. ) ;
#44 = PERSON_AND_ORGANIZATION_ROLE ( 'design_owner' ) ;
#45 = FACE_OUTER_BOUND ( 'NONE', #1515, .T. ) ;
#46 = FACE_BOUND ( 'NONE', #3306, .T. ) ;
#47 = ORIENTED_EDGE ( 'NONE', *, *, #1241, .F. ) ;
#48 = ORIENTED_EDGE ( 'NONE', *, *, #1526, .T. ) ;
#49 = DIRECTION ( 'NONE',  ( 0.000000000000000000, 0.000000000000000000, -1.000000000000000000 ) ) ;
#50 = VERTEX_POINT ( 'NONE', #86 ) ;
#51 = CALENDAR_DATE ( 2026, 13, 9 ) ;
#52 = PRODUCT_DEFINITION_SHAPE ( 'NONE', 'NONE',  #3508 ) ;
#53 = EDGE_LOOP ( 'NONE', ( #3262, #2655, #699, #3356 ) ) ;
#54 = ITEM_DEFINED_TRANSFORMATION ( 'NONE', 'NONE', #2174,  #2454 ) ;
#55 = CIRCLE ( 'NONE', #1540, 0.4550000000000005151 ) ;
#56 = CC_DESIGN_PERSON_AND_ORGANIZATION_ASSIGNMENT ( #3235, #2997, ( #304 ) ) ;
#57 = DIRECTION ( 'NONE',  ( 0.000000000000000000, 0.000000000000000000, -1.000000000000000000 ) ) ;
#58 = CONTEXT_DEPENDENT_SHAPE_REPRESENTATION ( #1638, #1663 ) ;
#59 = DIRECTION ( 'NONE',  ( -0.000000000000000000, 1.000000000000000000, -0.000000000000000000 ) ) ;
#60 = AXIS2_PLACEMENT_3D ( 'NONE', #1835, #1028, #1545 ) ;
#61 = EDGE_CURVE ( 'NONE', #2955, #2651, #1419, .T. ) ;
#62 = DIRECTION ( 'NONE',  ( 0.000000000000000000, 0.000000000000000000, -1.000000000000000000 ) ) ;
#63 = EDGE_LOOP ( 'NONE', ( #1385, #1616 ) ) ;
#64 = DIRECTION ( 'NONE',  ( 0.000000000000000000, 0.000000000000000000, 1.000000000000000000 ) ) ;
#65 = AXIS2_PLACEMENT_3D ( 'NONE', #2049, #166, #3103 ) ;
#66 = ORIENTED_EDGE ( 'NONE', *, *, #2491, .T. ) ;
#67 = CARTESIAN_POINT ( 'NONE',  ( 1.432459535739056156, 2.500000000000000000, -8.848359931070651996 ) ) ;
#68 = PERSON ( 'NAUO-PER15', 'UNSPECIFIED', 'UNSPECIFIED', ('UNSPECIFIED'), ('UNSPECIFIED'), ('UNSPECIFIED') ) ;
#69 = AXIS2_PLACEMENT_3D ( 'NONE', #108, #1991, #2772 ) ;
#70 = APPROVAL_PERSON_ORGANIZATION ( #2980, #1807, #2145 ) ;
#71 = CIRCLE ( 'NONE', #17, 0.4550000000000005151 ) ;
#72 = VERTEX_POINT ( 'NONE', #2314 ) ;
#73 = CC_DESIGN_APPROVAL ( #1500, ( #2738 ) ) ;
#74 = CC_DESIGN_APPROVAL ( #2258, ( #711 ) ) ;
#75 = ORGANIZATION ( 'NAUO-ORG26', 'UNSPECIFIED', 'UNSPECIFIED' ) ;
#76 = EDGE_LOOP ( 'NONE', ( #2924, #2647, #539, #430 ) ) ;
#77 = COORDINATED_UNIVERSAL_TIME_OFFSET ( 8, 0, .BEHIND. ) ;
#78 = LINE ( 'NONE', #1948, #808 ) ;
#79 = COORDINATED_UNIVERSAL_TIME_OFFSET ( 8, 0, .BEHIND. ) ;
#80 = CC_DESIGN_PERSON_AND_ORGANIZATION_ASSIGNMENT ( #164, #1548, ( #1498 ) ) ;
#81 = LINE ( 'NONE', #899, #2116 ) ;
#82 = CARTESIAN_POINT ( 'NONE',  ( 0.000000000000000000, 0.000000000000000000, -22.00000000000000000 ) ) ;
#83 = VERTEX_POINT ( 'NONE', #403 ) ;
#84 = DIRECTION ( 'NONE',  ( 0.000000000000000000, 0.000000000000000000, 1.000000000000000000 ) ) ;
#85 = ADVANCED_FACE ( 'NONE', ( #1492 ), #1780, .F. ) ;
#86 = CARTESIAN_POINT ( 'NONE',  ( 1.432459535739056156, 4.500000000000000888, -5.758359931070652138 ) ) ;
#87 = LINE ( 'NONE', #1171, #111 ) ;
#88 = EDGE_CURVE ( 'NONE', #3086, #3018, #1170, .T. ) ;
#89 = VERTEX_POINT ( 'NONE', #1244 ) ;
#90 = DATE_AND_TIME ( #1708, #3204 ) ;
#91 = FACE_OUTER_BOUND ( 'NONE', #2018, .T. ) ;
#92 = DIRECTION ( 'NONE',  ( -0.000000000000000000, -1.000000000000000000, -0.000000000000000000 ) ) ;
#93 = ORIENTED_EDGE ( 'NONE', *, *, #2516, .T. ) ;
#94 = APPROVAL_STATUS ( 'not_yet_approved' ) ;
#95 = CARTESIAN_POINT ( 'NONE',  ( 5.432459535739056378, 5.786934341759518929, -13.30335993107065207 ) ) ;
#96 = PERSON_AND_ORGANIZATION_ROLE ( 'classification_officer' ) ;
#97 = CARTESIAN_POINT ( 'NONE',  ( 5.432459535739056378, 2.500000000000000000, -17.75835993107065391 ) ) ;
#98 = DIRECTION ( 'NONE',  ( -0.000000000000000000, -1.000000000000000000, -0.000000000000000000 ) ) ;
#99 = ORIENTED_EDGE ( 'NONE', *, *, #731, .T. ) ;
#100 = DIRECTION ( 'NONE',  ( 0.000000000000000000, 1.000000000000000000, 0.000000000000000000 ) ) ;
#101 = ORIENTED_EDGE ( 'NONE', *, *, #1522, .F. ) ;
#102 = CARTESIAN_POINT ( 'NONE',  ( 5.432459535739056378, 4.500000000000000888, -0.8483599310706509966 ) ) ;
#103 = APPROVAL ( #94, 'UNKNOWN' ) ;
#104 = ORIENTED_EDGE ( 'NONE', *, *, #2198, .F. ) ;
#105 = APPROVAL_ROLE ( '' ) ;
#106 = ADVANCED_FACE ( 'NONE', ( #3074 ), #2329, .F. ) ;
#107 = DIRECTION ( 'NONE',  ( 0.000000000000000000, 0.000000000000000000, -1.000000000000000000 ) ) ;
#108 = CARTESIAN_POINT ( 'NONE',  ( 17.43245953573905638, 4.500000000000000888, -9.303359931070652067 ) ) ;
#109 = ORIENTED_EDGE ( 'NONE', *, *, #1935, .T. ) ;
#110 = PERSON_AND_ORGANIZATION ( #1517, #3314 ) ;
#111 = VECTOR ( 'NONE', #1985, 1000.000000000000000 ) ;
#112 = FACE_OUTER_BOUND ( 'NONE', #1530, .T. ) ;
#113 = CALENDAR_DATE ( 2026, 13, 9 ) ;
#114 = CIRCLE ( 'NONE', #2334, 0.4550000000000001266 ) ;
#115 = CARTESIAN_POINT ( 'NONE',  ( -2.000000000000000000, 4.500000000000000888, 0.000000000000000000 ) ) ;
#116 = PRODUCT_DEFINITION_SHAPE ( 'NONE', 'NONE',  #3496 ) ;
#117 = AXIS2_PLACEMENT_3D ( 'NONE', #2593, #1249, #2336 ) ;
#118 = FACE_OUTER_BOUND ( 'NONE', #2940, .T. ) ;
#119 = ORIENTED_EDGE ( 'NONE', *, *, #2138, .T. ) ;
#120 = CARTESIAN_POINT ( 'NONE',  ( -0.5400608770634498512, 8.342510335299722968, 3.192498329506545662 ) ) ;
#121 = ORIENTED_EDGE ( 'NONE', *, *, #2584, .T. ) ;
#122 = AXIS2_PLACEMENT_3D ( 'NONE', #157, #1722, #3396 ) ;
#123 = CARTESIAN_POINT ( 'NONE',  ( 17.43245953573905638, 4.500000000000000888, -8.848359931070651996 ) ) ;
#124 =( REPRESENTATION_RELATIONSHIP ('NONE','NONE', #1987, #2621 ) REPRESENTATION_RELATIONSHIP_WITH_TRANSFORMATION ( #327 )SHAPE_REPRESENTATION_RELATIONSHIP( ) );
#125 = CIRCLE ( 'NONE', #351, 0.4550000000000005151 ) ;
#126 = ORIENTED_EDGE ( 'NONE', *, *, #2978, .F. ) ;
#127 = CC_DESIGN_DATE_AND_TIME_ASSIGNMENT ( #2739, #150, ( #1217 ) ) ;
#128 = AXIS2_PLACEMENT_3D ( 'NONE', #3166, #1754, #1280 ) ;
#129 = CARTESIAN_POINT ( 'NONE',  ( 9.432459535739056378, 5.786934341759518929, -17.30335993107065207 ) ) ;
#130 = CC_DESIGN_SECURITY_CLASSIFICATION ( #189, ( #3502 ) ) ;
#131 = AXIS2_PLACEMENT_3D ( 'NONE', #197, #1527, #3412 ) ;
#132 = CARTESIAN_POINT ( 'NONE',  ( 1.432459535739056156, 4.500000000000000888, -8.848359931070651996 ) ) ;
#133 = ORGANIZATION ( 'NAUO-ORG20', 'UNSPECIFIED', 'UNSPECIFIED' ) ;
#134 = DIRECTION ( 'NONE',  ( 0.000000000000000000, -1.000000000000000000, 0.000000000000000000 ) ) ;
#135 = CONICAL_SURFACE ( 'NONE', #3370, 0.02309798981860195985, 0.3925943860341560843 ) ;
#136 = ORIENTED_EDGE ( 'NONE', *, *, #1607, .F. ) ;
#137 = EDGE_CURVE ( 'NONE', #1841, #2184, #1817, .T. ) ;
#138 = ORGANIZATION ( 'NAUO-ORG1', 'UNSPECIFIED', 'UNSPECIFIED' ) ;
#139 = LOCAL_TIME ( 17, 6, 26.00000000000000000, #3293 ) ;
#140 = CARTESIAN_POINT ( 'NONE',  ( 5.432459535739056378, 4.500000000000000888, -1.758359931070651250 ) ) ;
#141 = SECURITY_CLASSIFICATION_LEVEL ( 'unclassified' ) ;
#142 = EDGE_CURVE ( 'NONE', #1078, #2455, #2627, .T. ) ;
#143 = DIRECTION ( 'NONE',  ( 0.000000000000000000, 0.000000000000000000, -1.000000000000000000 ) ) ;
#144 = DIRECTION ( 'NONE',  ( 0.000000000000000000, 0.000000000000000000, -1.000000000000000000 ) ) ;
#145 = CARTESIAN_POINT ( 'NONE',  ( -4.540060877063449851, 8.342510335299722968, 11.19249832950654522 ) ) ;
#146 = EDGE_LOOP ( 'NONE', ( #288, #640 ) ) ;
#147 = CARTESIAN_POINT ( 'NONE',  ( 17.43245953573905638, 4.500000000000000888, -5.303359931070652067 ) ) ;
#148 = MANIFOLD_SOLID_BREP ( 'Shell1', #2957 ) ;
#149 = VERTEX_POINT ( 'NONE', #1300 ) ;
#150 = DATE_TIME_ROLE ( 'classification_date' ) ;
#151 = CARTESIAN_POINT ( 'NONE',  ( 13.43245953573905638, 4.500000000000000888, -5.758359931070652138 ) ) ;
#152 = CARTESIAN_POINT ( 'NONE',  ( -2.000000000000000000, -0.000000000000000000, -19.99999999999999645 ) ) ;
#153 = DIRECTION ( 'NONE',  ( 0.000000000000000000, 0.000000000000000000, -1.000000000000000000 ) ) ;
#154 = EDGE_LOOP ( 'NONE', ( #3187, #1852 ) ) ;
#155 = EDGE_CURVE ( 'NONE', #1955, #913, #2787, .T. ) ;
#156 = CARTESIAN_POINT ( 'NONE',  ( 17.43245953573905638, 5.786934341759518929, -9.303359931070652067 ) ) ;
#157 = CARTESIAN_POINT ( 'NONE',  ( 13.43245953573905638, 5.786934341759518929, -9.303359931070652067 ) ) ;
#158 = EDGE_CURVE ( 'NONE', #2765, #2424, #1830, .T. ) ;
#159 = FACE_OUTER_BOUND ( 'NONE', #842, .T. ) ;
#160 = PERSON_AND_ORGANIZATION ( #2273, #3437 ) ;
#161 = CARTESIAN_POINT ( 'NONE',  ( 0.000000000000000000, 2.500000000000000000, 0.000000000000000000 ) ) ;
#162 = DIRECTION ( 'NONE',  ( -0.000000000000000000, -1.000000000000000000, -0.000000000000000000 ) ) ;
#163 = ORIENTED_EDGE ( 'NONE', *, *, #872, .T. ) ;
#164 = PERSON_AND_ORGANIZATION ( #1969, #421 ) ;
#165 = CYLINDRICAL_SURFACE ( 'NONE', #284, 2.000000000000000000 ) ;
#166 = DIRECTION ( 'NONE',  ( 0.000000000000000000, -1.000000000000000000, 0.000000000000000000 ) ) ;
#167 = LINE ( 'NONE', #686, #644 ) ;
#168 = ORIENTED_EDGE ( 'NONE', *, *, #1064, .T. ) ;
#169 = APPROVAL_DATE_TIME ( #1793, #769 ) ;
#170 = DIRECTION ( 'NONE',  ( -0.000000000000000000, 1.000000000000000000, -0.000000000000000000 ) ) ;
#171 = COORDINATED_UNIVERSAL_TIME_OFFSET ( 8, 0, .BEHIND. ) ;
#172 = CARTESIAN_POINT ( 'NONE',  ( 13.43245953573905638, 5.786934341759518929, -8.848359931070651996 ) ) ;
#173 = AXIS2_PLACEMENT_3D ( 'NONE', #2590, #162, #1245 ) ;
#174 = CC_DESIGN_PERSON_AND_ORGANIZATION_ASSIGNMENT ( #658, #1739, ( #2628 ) ) ;
#175 = LINE ( 'NONE', #1260, #1272 ) ;
#176 = PERSON_AND_ORGANIZATION_ROLE ( 'design_supplier' ) ;
#177 = CARTESIAN_POINT ( 'NONE',  ( 5.432459535739056378, 4.500000000000000888, -8.848359931070651996 ) ) ;
#178 = EDGE_CURVE ( 'NONE', #3072, #2084, #215, .T. ) ;
#179 = CIRCLE ( 'NONE', #1264, 0.4550000000000005151 ) ;
#180 = VERTEX_POINT ( 'NONE', #3484 ) ;
#181 = CONTEXT_DEPENDENT_SHAPE_REPRESENTATION ( #1202, #2023 ) ;
#182 = CYLINDRICAL_SURFACE ( 'NONE', #340, 2.000000000000001776 ) ;
#183 = CIRCLE ( 'NONE', #1086, 0.4550000000000001266 ) ;
#184 = DIRECTION ( 'NONE',  ( 0.000000000000000000, -1.000000000000000000, 0.000000000000000000 ) ) ;
#185 = CARTESIAN_POINT ( 'NONE',  ( 1.100000000000000089, 0.000000000000000000, 0.000000000000000000 ) ) ;
#186 = AXIS2_PLACEMENT_3D ( 'NONE', #1574, #827, #2183 ) ;
#187 = ORIENTED_EDGE ( 'NONE', *, *, #1370, .T. ) ;
#188 = AXIS2_PLACEMENT_3D ( 'NONE', #1229, #1208, #2550 ) ;
#189 = SECURITY_CLASSIFICATION ( '', '', #1866 ) ;
#190 = AXIS2_PLACEMENT_3D ( 'NONE', #3287, #1965, #586 ) ;
#191 = DIRECTION ( 'NONE',  ( -1.000000000000000000, -0.000000000000000000, -0.000000000000000000 ) ) ;
#192 = EDGE_LOOP ( 'NONE', ( #1891, #737, #20, #2374 ) ) ;
#193 = CC_DESIGN_APPROVAL ( #322, ( #2628 ) ) ;
#194 = LINE ( 'NONE', #768, #2676 ) ;
#195 = LOCAL_TIME ( 17, 6, 26.00000000000000000, #779 ) ;
#196 = PRODUCT_DEFINITION ( 'UNKNOWN', '', #2410, #36 ) ;
#197 = CARTESIAN_POINT ( 'NONE',  ( 13.43245953573905638, 2.500000000000000000, -13.30335993107065207 ) ) ;
#198 =( REPRESENTATION_RELATIONSHIP ('NONE','NONE', #1987, #2621 ) REPRESENTATION_RELATIONSHIP_WITH_TRANSFORMATION ( #54 )SHAPE_REPRESENTATION_RELATIONSHIP( ) );
#199 = APPLICATION_PROTOCOL_DEFINITION ( 'international standard', 'config_control_design', 1994, #788 ) ;
#200 = DIRECTION ( 'NONE',  ( 0.000000000000000000, -1.000000000000000000, 0.000000000000000000 ) ) ;
#201 = EDGE_CURVE ( 'NONE', #1293, #1898, #1595, .T. ) ;
#202 = ORIENTED_EDGE ( 'NONE', *, *, #1613, .F. ) ;
#203 = CALENDAR_DATE ( 2026, 13, 9 ) ;
#204 = FACE_OUTER_BOUND ( 'NONE', #407, .T. ) ;
#205 = FACE_BOUND ( 'NONE', #40, .T. ) ;
#206 = ADVANCED_FACE ( 'NONE', ( #2148 ), #2645, .F. ) ;
#207 = EDGE_LOOP ( 'NONE', ( #3281, #1247, #3280, #2154 ) ) ;
#208 = CONTEXT_DEPENDENT_SHAPE_REPRESENTATION ( #1834, #885 ) ;
#209 = CARTESIAN_POINT ( 'NONE',  ( 5.432459535739056378, 5.786934341759518929, -5.303359931070652067 ) ) ;
#210 = VERTEX_POINT ( 'NONE', #177 ) ;
#211 = PERSON_AND_ORGANIZATION ( #1765, #1557 ) ;
#212 = DIRECTION ( 'NONE',  ( 0.000000000000000000, 0.000000000000000000, -1.000000000000000000 ) ) ;
#213 = CYLINDRICAL_SURFACE ( 'NONE', #3259, 2.000000000000000000 ) ;
#214 = DATE_AND_TIME ( #2348, #2973 ) ;
#215 = LINE ( 'NONE', #2382, #801 ) ;
#216 = EDGE_LOOP ( 'NONE', ( #121, #906, #1538, #2887 ) ) ;
#217 = DIRECTION ( 'NONE',  ( -0.000000000000000000, -1.000000000000000000, -0.000000000000000000 ) ) ;
#218 = APPROVAL ( #2960, 'UNSPECIFIED' ) ;
#219 = CARTESIAN_POINT ( 'NONE',  ( 17.43245953573905638, 4.500000000000000888, -9.303359931070652067 ) ) ;
#220 = ORIENTED_EDGE ( 'NONE', *, *, #1673, .T. ) ;
#221 = CALENDAR_DATE ( 2026, 13, 9 ) ;
#222 = ADVANCED_FACE ( 'NONE', ( #513 ), #1050, .F. ) ;
#223 = CARTESIAN_POINT ( 'NONE',  ( 1.432459535739056156, 4.500000000000000888, -16.84835993107065022 ) ) ;
#224 = ORIENTED_EDGE ( 'NONE', *, *, #2024, .F. ) ;
#225 = COORDINATED_UNIVERSAL_TIME_OFFSET ( 8, 0, .BEHIND. ) ;
#226 = DIRECTION ( 'NONE',  ( -0.000000000000000000, -1.000000000000000000, -0.000000000000000000 ) ) ;
#227 = CARTESIAN_POINT ( 'NONE',  ( 0.000000000000000000, 0.000000000000000000, 0.000000000000000000 ) ) ;
#228 = VECTOR ( 'NONE', #2501, 1000.000000000000000 ) ;
#229 = FACE_OUTER_BOUND ( 'NONE', #2246, .T. ) ;
#230 = ORIENTED_EDGE ( 'NONE', *, *, #3245, .T. ) ;
#231 = LINE ( 'NONE', #823, #3417 ) ;
#232 = AXIS2_PLACEMENT_3D ( 'NONE', #1582, #787, #555 ) ;
#233 = FACE_BOUND ( 'NONE', #951, .T. ) ;
#234 = APPROVAL ( #1003, 'UNKNOWN' ) ;
#235 = ORIENTED_EDGE ( 'NONE', *, *, #1066, .T. ) ;
#236 = DATE_AND_TIME ( #2457, #929 ) ;
#237 = AXIS2_PLACEMENT_3D ( 'NONE', #298, #2984, #818 ) ;
#238 = AXIS2_PLACEMENT_3D ( 'NONE', #1192, #3366, #3423 ) ;
#239 = EDGE_CURVE ( 'NONE', #1623, #525, #573, .T. ) ;
#240 = ORIENTED_EDGE ( 'NONE', *, *, #807, .T. ) ;
#241 = APPROVAL_STATUS ( 'not_yet_approved' ) ;
#242 = ADVANCED_BREP_SHAPE_REPRESENTATION ( '', ( #148, #2454 ), #990 ) ;
#243 = CIRCLE ( 'NONE', #1654, 0.4550000000000005151 ) ;
#244 = SECURITY_CLASSIFICATION ( '', '', #2931 ) ;
#245 = AXIS2_PLACEMENT_3D ( 'NONE', #2418, #763, #2160 ) ;
#246 = LINE ( 'NONE', #1639, #16 ) ;
#247 = ADVANCED_FACE ( 'NONE', ( #229 ), #2083, .F. ) ;
#248 = AXIS2_PLACEMENT_3D ( 'NONE', #622, #3338, #2270 ) ;
#249 = LOCAL_TIME ( 17, 6, 26.00000000000000000, #519 ) ;
#250 = APPROVAL_ROLE ( '' ) ;
#251 = CARTESIAN_POINT ( 'NONE',  ( 5.432459535739056378, 2.500000000000000000, -1.303359931070651179 ) ) ;
#252 = APPROVAL_PERSON_ORGANIZATION ( #264, #2994, #1640 ) ;
#253 = CC_DESIGN_APPROVAL ( #2277, ( #1217 ) ) ;
#254 = ORIENTED_EDGE ( 'NONE', *, *, #832, .F. ) ;
#255 = CARTESIAN_POINT ( 'NONE',  ( 17.43245953573905638, 2.500000000000000000, -16.84835993107065022 ) ) ;
#256 = DESIGN_CONTEXT ( 'detailed design', #2848, 'design' ) ;
#257 = EDGE_LOOP ( 'NONE', ( #3382, #2813, #1159, #2767 ) ) ;
#258 = PERSON_AND_ORGANIZATION_ROLE ( 'classification_officer' ) ;
#259 = CARTESIAN_POINT ( 'NONE',  ( 0.000000000000000000, 0.000000000000000000, 0.000000000000000000 ) ) ;
#260 = ORIENTED_EDGE ( 'NONE', *, *, #1767, .F. ) ;
#261 = CONTEXT_DEPENDENT_SHAPE_REPRESENTATION ( #3221, #2553 ) ;
#262 = EDGE_CURVE ( 'NONE', #1042, #210, #692, .T. ) ;
#263 = DIRECTION ( 'NONE',  ( -0.000000000000000000, -1.000000000000000000, -0.000000000000000000 ) ) ;
#264 = PERSON_AND_ORGANIZATION ( #2273, #3437 ) ;
#265 = DIRECTION ( 'NONE',  ( 0.000000000000000000, 0.000000000000000000, -1.000000000000000000 ) ) ;
#266 = EDGE_CURVE ( 'NONE', #1457, #2591, #1001, .T. ) ;
#267 =( NAMED_UNIT ( * ) SI_UNIT ( $, .STERADIAN. ) SOLID_ANGLE_UNIT ( ) );
#268 = EDGE_LOOP ( 'NONE', ( #2561, #109, #3004, #2744 ) ) ;
#269 = DIRECTION ( 'NONE',  ( -0.000000000000000000, 1.000000000000000000, -0.000000000000000000 ) ) ;
#270 = ORIENTED_EDGE ( 'NONE', *, *, #828, .F. ) ;
#271 = COORDINATED_UNIVERSAL_TIME_OFFSET ( 8, 0, .BEHIND. ) ;
#272 = DIRECTION ( 'NONE',  ( -0.000000000000000000, -1.000000000000000000, -0.000000000000000000 ) ) ;
#273 = VERTEX_POINT ( 'NONE', #2368 ) ;
#274 = CONTEXT_DEPENDENT_SHAPE_REPRESENTATION ( #1687, #1194 ) ;
#275 = DIRECTION ( 'NONE',  ( 0.000000000000000000, 0.000000000000000000, -1.000000000000000000 ) ) ;
#276 = APPROVAL_DATE_TIME ( #2419, #2258 ) ;
#277 = APPROVAL ( #2670, 'UNKNOWN' ) ;
#278 = LINE ( 'NONE', #3036, #289 ) ;
#279 = DIRECTION ( 'NONE',  ( 0.000000000000000000, 0.000000000000000000, 1.000000000000000000 ) ) ;
#280 = EDGE_CURVE ( 'NONE', #273, #3290, #3013, .T. ) ;
#281 = ORIENTED_EDGE ( 'NONE', *, *, #1431, .F. ) ;
#282 = CARTESIAN_POINT ( 'NONE',  ( 0.000000000000000000, 8.367399255174292290E-17, -0.4555000000000001825 ) ) ;
#283 = CIRCLE ( 'NONE', #3239, 0.4550000000000005151 ) ;
#284 = AXIS2_PLACEMENT_3D ( 'NONE', #3421, #3405, #967 ) ;
#285 = EDGE_CURVE ( 'NONE', #2084, #2612, #2165, .T. ) ;
#286 = ORIENTED_EDGE ( 'NONE', *, *, #944, .T. ) ;
#287 = PERSON_AND_ORGANIZATION ( #2065, #3026 ) ;
#288 = ORIENTED_EDGE ( 'NONE', *, *, #1673, .F. ) ;
#289 = VECTOR ( 'NONE', #2709, 1000.000000000000000 ) ;
#290 = AXIS2_PLACEMENT_3D ( 'NONE', #2617, #1011, #2132 ) ;
#291 = PERSON_AND_ORGANIZATION ( #2273, #3437 ) ;
#292 = CIRCLE ( 'NONE', #186, 0.4555000000000001825 ) ;
#293 = CARTESIAN_POINT ( 'NONE',  ( 13.43245953573905638, 2.500000000000000000, -9.303359931070652067 ) ) ;
#294 = LOCAL_TIME ( 17, 6, 26.00000000000000000, #2641 ) ;
#295 = VECTOR ( 'NONE', #2366, 1000.000000000000000 ) ;
#296 = CC_DESIGN_DATE_AND_TIME_ASSIGNMENT ( #1849, #1621, ( #22 ) ) ;
#297 = CIRCLE ( 'NONE', #532, 0.4550000000000005151 ) ;
#298 = CARTESIAN_POINT ( 'NONE',  ( 9.432459535739056378, 2.500000000000000000, -5.303359931070652067 ) ) ;
#299 = DIRECTION ( 'NONE',  ( -0.000000000000000000, 1.000000000000000000, -0.000000000000000000 ) ) ;
#300 = VECTOR ( 'NONE', #1312, 1000.000000000000000 ) ;
#301 = ORIENTED_EDGE ( 'NONE', *, *, #749, .F. ) ;
#302 = CARTESIAN_POINT ( 'NONE',  ( 11.45993912293655015, 8.342510335299722968, 11.19249832950654522 ) ) ;
#303 = ORIENTED_EDGE ( 'NONE', *, *, #2432, .T. ) ;
#304 = SECURITY_CLASSIFICATION ( '', '', #2147 ) ;
#305 = DIRECTION ( 'NONE',  ( -0.000000000000000000, 1.000000000000000000, -0.000000000000000000 ) ) ;
#306 = EDGE_CURVE ( 'NONE', #955, #83, #3250, .T. ) ;
#307 = LOCAL_TIME ( 17, 6, 26.00000000000000000, #2805 ) ;
#308 = ORIENTED_EDGE ( 'NONE', *, *, #1064, .F. ) ;
#309 =( REPRESENTATION_RELATIONSHIP ('NONE','NONE', #1987, #2621 ) REPRESENTATION_RELATIONSHIP_WITH_TRANSFORMATION ( #3352 )SHAPE_REPRESENTATION_RELATIONSHIP( ) );
#310 = COORDINATED_UNIVERSAL_TIME_OFFSET ( 8, 0, .BEHIND. ) ;
#311 = EDGE_CURVE ( 'NONE', #50, #3172, #3454, .T. ) ;
#312 = ORIENTED_EDGE ( 'NONE', *, *, #1958, .F. ) ;
#313 = DATE_AND_TIME ( #914, #3364 ) ;
#314 = LINE ( 'NONE', #2000, #1323 ) ;
#315 = SHAPE_DEFINITION_REPRESENTATION ( #2706, #2621 ) ;
#316 = FACE_OUTER_BOUND ( 'NONE', #2363, .T. ) ;
#317 = FACE_BOUND ( 'NONE', #1848, .T. ) ;
#318 = ORIENTED_EDGE ( 'NONE', *, *, #2138, .F. ) ;
#319 = ORIENTED_EDGE ( 'NONE', *, *, #3414, .F. ) ;
#320 = CARTESIAN_POINT ( 'NONE',  ( 1.432459535739056156, 5.786934341759518929, -9.303359931070652067 ) ) ;
#321 = EDGE_LOOP ( 'NONE', ( #1281, #1015, #1471, #1707 ) ) ;
#322 = APPROVAL ( #1951, 'UNKNOWN' ) ;
#323 = FACE_OUTER_BOUND ( 'NONE', #1032, .T. ) ;
#324 = ORIENTED_EDGE ( 'NONE', *, *, #1895, .F. ) ;
#325 = COORDINATED_UNIVERSAL_TIME_OFFSET ( 8, 0, .BEHIND. ) ;
#326 = EDGE_CURVE ( 'NONE', #595, #1713, #2099, .T. ) ;
#327 = ITEM_DEFINED_TRANSFORMATION ( 'NONE', 'NONE', #357,  #2454 ) ;
#328 = DIRECTION ( 'NONE',  ( 0.000000000000000000, -1.000000000000000000, 0.000000000000000000 ) ) ;
#329 = FACE_BOUND ( 'NONE', #395, .T. ) ;
#330 = VERTEX_POINT ( 'NONE', #772 ) ;
#331 = DIRECTION ( 'NONE',  ( 0.000000000000000000, 0.000000000000000000, 1.000000000000000000 ) ) ;
#332 = ORIENTED_EDGE ( 'NONE', *, *, #2692, .T. ) ;
#333 = DIRECTION ( 'NONE',  ( 0.000000000000000000, -1.000000000000000000, 0.000000000000000000 ) ) ;
#334 = ORIENTED_EDGE ( 'NONE', *, *, #3273, .T. ) ;
#335 = APPROVAL_DATE_TIME ( #38, #2277 ) ;
#336 = AXIS2_PLACEMENT_3D ( 'NONE', #376, #333, #1455 ) ;
#337 = PRODUCT_DEFINITION_SHAPE ( 'NONE', 'NONE',  #3510 ) ;
#338 = ORIENTED_EDGE ( 'NONE', *, *, #438, .F. ) ;
#339 = DATE_AND_TIME ( #2230, #1892 ) ;
#340 = AXIS2_PLACEMENT_3D ( 'NONE', #1820, #2900, #2578 ) ;
#341 = EDGE_CURVE ( 'NONE', #1959, #2243, #3207, .T. ) ;
#342 = CARTESIAN_POINT ( 'NONE',  ( 17.43245953573905638, 5.786934341759518929, -1.303359931070651179 ) ) ;
#343 = DATE_TIME_ROLE ( 'classification_date' ) ;
#344 = CYLINDRICAL_SURFACE ( 'NONE', #345, 0.4550000000000005151 ) ;
#345 = AXIS2_PLACEMENT_3D ( 'NONE', #1227, #3380, #2546 ) ;
#346 = EDGE_CURVE ( 'NONE', #3172, #2158, #2845, .T. ) ;
#347 = LINE ( 'NONE', #900, #2619 ) ;
#348 = VECTOR ( 'NONE', #1924, 1000.000000000000000 ) ;
#349 = ORIENTED_EDGE ( 'NONE', *, *, #419, .F. ) ;
#350 = CARTESIAN_POINT ( 'NONE',  ( 3.459939122936550149, 8.342510335299722968, 19.19249832950654522 ) ) ;
#351 = AXIS2_PLACEMENT_3D ( 'NONE', #2530, #2834, #1485 ) ;
#352 = ORIENTED_EDGE ( 'NONE', *, *, #88, .F. ) ;
#353 = DIRECTION ( 'NONE',  ( 0.000000000000000000, 0.000000000000000000, -1.000000000000000000 ) ) ;
#354 = AXIS2_PLACEMENT_3D ( 'NONE', #302, #3190, #1115 ) ;
#355 = CC_DESIGN_APPROVAL ( #1807, ( #1601 ) ) ;
#356 = CIRCLE ( 'NONE', #131, 0.4550000000000005151 ) ;
#357 = AXIS2_PLACEMENT_3D ( 'NONE', #1631, #2219, #1018 ) ;
#358 = EDGE_LOOP ( 'NONE', ( #1906, #1908, #1818, #1877 ) ) ;
#359 = APPROVAL_PERSON_ORGANIZATION ( #3427, #769, #396 ) ;
#360 = PERSON_AND_ORGANIZATION_ROLE ( 'classification_officer' ) ;
#361 = APPROVAL_PERSON_ORGANIZATION ( #845, #3371, #1926 ) ;
#362 = CC_DESIGN_SECURITY_CLASSIFICATION ( #3378, ( #3513 ) ) ;
#363 = DIRECTION ( 'NONE',  ( -0.000000000000000000, -1.000000000000000000, -0.000000000000000000 ) ) ;
#364 = VERTEX_POINT ( 'NONE', #581 ) ;
#365 = APPROVAL_ROLE ( '' ) ;
#366 = DIRECTION ( 'NONE',  ( 0.000000000000000000, 0.000000000000000000, -1.000000000000000000 ) ) ;
#367 = CALENDAR_DATE ( 2026, 13, 9 ) ;
#368 = PERSON ( 'NAUO-PER8', 'UNSPECIFIED', 'UNSPECIFIED', ('UNSPECIFIED'), ('UNSPECIFIED'), ('UNSPECIFIED') ) ;
#369 = DIRECTION ( 'NONE',  ( -0.000000000000000000, 1.000000000000000000, -0.000000000000000000 ) ) ;
#370 = CC_DESIGN_PERSON_AND_ORGANIZATION_ASSIGNMENT ( #3051, #3379, ( #2126 ) ) ;
#371 = FACE_BOUND ( 'NONE', #2369, .T. ) ;
#372 = ORIENTED_EDGE ( 'NONE', *, *, #393, .F. ) ;
#373 = CARTESIAN_POINT ( 'NONE',  ( 3.459939122936550149, 8.342510335299722968, 15.19249832950654522 ) ) ;
#374 = ORIENTED_EDGE ( 'NONE', *, *, #2045, .T. ) ;
#375 = EDGE_CURVE ( 'NONE', #1590, #565, #278, .T. ) ;
#376 = CARTESIAN_POINT ( 'NONE',  ( 5.432459535739056378, 2.500000000000000000, -13.30335993107065207 ) ) ;
#377 = ORIENTED_EDGE ( 'NONE', *, *, #1522, .T. ) ;
#378 = DATE_AND_TIME ( #611, #593 ) ;
#379 = CARTESIAN_POINT ( 'NONE',  ( 5.432459535739056378, 5.786934341759518929, -17.30335993107065207 ) ) ;
#380 = ORIENTED_EDGE ( 'NONE', *, *, #2375, .T. ) ;
#381 = APPROVAL_DATE_TIME ( #1162, #1120 ) ;
#382 = CARTESIAN_POINT ( 'NONE',  ( 20.00000000000000000, 2.500000000000000000, 0.000000000000000000 ) ) ;
#383 = APPROVAL_ROLE ( '' ) ;
#384 = DIRECTION ( 'NONE',  ( 0.000000000000000000, 0.000000000000000000, -1.000000000000000000 ) ) ;
#385 = CARTESIAN_POINT ( 'NONE',  ( 5.432459535739056378, 4.500000000000000888, -5.303359931070652067 ) ) ;
#386 = ORIENTED_EDGE ( 'NONE', *, *, #1895, .T. ) ;
#387 = DIRECTION ( 'NONE',  ( 0.000000000000000000, 0.000000000000000000, 1.000000000000000000 ) ) ;
#388 = EDGE_LOOP ( 'NONE', ( #662, #2487 ) ) ;
#389 = FACE_OUTER_BOUND ( 'NONE', #1007, .T. ) ;
#390 = EDGE_CURVE ( 'NONE', #849, #29, #3139, .T. ) ;
#391 = VERTEX_POINT ( 'NONE', #602 ) ;
#392 = DIRECTION ( 'NONE',  ( -0.000000000000000000, -1.000000000000000000, -0.000000000000000000 ) ) ;
#393 = EDGE_CURVE ( 'NONE', #3181, #2986, #2237, .T. ) ;
#394 = DIRECTION ( 'NONE',  ( 0.000000000000000000, 0.000000000000000000, -1.000000000000000000 ) ) ;
#395 = EDGE_LOOP ( 'NONE', ( #903, #1178 ) ) ;
#396 = APPROVAL_ROLE ( '' ) ;
#397 = CARTESIAN_POINT ( 'NONE',  ( 13.43245953573905638, 2.500000000000000000, -9.303359931070652067 ) ) ;
#398 = LINE ( 'NONE', #3052, #1836 ) ;
#399 = VECTOR ( 'NONE', #776, 1000.000000000000000 ) ;
#400 = PERSON ( 'NAUO-PER26', 'UNSPECIFIED', 'UNSPECIFIED', ('UNSPECIFIED'), ('UNSPECIFIED'), ('UNSPECIFIED') ) ;
#401 = FACE_OUTER_BOUND ( 'NONE', #1461, .T. ) ;
#402 = DIRECTION ( 'NONE',  ( 0.000000000000000000, 1.000000000000000000, 0.000000000000000000 ) ) ;
#403 = CARTESIAN_POINT ( 'NONE',  ( 13.43245953573905638, 4.500000000000000888, -9.758359931070652138 ) ) ;
#404 = AXIS2_PLACEMENT_3D ( 'NONE', #1773, #3335, #2515 ) ;
#405 = LINE ( 'NONE', #2315, #3064 ) ;
#406 = VECTOR ( 'NONE', #2344, 1000.000000000000000 ) ;
#407 = EDGE_LOOP ( 'NONE', ( #889, #2378, #758, #2549 ) ) ;
#408 = COORDINATED_UNIVERSAL_TIME_OFFSET ( 8, 0, .BEHIND. ) ;
#409 = VECTOR ( 'NONE', #1712, 1000.000000000000000 ) ;
#410 = DIRECTION ( 'NONE',  ( -0.000000000000000000, -1.000000000000000000, -0.000000000000000000 ) ) ;
#411 = SECURITY_CLASSIFICATION ( '', '', #2759 ) ;
#412 = CIRCLE ( 'NONE', #2349, 0.4550000000000001266 ) ;
#413 = EDGE_CURVE ( 'NONE', #1860, #993, #1917, .T. ) ;
#414 = CARTESIAN_POINT ( 'NONE',  ( 5.432459535739056378, 4.500000000000000888, -13.30335993107065207 ) ) ;
#415 = VECTOR ( 'NONE', #2849, 1000.000000000000000 ) ;
#416 = SECURITY_CLASSIFICATION ( '', '', #1737 ) ;
#417 = CARTESIAN_POINT ( 'NONE',  ( 20.00000000000000000, 2.500000000000000000, 0.000000000000000000 ) ) ;
#418 = ORIENTED_EDGE ( 'NONE', *, *, #915, .F. ) ;
#419 = EDGE_CURVE ( 'NONE', #89, #50, #3248, .T. ) ;
#420 = SECURITY_CLASSIFICATION ( '', '', #2983 ) ;
#421 = ORGANIZATION ( 'NAUO-ORG25', 'UNSPECIFIED', 'UNSPECIFIED' ) ;
#422 = DIRECTION ( 'NONE',  ( 0.000000000000000000, -1.000000000000000000, 0.000000000000000000 ) ) ;
#423 = DATE_AND_TIME ( #2343, #481 ) ;
#424 = CARTESIAN_POINT ( 'NONE',  ( 13.43245953573905638, 4.500000000000000888, -1.303359931070651179 ) ) ;
#425 =( REPRESENTATION_RELATIONSHIP ('NONE','NONE', #1987, #2621 ) REPRESENTATION_RELATIONSHIP_WITH_TRANSFORMATION ( #1539 )SHAPE_REPRESENTATION_RELATIONSHIP( ) );
#426 = DIRECTION ( 'NONE',  ( 0.000000000000000000, -1.000000000000000000, 0.000000000000000000 ) ) ;
#427 = APPROVAL_STATUS ( 'not_yet_approved' ) ;
#428 = DIRECTION ( 'NONE',  ( 0.000000000000000000, 0.000000000000000000, -1.000000000000000000 ) ) ;
#429 = CARTESIAN_POINT ( 'NONE',  ( 13.43245953573905638, 2.500000000000000000, -1.758359931070651250 ) ) ;
#430 = ORIENTED_EDGE ( 'NONE', *, *, #2283, .T. ) ;
#431 = CALENDAR_DATE ( 2026, 13, 9 ) ;
#432 = DIRECTION ( 'NONE',  ( 0.000000000000000000, 0.000000000000000000, -1.000000000000000000 ) ) ;
#433 = CYLINDRICAL_SURFACE ( 'NONE', #2728, 0.4550000000000001266 ) ;
#434 = DIRECTION ( 'NONE',  ( 0.000000000000000000, -1.000000000000000000, 0.000000000000000000 ) ) ;
#435 = CC_DESIGN_DATE_AND_TIME_ASSIGNMENT ( #2251, #1755, ( #2628 ) ) ;
#436 = EDGE_LOOP ( 'NONE', ( #3044, #66, #2882, #1585 ) ) ;
#437 = DIRECTION ( 'NONE',  ( 0.000000000000000000, 0.000000000000000000, -1.000000000000000000 ) ) ;
#438 = EDGE_CURVE ( 'NONE', #493, #3337, #179, .T. ) ;
#439 = ADVANCED_FACE ( 'NONE', ( #316 ), #1100, .F. ) ;
#440 = DIRECTION ( 'NONE',  ( 0.000000000000000000, 0.000000000000000000, -1.000000000000000000 ) ) ;
#441 = CARTESIAN_POINT ( 'NONE',  ( 9.432459535739056378, 2.500000000000000000, -12.84835993107065200 ) ) ;
#442 = EDGE_CURVE ( 'NONE', #1597, #1324, #561, .T. ) ;
#443 = DIRECTION ( 'NONE',  ( 0.000000000000000000, 0.000000000000000000, 1.000000000000000000 ) ) ;
#444 = ORIENTED_EDGE ( 'NONE', *, *, #1127, .F. ) ;
#445 = VERTEX_POINT ( 'NONE', #2431 ) ;
#446 = COORDINATED_UNIVERSAL_TIME_OFFSET ( 8, 0, .BEHIND. ) ;
#447 = CARTESIAN_POINT ( 'NONE',  ( 19.99999999999999645, 0.000000000000000000, 0.000000000000000000 ) ) ;
#448 = FACE_BOUND ( 'NONE', #388, .T. ) ;
#449 = DIRECTION ( 'NONE',  ( 0.000000000000000000, 0.000000000000000000, -1.000000000000000000 ) ) ;
#450 = VERTEX_POINT ( 'NONE', #1112 ) ;
#451 = CC_DESIGN_PERSON_AND_ORGANIZATION_ASSIGNMENT ( #1268, #3102, ( #2411 ) ) ;
#452 = CARTESIAN_POINT ( 'NONE',  ( 13.43245953573905638, 5.786934341759518929, -5.303359931070652067 ) ) ;
#453 = ORIENTED_EDGE ( 'NONE', *, *, #549, .T. ) ;
#454 = PERSON_AND_ORGANIZATION ( #1931, #3310 ) ;
#455 = CYLINDRICAL_SURFACE ( 'NONE', #1889, 0.4550000000000005151 ) ;
#456 = CIRCLE ( 'NONE', #2776, 0.4550000000000005151 ) ;
#457 = EDGE_CURVE ( 'NONE', #1078, #1295, #633, .T. ) ;
#458 = CARTESIAN_POINT ( 'NONE',  ( 1.432459535739056156, 5.786934341759518929, -1.303359931070651179 ) ) ;
#459 = PERSON_AND_ORGANIZATION ( #2273, #3437 ) ;
#460 = CARTESIAN_POINT ( 'NONE',  ( 1.432459535739056156, 5.786934341759518929, -5.758359931070652138 ) ) ;
#461 = AXIS2_PLACEMENT_3D ( 'NONE', #1340, #2450, #1354 ) ;
#462 = EDGE_CURVE ( 'NONE', #3001, #2951, #2906, .T. ) ;
#463 = VECTOR ( 'NONE', #1565, 1000.000000000000000 ) ;
#464 = EDGE_LOOP ( 'NONE', ( #1331, #1993, #1267, #1555 ) ) ;
#465 = DIRECTION ( 'NONE',  ( -0.000000000000000000, 1.000000000000000000, -0.000000000000000000 ) ) ;
#466 = VECTOR ( 'NONE', #1813, 1000.000000000000000 ) ;
#467 = CARTESIAN_POINT ( 'NONE',  ( 0.000000000000000000, 2.500000000000000000, -19.99999999999999645 ) ) ;
#468 = CYLINDRICAL_SURFACE ( 'NONE', #1605, 0.4550000000000005151 ) ;
#469 = ORIENTED_EDGE ( 'NONE', *, *, #773, .F. ) ;
#470 = CC_DESIGN_SECURITY_CLASSIFICATION ( #1271, ( #3504 ) ) ;
#471 = CIRCLE ( 'NONE', #1840, 2.000000000000000000 ) ;
#472 = VECTOR ( 'NONE', #1476, 1000.000000000000000 ) ;
#473 = CC_DESIGN_APPROVAL ( #1188, ( #2232 ) ) ;
#474 = CIRCLE ( 'NONE', #2625, 2.000000000000000000 ) ;
#475 = CARTESIAN_POINT ( 'NONE',  ( 22.00000000000000000, 4.500000000000000888, -19.99999999999999645 ) ) ;
#476 = ORIENTED_EDGE ( 'NONE', *, *, #1353, .F. ) ;
#477 = COORDINATED_UNIVERSAL_TIME_OFFSET ( 8, 0, .BEHIND. ) ;
#478 = CC_DESIGN_APPROVAL ( #3371, ( #420 ) ) ;
#479 = CARTESIAN_POINT ( 'NONE',  ( 1.432459535739056156, 4.500000000000000888, -1.303359931070651179 ) ) ;
#480 = SECURITY_CLASSIFICATION ( '', '', #1223 ) ;
#481 = LOCAL_TIME ( 17, 6, 26.00000000000000000, #2109 ) ;
#482 = DIRECTION ( 'NONE',  ( 0.000000000000000000, 0.000000000000000000, 1.000000000000000000 ) ) ;
#483 = PERSON_AND_ORGANIZATION ( #2273, #3437 ) ;
#484 = CC_DESIGN_PERSON_AND_ORGANIZATION_ASSIGNMENT ( #833, #1099, ( #844 ) ) ;
#485 = DIRECTION ( 'NONE',  ( 0.000000000000000000, 0.000000000000000000, -1.000000000000000000 ) ) ;
#486 = EDGE_CURVE ( 'NONE', #913, #1955, #1709, .T. ) ;
#487 = EDGE_LOOP ( 'NONE', ( #2898, #2908, #2340, #982 ) ) ;
#488 = CYLINDRICAL_SURFACE ( 'NONE', #572, 0.4550000000000005151 ) ;
#489 = FACE_BOUND ( 'NONE', #146, .T. ) ;
#490 = ORIENTED_EDGE ( 'NONE', *, *, #2458, .T. ) ;
#491 = COORDINATED_UNIVERSAL_TIME_OFFSET ( 8, 0, .BEHIND. ) ;
#492 = APPLICATION_CONTEXT ( 'configuration controlled 3d designs of mechanical parts and assemblies' ) ;
#493 = VERTEX_POINT ( 'NONE', #2749 ) ;
#494 = LINE ( 'NONE', #716, #1717 ) ;
#495 = FACE_BOUND ( 'NONE', #3226, .T. ) ;
#496 = PERSON ( 'NAUO-PER16', 'UNSPECIFIED', 'UNSPECIFIED', ('UNSPECIFIED'), ('UNSPECIFIED'), ('UNSPECIFIED') ) ;
#497 = PERSON_AND_ORGANIZATION ( #2273, #3437 ) ;
#498 = DIRECTION ( 'NONE',  ( 0.000000000000000000, 0.000000000000000000, 1.000000000000000000 ) ) ;
#499 = APPROVAL ( #2305, 'UNKNOWN' ) ;
#500 = ORIENTED_EDGE ( 'NONE', *, *, #1197, .T. ) ;
#501 = CARTESIAN_POINT ( 'NONE',  ( 5.432459535739056378, 4.500000000000000888, -1.303359931070651179 ) ) ;
#502 = EDGE_CURVE ( 'NONE', #675, #1324, #3301, .T. ) ;
#503 = FACE_BOUND ( 'NONE', #63, .T. ) ;
#504 = ORIENTED_EDGE ( 'NONE', *, *, #341, .F. ) ;
#505 = SECURITY_CLASSIFICATION_LEVEL ( 'unclassified' ) ;
#506 = EDGE_CURVE ( 'NONE', #1634, #1572, #3359, .T. ) ;
#507 = CYLINDRICAL_SURFACE ( 'NONE', #3198, 0.4550000000000001266 ) ;
#508 = ORIENTED_EDGE ( 'NONE', *, *, #442, .T. ) ;
#509 = ITEM_DEFINED_TRANSFORMATION ( 'NONE', 'NONE', #584,  #2454 ) ;
#510 = DIRECTION ( 'NONE',  ( 0.000000000000000000, 0.000000000000000000, 1.000000000000000000 ) ) ;
#511 = CALENDAR_DATE ( 2026, 13, 9 ) ;
#512 = VECTOR ( 'NONE', #904, 1000.000000000000000 ) ;
#513 = FACE_OUTER_BOUND ( 'NONE', #719, .T. ) ;
#514 = AXIS2_PLACEMENT_3D ( 'NONE', #2761, #1664, #42 ) ;
#515 = ORIENTED_EDGE ( 'NONE', *, *, #2195, .F. ) ;
#516 = VECTOR ( 'NONE', #2257, 1000.000000000000000 ) ;
#517 = DIRECTION ( 'NONE',  ( -0.000000000000000000, -1.000000000000000000, -0.000000000000000000 ) ) ;
#518 = ORIENTED_EDGE ( 'NONE', *, *, #1350, .F. ) ;
#519 = COORDINATED_UNIVERSAL_TIME_OFFSET ( 8, 0, .BEHIND. ) ;
#520 = ADVANCED_FACE ( 'NONE', ( #45 ), #3285, .F. ) ;
#521 = AXIS2_PLACEMENT_3D ( 'NONE', #1952, #3254, #2696 ) ;
#522 = APPROVAL_PERSON_ORGANIZATION ( #2488, #3193, #105 ) ;
#523 = DIRECTION ( 'NONE',  ( -0.000000000000000000, -1.000000000000000000, -0.000000000000000000 ) ) ;
#524 = AXIS2_PLACEMENT_3D ( 'NONE', #732, #2096, #1541 ) ;
#525 = VERTEX_POINT ( 'NONE', #1964 ) ;
#526 = CALENDAR_DATE ( 2026, 13, 9 ) ;
#527 = EDGE_CURVE ( 'NONE', #2424, #2765, #3476, .T. ) ;
#528 = AXIS2_PLACEMENT_3D ( 'NONE', #397, #422, #744 ) ;
#529 = LOCAL_TIME ( 17, 6, 26.00000000000000000, #2038 ) ;
#530 = AXIS2_PLACEMENT_3D ( 'NONE', #467, #2723, #1292 ) ;
#531 = CARTESIAN_POINT ( 'NONE',  ( 0.000000000000000000, -0.000000000000000000, -22.00000000000000000 ) ) ;
#532 = AXIS2_PLACEMENT_3D ( 'NONE', #2050, #434, #1252 ) ;
#533 = LOCAL_TIME ( 17, 6, 26.00000000000000000, #939 ) ;
#534 = DATE_AND_TIME ( #1397, #1901 ) ;
#535 = CARTESIAN_POINT ( 'NONE',  ( 9.432459535739056378, 5.786934341759518929, -16.84835993107065022 ) ) ;
#536 = SECURITY_CLASSIFICATION ( '', '', #2864 ) ;
#537 = VERTEX_POINT ( 'NONE', #1076 ) ;
#538 = CARTESIAN_POINT ( 'NONE',  ( 7.459939122936550149, 8.342510335299722968, 19.19249832950654522 ) ) ;
#539 = ORIENTED_EDGE ( 'NONE', *, *, #1155, .T. ) ;
#540 = DIRECTION ( 'NONE',  ( 0.000000000000000000, -1.000000000000000000, 0.000000000000000000 ) ) ;
#541 = PERSON ( 'NAUO-PER19', 'UNSPECIFIED', 'UNSPECIFIED', ('UNSPECIFIED'), ('UNSPECIFIED'), ('UNSPECIFIED') ) ;
#542 = VERTEX_POINT ( 'NONE', #2164 ) ;
#543 = APPROVAL_STATUS ( 'not_yet_approved' ) ;
#544 = APPROVAL ( #997, 'UNKNOWN' ) ;
#545 = DIRECTION ( 'NONE',  ( -0.000000000000000000, -1.000000000000000000, -0.000000000000000000 ) ) ;
#546 = ORIENTED_EDGE ( 'NONE', *, *, #775, .F. ) ;
#547 = COORDINATED_UNIVERSAL_TIME_OFFSET ( 8, 0, .BEHIND. ) ;
#548 =( REPRESENTATION_RELATIONSHIP ('NONE','NONE', #1987, #2621 ) REPRESENTATION_RELATIONSHIP_WITH_TRANSFORMATION ( #2437 )SHAPE_REPRESENTATION_RELATIONSHIP( ) );
#549 = EDGE_CURVE ( 'NONE', #445, #1620, #2958, .T. ) ;
#550 = CARTESIAN_POINT ( 'NONE',  ( 1.432459535739056156, 5.786934341759518929, -9.303359931070652067 ) ) ;
#551 = APPROVAL_STATUS ( 'not_yet_approved' ) ;
#552 = DIRECTION ( 'NONE',  ( -0.000000000000000000, 1.000000000000000000, -0.000000000000000000 ) ) ;
#553 = DIRECTION ( 'NONE',  ( 0.000000000000000000, 0.000000000000000000, 1.000000000000000000 ) ) ;
#554 = VERTEX_POINT ( 'NONE', #3109 ) ;
#555 = DIRECTION ( 'NONE',  ( 0.000000000000000000, 0.000000000000000000, -1.000000000000000000 ) ) ;
#556 = ORIENTED_EDGE ( 'NONE', *, *, #142, .T. ) ;
#557 = EDGE_LOOP ( 'NONE', ( #1161, #1686 ) ) ;
#558 = PERSON_AND_ORGANIZATION_ROLE ( 'classification_officer' ) ;
#559 = LINE ( 'NONE', #531, #2570 ) ;
#560 = COORDINATED_UNIVERSAL_TIME_OFFSET ( 8, 0, .BEHIND. ) ;
#561 = LINE ( 'NONE', #1615, #917 ) ;
#562 = EDGE_CURVE ( 'NONE', #3018, #3061, #2004, .T. ) ;
#563 = CARTESIAN_POINT ( 'NONE',  ( 0.000000000000000000, 4.500000000000000888, -22.00000000000000000 ) ) ;
#564 = ORIENTED_EDGE ( 'NONE', *, *, #1629, .T. ) ;
#565 = VERTEX_POINT ( 'NONE', #2586 ) ;
#566 = EDGE_CURVE ( 'NONE', #1620, #1581, #1980, .T. ) ;
#567 = CYLINDRICAL_SURFACE ( 'NONE', #2227, 0.4550000000000001266 ) ;
#568 = AXIS2_PLACEMENT_3D ( 'NONE', #890, #3308, #3076 ) ;
#569 = AXIS2_PLACEMENT_3D ( 'NONE', #2634, #465, #432 ) ;
#570 = EDGE_LOOP ( 'NONE', ( #469, #2596, #377 ) ) ;
#571 = SECURITY_CLASSIFICATION_LEVEL ( 'unclassified' ) ;
#572 = AXIS2_PLACEMENT_3D ( 'NONE', #1887, #2971, #3212 ) ;
#573 = CIRCLE ( 'NONE', #2395, 0.4550000000000001266 ) ;
#574 = LINE ( 'NONE', #841, #348 ) ;
#575 = ORIENTED_EDGE ( 'NONE', *, *, #1127, .T. ) ;
#576 = CIRCLE ( 'NONE', #1031, 0.4550000000000005151 ) ;
#577 = VECTOR ( 'NONE', #1672, 1000.000000000000000 ) ;
#578 = AXIS2_PLACEMENT_3D ( 'NONE', #2657, #2379, #3482 ) ;
#579 = CALENDAR_DATE ( 2026, 13, 9 ) ;
#580 = VECTOR ( 'NONE', #2991, 1000.000000000000000 ) ;
#581 = CARTESIAN_POINT ( 'NONE',  ( 22.00000000000000000, 0.000000000000000000, -19.99999999999999645 ) ) ;
#582 = CC_DESIGN_APPROVAL ( #277, ( #189 ) ) ;
#583 = AXIS2_PLACEMENT_3D ( 'NONE', #2372, #725, #2385 ) ;
#584 = AXIS2_PLACEMENT_3D ( 'NONE', #850, #1452, #2041 ) ;
#585 = LOCAL_TIME ( 17, 6, 26.00000000000000000, #1196 ) ;
#586 = DIRECTION ( 'NONE',  ( 0.000000000000000000, -0.000000000000000000, -1.000000000000000000 ) ) ;
#587 = VECTOR ( 'NONE', #2959, 1000.000000000000000 ) ;
#588 = CC_DESIGN_PERSON_AND_ORGANIZATION_ASSIGNMENT ( #3284, #2429, ( #2532 ) ) ;
#589 = ORIENTED_EDGE ( 'NONE', *, *, #1439, .T. ) ;
#590 = EDGE_LOOP ( 'NONE', ( #2786, #3054 ) ) ;
#591 = LOCAL_TIME ( 17, 6, 26.00000000000000000, #2780 ) ;
#592 = DIRECTION ( 'NONE',  ( -0.000000000000000000, -1.000000000000000000, -0.000000000000000000 ) ) ;
#593 = LOCAL_TIME ( 17, 6, 26.00000000000000000, #840 ) ;
#594 = EDGE_CURVE ( 'NONE', #3337, #493, #1649, .T. ) ;
#595 = VERTEX_POINT ( 'NONE', #1740 ) ;
#596 = APPROVAL_ROLE ( '' ) ;
#597 = DIRECTION ( 'NONE',  ( -0.000000000000000000, 1.000000000000000000, -0.000000000000000000 ) ) ;
#598 = ORIENTED_EDGE ( 'NONE', *, *, #1505, .T. ) ;
#599 = DATE_AND_TIME ( #3049, #2678 ) ;
#600 = DIRECTION ( 'NONE',  ( 0.000000000000000000, 0.000000000000000000, -1.000000000000000000 ) ) ;
#601 = DATE_AND_TIME ( #367, #307 ) ;
#602 = CARTESIAN_POINT ( 'NONE',  ( 1.165344664968704480, 0.000000000000000000, 0.000000000000000000 ) ) ;
#603 =( REPRESENTATION_RELATIONSHIP ('NONE','NONE', #1987, #2621 ) REPRESENTATION_RELATIONSHIP_WITH_TRANSFORMATION ( #509 )SHAPE_REPRESENTATION_RELATIONSHIP( ) );
#604 = FACE_OUTER_BOUND ( 'NONE', #1394, .T. ) ;
#605 = ORIENTED_EDGE ( 'NONE', *, *, #680, .T. ) ;
#606 =( NAMED_UNIT ( * ) PLANE_ANGLE_UNIT ( ) SI_UNIT ( $, .RADIAN. ) );
#607 = EDGE_LOOP ( 'NONE', ( #518, #1344, #2555, #564 ) ) ;
#608 = CARTESIAN_POINT ( 'NONE',  ( 19.99999999999999645, 4.500000000000000888, 0.000000000000000000 ) ) ;
#609 = CC_DESIGN_DATE_AND_TIME_ASSIGNMENT ( #983, #1233, ( #2411 ) ) ;
#610 = ORIENTED_EDGE ( 'NONE', *, *, #2001, .F. ) ;
#611 = CALENDAR_DATE ( 2026, 13, 9 ) ;
#612 = ADVANCED_FACE ( 'NONE', ( #636 ), #2022, .F. ) ;
#613 = CARTESIAN_POINT ( 'NONE',  ( 5.432459535739056378, 5.786934341759518929, -16.84835993107065022 ) ) ;
#614 = ORIENTED_EDGE ( 'NONE', *, *, #1410, .T. ) ;
#615 = PERSON_AND_ORGANIZATION_ROLE ( 'classification_officer' ) ;
#616 = EDGE_CURVE ( 'NONE', #1358, #180, #3422, .T. ) ;
#617 = CARTESIAN_POINT ( 'NONE',  ( 0.000000000000000000, 0.000000000000000000, 0.000000000000000000 ) ) ;
#618 = DATE_AND_TIME ( #942, #591 ) ;
#619 = LINE ( 'NONE', #1447, #1142 ) ;
#620 = CARTESIAN_POINT ( 'NONE',  ( 5.432459535739056378, 2.500000000000000000, -5.758359931070652138 ) ) ;
#621 = ORIENTED_EDGE ( 'NONE', *, *, #280, .F. ) ;
#622 = CARTESIAN_POINT ( 'NONE',  ( -4.540060877063449851, 8.342510335299722968, 19.19249832950654522 ) ) ;
#623 = EDGE_LOOP ( 'NONE', ( #303, #825, #1982, #2383 ) ) ;
#624 = CARTESIAN_POINT ( 'NONE',  ( 9.432459535739056378, 4.500000000000000888, -1.758359931070651250 ) ) ;
#625 = EDGE_LOOP ( 'NONE', ( #753, #1118, #2711, #3271 ) ) ;
#626 = DATE_AND_TIME ( #3027, #2972 ) ;
#627 = CIRCLE ( 'NONE', #685, 0.4550000000000005151 ) ;
#628 = LINE ( 'NONE', #1392, #409 ) ;
#629 = CC_DESIGN_PERSON_AND_ORGANIZATION_ASSIGNMENT ( #1799, #2603, ( #196 ) ) ;
#630 = ORIENTED_EDGE ( 'NONE', *, *, #807, .F. ) ;
#631 = AXIS2_PLACEMENT_3D ( 'NONE', #1319, #2662, #838 ) ;
#632 = DIRECTION ( 'NONE',  ( 0.000000000000000000, 0.000000000000000000, -1.000000000000000000 ) ) ;
#633 = CIRCLE ( 'NONE', #1483, 2.000000000000001776 ) ;
#634 = ADVANCED_FACE ( 'NONE', ( #1465 ), #344, .F. ) ;
#635 = COORDINATED_UNIVERSAL_TIME_OFFSET ( 8, 0, .BEHIND. ) ;
#636 = FACE_OUTER_BOUND ( 'NONE', #625, .T. ) ;
#637 = CIRCLE ( 'NONE', #524, 0.4825586317211317811 ) ;
#638 = CARTESIAN_POINT ( 'NONE',  ( 5.432459535739056378, 5.786934341759518929, -9.303359931070652067 ) ) ;
#639 = AXIS2_PLACEMENT_3D ( 'NONE', #653, #2796, #1442 ) ;
#640 = ORIENTED_EDGE ( 'NONE', *, *, #3273, .F. ) ;
#641 = CIRCLE ( 'NONE', #1491, 0.4550000000000005151 ) ;
#642 = VERTEX_POINT ( 'NONE', #115 ) ;
#643 = CARTESIAN_POINT ( 'NONE',  ( 9.432459535739056378, 2.500000000000000000, -5.758359931070652138 ) ) ;
#644 = VECTOR ( 'NONE', #1768, 1000.000000000000000 ) ;
#645 = ORGANIZATION ( 'NAUO-ORG12', 'UNSPECIFIED', 'UNSPECIFIED' ) ;
#646 = AXIS2_PLACEMENT_3D ( 'NONE', #638, #1728, #2268 ) ;
#647 =( GEOMETRIC_REPRESENTATION_CONTEXT ( 3 ) GLOBAL_UNCERTAINTY_ASSIGNED_CONTEXT ( ( #2171 ) ) GLOBAL_UNIT_ASSIGNED_CONTEXT ( ( #902, #961, #3098 ) ) REPRESENTATION_CONTEXT ( 'NONE', 'WORKASPACE' ) );
#648 = EDGE_LOOP ( 'NONE', ( #2686, #2026 ) ) ;
#649 = APPROVAL_STATUS ( 'not_yet_approved' ) ;
#650 = DATE_TIME_ROLE ( 'classification_date' ) ;
#651 = LOCAL_TIME ( 17, 6, 26.00000000000000000, #635 ) ;
#652 = CYLINDRICAL_SURFACE ( 'NONE', #238, 0.4550000000000001266 ) ;
#653 = CARTESIAN_POINT ( 'NONE',  ( 13.43245953573905638, 4.500000000000000888, -17.30335993107065207 ) ) ;
#654 = EDGE_LOOP ( 'NONE', ( #1288, #1443 ) ) ;
#655 = CALENDAR_DATE ( 2026, 13, 9 ) ;
#656 = APPROVAL ( #2883, 'UNKNOWN' ) ;
#657 = CARTESIAN_POINT ( 'NONE',  ( 17.43245953573905638, 2.500000000000000000, -17.75835993107065391 ) ) ;
#658 = PERSON_AND_ORGANIZATION ( #3217, #138 ) ;
#659 = CARTESIAN_POINT ( 'NONE',  ( 17.43245953573905638, 4.500000000000000888, -5.758359931070652138 ) ) ;
#660 = ADVANCED_FACE ( 'NONE', ( #3411 ), #1428, .F. ) ;
#661 = FACE_BOUND ( 'NONE', #1658, .T. ) ;
#662 = ORIENTED_EDGE ( 'NONE', *, *, #549, .F. ) ;
#663 = VERTEX_POINT ( 'NONE', #2039 ) ;
#664 = CYLINDRICAL_SURFACE ( 'NONE', #173, 0.4550000000000005151 ) ;
#665 = ORIENTED_EDGE ( 'NONE', *, *, #3377, .F. ) ;
#666 = DIRECTION ( 'NONE',  ( -0.000000000000000000, -1.000000000000000000, -0.000000000000000000 ) ) ;
#667 = CARTESIAN_POINT ( 'NONE',  ( 9.432459535739056378, 2.500000000000000000, -9.758359931070652138 ) ) ;
#668 = ORIENTED_EDGE ( 'NONE', *, *, #266, .T. ) ;
#669 = APPROVAL_STATUS ( 'not_yet_approved' ) ;
#670 = FACE_OUTER_BOUND ( 'NONE', #257, .T. ) ;
#671 = COORDINATED_UNIVERSAL_TIME_OFFSET ( 8, 0, .BEHIND. ) ;
#672 = CARTESIAN_POINT ( 'NONE',  ( 9.432459535739056378, 4.500000000000000888, -5.303359931070652067 ) ) ;
#673 =( REPRESENTATION_RELATIONSHIP ('NONE','NONE', #1987, #2621 ) REPRESENTATION_RELATIONSHIP_WITH_TRANSFORMATION ( #2054 )SHAPE_REPRESENTATION_RELATIONSHIP( ) );
#674 = CARTESIAN_POINT ( 'NONE',  ( 1.432459535739056156, 2.500000000000000000, -16.84835993107065022 ) ) ;
#675 = VERTEX_POINT ( 'NONE', #2820 ) ;
#676 = DIRECTION ( 'NONE',  ( 0.000000000000000000, 1.000000000000000000, 0.000000000000000000 ) ) ;
#677 = CC_DESIGN_PERSON_AND_ORGANIZATION_ASSIGNMENT ( #1027, #2895, ( #2410 ) ) ;
#678 = CARTESIAN_POINT ( 'NONE',  ( -2.000000000000000000, 2.500000000000000000, 0.000000000000000000 ) ) ;
#679 = DIRECTION ( 'NONE',  ( 0.000000000000000000, 0.000000000000000000, -1.000000000000000000 ) ) ;
#680 = EDGE_CURVE ( 'NONE', #2128, #364, #3127, .T. ) ;
#681 = ORIENTED_EDGE ( 'NONE', *, *, #486, .F. ) ;
#682 = APPROVAL_ROLE ( '' ) ;
#683 = LINE ( 'NONE', #1788, #1479 ) ;
#684 = CARTESIAN_POINT ( 'NONE',  ( 9.432459535739056378, 2.500000000000000000, -16.84835993107065022 ) ) ;
#685 = AXIS2_PLACEMENT_3D ( 'NONE', #852, #1211, #679 ) ;
#686 = CARTESIAN_POINT ( 'NONE',  ( 22.00000000000000000, 2.500000000000000000, 0.000000000000000000 ) ) ;
#687 = ORIENTED_EDGE ( 'NONE', *, *, #2072, .F. ) ;
#688 = CALENDAR_DATE ( 2026, 13, 9 ) ;
#689 = DIRECTION ( 'NONE',  ( 0.000000000000000000, 0.000000000000000000, -1.000000000000000000 ) ) ;
#690 = CALENDAR_DATE ( 2026, 13, 9 ) ;
#691 = CARTESIAN_POINT ( 'NONE',  ( 22.00000000000000000, 0.000000000000000000, 0.000000000000000000 ) ) ;
#692 = CIRCLE ( 'NONE', #2841, 0.4550000000000005151 ) ;
#693 = DIRECTION ( 'NONE',  ( -1.000000000000000000, -0.000000000000000000, -0.000000000000000000 ) ) ;
#694 = DIRECTION ( 'NONE',  ( 0.000000000000000000, 1.000000000000000000, 0.000000000000000000 ) ) ;
#695 = DIRECTION ( 'NONE',  ( -0.000000000000000000, -1.000000000000000000, -0.000000000000000000 ) ) ;
#696 = FACE_OUTER_BOUND ( 'NONE', #1920, .T. ) ;
#697 = CC_DESIGN_DATE_AND_TIME_ASSIGNMENT ( #1720, #1446, ( #2297 ) ) ;
#698 = VECTOR ( 'NONE', #1017, 1000.000000000000000 ) ;
#699 = ORIENTED_EDGE ( 'NONE', *, *, #1718, .T. ) ;
#700 = COORDINATED_UNIVERSAL_TIME_OFFSET ( 8, 0, .BEHIND. ) ;
#701 = VECTOR ( 'NONE', #1851, 1000.000000000000000 ) ;
#702 = CARTESIAN_POINT ( 'NONE',  ( 13.43245953573905638, 5.786934341759518929, -12.84835993107065200 ) ) ;
#703 = SECURITY_CLASSIFICATION ( '', '', #2197 ) ;
#704 = AXIS2_PLACEMENT_3D ( 'NONE', #1592, #2707, #275 ) ;
#705 = EDGE_CURVE ( 'NONE', #1618, #2069, #2446, .T. ) ;
#706 = CYLINDRICAL_SURFACE ( 'NONE', #1995, 0.4550000000000005151 ) ;
#707 = AXIS2_PLACEMENT_3D ( 'NONE', #1554, #2636, #2035 ) ;
#708 = CC_DESIGN_APPROVAL ( #936, ( #22 ) ) ;
#709 = LINE ( 'NONE', #417, #2916 ) ;
#710 = VERTEX_POINT ( 'NONE', #659 ) ;
#711 = PRODUCT_DEFINITION_FORMATION_WITH_SPECIFIED_SOURCE ( 'ANY', '', #2203, .NOT_KNOWN. ) ;
#712 = APPROVAL_PERSON_ORGANIZATION ( #164, #234, #2085 ) ;
#713 = EDGE_CURVE ( 'NONE', #537, #2575, #576, .T. ) ;
#714 = DIRECTION ( 'NONE',  ( -0.000000000000000000, -1.000000000000000000, -0.000000000000000000 ) ) ;
#715 = CALENDAR_DATE ( 2026, 13, 9 ) ;
#716 = CARTESIAN_POINT ( 'NONE',  ( 17.43245953573905638, 5.786934341759518929, -4.848359931070651108 ) ) ;
#717 = DIRECTION ( 'NONE',  ( 0.000000000000000000, 0.000000000000000000, -1.000000000000000000 ) ) ;
#718 = COORDINATED_UNIVERSAL_TIME_OFFSET ( 8, 0, .BEHIND. ) ;
#719 = EDGE_LOOP ( 'NONE', ( #829, #3392, #2979, #1863 ) ) ;
#720 = CARTESIAN_POINT ( 'NONE',  ( 1.432459535739056156, 5.786934341759518929, -17.30335993107065207 ) ) ;
#721 = ORIENTED_EDGE ( 'NONE', *, *, #178, .T. ) ;
#722 = APPROVAL_DATE_TIME ( #1749, #863 ) ;
#723 = CC_DESIGN_DATE_AND_TIME_ASSIGNMENT ( #236, #2388, ( #2456 ) ) ;
#724 = DIRECTION ( 'NONE',  ( -0.000000000000000000, -1.000000000000000000, -0.000000000000000000 ) ) ;
#725 = DIRECTION ( 'NONE',  ( -0.000000000000000000, 1.000000000000000000, -0.000000000000000000 ) ) ;
#726 = DIRECTION ( 'NONE',  ( 0.000000000000000000, 0.000000000000000000, -1.000000000000000000 ) ) ;
#727 = VERTEX_POINT ( 'NONE', #97 ) ;
#728 = EDGE_CURVE ( 'NONE', #2462, #1898, #1937, .T. ) ;
#729 = CARTESIAN_POINT ( 'NONE',  ( 9.432459535739056378, 2.500000000000000000, -17.75835993107065391 ) ) ;
#730 = PERSON_AND_ORGANIZATION ( #792, #1094 ) ;
#731 = EDGE_CURVE ( 'NONE', #1478, #1550, #398, .T. ) ;
#732 = CARTESIAN_POINT ( 'NONE',  ( 0.000000000000000000, 0.000000000000000000, 0.000000000000000000 ) ) ;
#733 = CARTESIAN_POINT ( 'NONE',  ( 13.43245953573905638, 5.786934341759518929, -9.303359931070652067 ) ) ;
#734 = MECHANICAL_CONTEXT ( 'NONE', #788, 'mechanical' ) ;
#735 = CARTESIAN_POINT ( 'NONE',  ( 13.43245953573905638, 4.500000000000000888, -9.303359931070652067 ) ) ;
#736 =( REPRESENTATION_RELATIONSHIP ('NONE','NONE', #1987, #2621 ) REPRESENTATION_RELATIONSHIP_WITH_TRANSFORMATION ( #2142 )SHAPE_REPRESENTATION_RELATIONSHIP( ) );
#737 = ORIENTED_EDGE ( 'NONE', *, *, #1350, .T. ) ;
#738 = CALENDAR_DATE ( 2026, 13, 9 ) ;
#739 = CARTESIAN_POINT ( 'NONE',  ( 13.43245953573905638, 5.786934341759518929, -9.758359931070652138 ) ) ;
#740 = CARTESIAN_POINT ( 'NONE',  ( 17.43245953573905638, 2.500000000000000000, -13.30335993107065207 ) ) ;
#741 = CARTESIAN_POINT ( 'NONE',  ( 1.432459535739056156, 4.500000000000000888, -17.30335993107065207 ) ) ;
#742 = ORIENTED_EDGE ( 'NONE', *, *, #1370, .F. ) ;
#743 = APPROVAL ( #2762, 'UNKNOWN' ) ;
#744 = DIRECTION ( 'NONE',  ( 0.000000000000000000, 0.000000000000000000, -1.000000000000000000 ) ) ;
#745 = ORIENTED_EDGE ( 'NONE', *, *, #2150, .T. ) ;
#746 = DATE_AND_TIME ( #1560, #2012 ) ;
#747 = CARTESIAN_POINT ( 'NONE',  ( 17.43245953573905638, 2.500000000000000000, -8.848359931070651996 ) ) ;
#748 = CIRCLE ( 'NONE', #1986, 0.4550000000000005151 ) ;
#749 = EDGE_CURVE ( 'NONE', #2069, #1618, #1372, .T. ) ;
#750 = CYLINDRICAL_SURFACE ( 'NONE', #1209, 0.4550000000000005151 ) ;
#751 = APPROVAL_ROLE ( '' ) ;
#752 = DIRECTION ( 'NONE',  ( 0.000000000000000000, 0.000000000000000000, -1.000000000000000000 ) ) ;
#753 = ORIENTED_EDGE ( 'NONE', *, *, #981, .F. ) ;
#754 = LINE ( 'NONE', #739, #1934 ) ;
#755 = FACE_BOUND ( 'NONE', #1736, .T. ) ;
#756 = DIRECTION ( 'NONE',  ( 0.000000000000000000, 0.000000000000000000, 1.000000000000000000 ) ) ;
#757 = CONICAL_SURFACE ( 'NONE', #3020, 414.0909090909091788, 0.3925943860341560843 ) ;
#758 = ORIENTED_EDGE ( 'NONE', *, *, #1897, .F. ) ;
#759 = ORGANIZATION ( 'NAUO-ORG8', 'UNSPECIFIED', 'UNSPECIFIED' ) ;
#760 = CIRCLE ( 'NONE', #583, 0.4550000000000005151 ) ;
#761 = PRODUCT ( 'MicroNeedle_with_channels', 'MicroNeedle_with_channels', '', ( #734 ) ) ;
#762 = AXIS2_PLACEMENT_3D ( 'NONE', #2519, #331, #1185 ) ;
#763 = DIRECTION ( 'NONE',  ( 0.000000000000000000, -1.000000000000000000, 0.000000000000000000 ) ) ;
#764 = CIRCLE ( 'NONE', #2919, 0.4550000000000005151 ) ;
#765 = ORIENTED_EDGE ( 'NONE', *, *, #2091, .T. ) ;
#766 = ITEM_DEFINED_TRANSFORMATION ( 'NONE', 'NONE', #1040,  #2454 ) ;
#767 = CC_DESIGN_SECURITY_CLASSIFICATION ( #304, ( #711 ) ) ;
#768 = CARTESIAN_POINT ( 'NONE',  ( 0.000000000000000000, 2.500000000000000000, 2.000000000000000000 ) ) ;
#769 = APPROVAL ( #1976, 'UNKNOWN' ) ;
#770 = ORGANIZATION ( 'NAUO-ORG3', 'UNSPECIFIED', 'UNSPECIFIED' ) ;
#771 = DIRECTION ( 'NONE',  ( 0.000000000000000000, 0.000000000000000000, -1.000000000000000000 ) ) ;
#772 = CARTESIAN_POINT ( 'NONE',  ( 19.99999999999999645, 4.500000000000000888, -22.00000000000000000 ) ) ;
#773 = EDGE_CURVE ( 'NONE', #391, #663, #619, .T. ) ;
#774 = ORIENTED_EDGE ( 'NONE', *, *, #2399, .T. ) ;
#775 = EDGE_CURVE ( 'NONE', #1898, #2462, #125, .T. ) ;
#776 = DIRECTION ( 'NONE',  ( -0.000000000000000000, -1.000000000000000000, -0.000000000000000000 ) ) ;
#777 = FACE_BOUND ( 'NONE', #2669, .T. ) ;
#778 = ORIENTED_EDGE ( 'NONE', *, *, #3331, .F. ) ;
#779 = COORDINATED_UNIVERSAL_TIME_OFFSET ( 8, 0, .BEHIND. ) ;
#780 = ORIENTED_EDGE ( 'NONE', *, *, #1645, .T. ) ;
#781 = PERSON_AND_ORGANIZATION_ROLE ( 'classification_officer' ) ;
#782 = CARTESIAN_POINT ( 'NONE',  ( 13.43245953573905638, 5.786934341759518929, -17.75835993107065391 ) ) ;
#783 = DATE_AND_TIME ( #2213, #874 ) ;
#784 = DIRECTION ( 'NONE',  ( -0.000000000000000000, -1.000000000000000000, -0.000000000000000000 ) ) ;
#785 = EDGE_CURVE ( 'NONE', #1457, #3408, #1203, .T. ) ;
#786 = ORIENTED_EDGE ( 'NONE', *, *, #457, .F. ) ;
#787 = DIRECTION ( 'NONE',  ( 0.000000000000000000, -1.000000000000000000, 0.000000000000000000 ) ) ;
#788 = APPLICATION_CONTEXT ( 'configuration controlled 3d designs of mechanical parts and assemblies' ) ;
#789 = EDGE_CURVE ( 'NONE', #2851, #2936, #81, .T. ) ;
#790 = EDGE_LOOP ( 'NONE', ( #2028, #938, #1730, #2259 ) ) ;
#791 = DATE_TIME_ROLE ( 'classification_date' ) ;
#792 = PERSON ( 'NAUO-PER5', 'UNSPECIFIED', 'UNSPECIFIED', ('UNSPECIFIED'), ('UNSPECIFIED'), ('UNSPECIFIED') ) ;
#793 = DIRECTION ( 'NONE',  ( 0.000000000000000000, 0.000000000000000000, 1.000000000000000000 ) ) ;
#794 = EDGE_LOOP ( 'NONE', ( #312, #2440 ) ) ;
#795 = CARTESIAN_POINT ( 'NONE',  ( 13.43245953573905638, 4.500000000000000888, -1.303359931070651179 ) ) ;
#796 = PERSON_AND_ORGANIZATION_ROLE ( 'design_supplier' ) ;
#797 = DIRECTION ( 'NONE',  ( -0.000000000000000000, -1.000000000000000000, -0.000000000000000000 ) ) ;
#798 = ORIENTED_EDGE ( 'NONE', *, *, #346, .T. ) ;
#799 = ADVANCED_BREP_SHAPE_REPRESENTATION ( '', ( #2467, #2454 ), #2622 ) ;
#800 = AXIS2_PLACEMENT_3D ( 'NONE', #2988, #2948, #1921 ) ;
#801 = VECTOR ( 'NONE', #2401, 1000.000000000000000 ) ;
#802 = FACE_OUTER_BOUND ( 'NONE', #487, .T. ) ;
#803 = CC_DESIGN_PERSON_AND_ORGANIZATION_ASSIGNMENT ( #2718, #1043, ( #1489 ) ) ;
#804 = ORIENTED_EDGE ( 'NONE', *, *, #527, .T. ) ;
#805 = CALENDAR_DATE ( 2026, 13, 9 ) ;
#806 = AXIS2_PLACEMENT_3D ( 'NONE', #958, #3353, #2781 ) ;
#807 = EDGE_CURVE ( 'NONE', #3332, #3290, #494, .T. ) ;
#808 = VECTOR ( 'NONE', #2212, 1000.000000000000000 ) ;
#809 = AXIS2_PLACEMENT_3D ( 'NONE', #379, #2015, #2302 ) ;
#810 = EDGE_LOOP ( 'NONE', ( #3474, #3260, #556, #490 ) ) ;
#811 = APPROVAL_STATUS ( 'not_yet_approved' ) ;
#812 = ORGANIZATION ( 'NAUO-ORG11', 'UNSPECIFIED', 'UNSPECIFIED' ) ;
#813 = AXIS2_PLACEMENT_3D ( 'NONE', #2915, #2312, #482 ) ;
#814 = DIRECTION ( 'NONE',  ( -0.000000000000000000, 1.000000000000000000, -0.000000000000000000 ) ) ;
#815 = LOCAL_TIME ( 17, 6, 26.00000000000000000, #718 ) ;
#816 = LOCAL_TIME ( 17, 6, 26.00000000000000000, #896 ) ;
#817 = PERSON_AND_ORGANIZATION ( #2273, #3437 ) ;
#818 = DIRECTION ( 'NONE',  ( 0.000000000000000000, 0.000000000000000000, -1.000000000000000000 ) ) ;
#819 = LOCAL_TIME ( 17, 6, 26.00000000000000000, #2945 ) ;
#820 = ORIENTED_EDGE ( 'NONE', *, *, #2807, .T. ) ;
#821 = DIRECTION ( 'NONE',  ( 0.000000000000000000, 0.000000000000000000, 1.000000000000000000 ) ) ;
#822 = ORIENTED_EDGE ( 'NONE', *, *, #3328, .T. ) ;
#823 = CARTESIAN_POINT ( 'NONE',  ( 9.432459535739056378, 5.786934341759518929, -8.848359931070651996 ) ) ;
#824 = CC_DESIGN_PERSON_AND_ORGANIZATION_ASSIGNMENT ( #2667, #2701, ( #2232 ) ) ;
#825 = ORIENTED_EDGE ( 'NONE', *, *, #2335, .T. ) ;
#826 = APPROVAL_DATE_TIME ( #1874, #1188 ) ;
#827 = DIRECTION ( 'NONE',  ( 1.000000000000000000, 0.000000000000000000, 0.000000000000000000 ) ) ;
#828 = EDGE_CURVE ( 'NONE', #1841, #2248, #183, .T. ) ;
#829 = ORIENTED_EDGE ( 'NONE', *, *, #3283, .F. ) ;
#830 = COORDINATED_UNIVERSAL_TIME_OFFSET ( 8, 0, .BEHIND. ) ;
#831 = DIRECTION ( 'NONE',  ( 0.000000000000000000, 0.000000000000000000, -1.000000000000000000 ) ) ;
#832 = EDGE_CURVE ( 'NONE', #3101, #1065, #2642, .T. ) ;
#833 = PERSON_AND_ORGANIZATION ( #2273, #3437 ) ;
#834 = DIRECTION ( 'NONE',  ( 0.000000000000000000, 0.000000000000000000, -1.000000000000000000 ) ) ;
#835 = PERSON ( 'NAUO-PER9', 'UNSPECIFIED', 'UNSPECIFIED', ('UNSPECIFIED'), ('UNSPECIFIED'), ('UNSPECIFIED') ) ;
#836 = DIRECTION ( 'NONE',  ( 0.000000000000000000, -0.000000000000000000, -1.000000000000000000 ) ) ;
#837 = EDGE_LOOP ( 'NONE', ( #687, #126 ) ) ;
#838 = DIRECTION ( 'NONE',  ( -1.000000000000000000, 0.000000000000000000, -0.000000000000000000 ) ) ;
#839 = ORIENTED_EDGE ( 'NONE', *, *, #616, .F. ) ;
#840 = COORDINATED_UNIVERSAL_TIME_OFFSET ( 8, 0, .BEHIND. ) ;
#841 = CARTESIAN_POINT ( 'NONE',  ( 1.432459535739056156, 5.786934341759518929, -12.84835993107065200 ) ) ;
#842 = EDGE_LOOP ( 'NONE', ( #1968, #1748, #1052, #665 ) ) ;
#843 = DATE_AND_TIME ( #1624, #2226 ) ;
#844 = PRODUCT_DEFINITION ( 'UNKNOWN', '', #711, #2769 ) ;
#845 = PERSON_AND_ORGANIZATION ( #2273, #3437 ) ;
#846 = CARTESIAN_POINT ( 'NONE',  ( 17.43245953573905638, 4.500000000000000888, -1.303359931070651179 ) ) ;
#847 = ADVANCED_FACE ( 'NONE', ( #1283 ), #1311, .F. ) ;
#848 = FACE_OUTER_BOUND ( 'NONE', #878, .T. ) ;
#849 = VERTEX_POINT ( 'NONE', #2365 ) ;
#850 = CARTESIAN_POINT ( 'NONE',  ( 7.459939122936550149, 8.342510335299722968, 11.19249832950654522 ) ) ;
#851 = VERTEX_POINT ( 'NONE', #2892 ) ;
#852 = CARTESIAN_POINT ( 'NONE',  ( 1.432459535739056156, 4.500000000000000888, -9.303359931070652067 ) ) ;
#853 = ORIENTED_EDGE ( 'NONE', *, *, #1262, .F. ) ;
#854 = APPROVAL_ROLE ( '' ) ;
#855 = CIRCLE ( 'NONE', #1079, 0.4550000000000005151 ) ;
#856 = ORIENTED_EDGE ( 'NONE', *, *, #3486, .F. ) ;
#857 = DATE_TIME_ROLE ( 'classification_date' ) ;
#858 = VECTOR ( 'NONE', #1014, 1000.000000000000000 ) ;
#859 = LOCAL_TIME ( 17, 6, 26.00000000000000000, #446 ) ;
#860 = AXIS2_PLACEMENT_3D ( 'NONE', #2074, #1235, #2262 ) ;
#861 = FACE_OUTER_BOUND ( 'NONE', #2105, .T. ) ;
#862 = APPROVAL_STATUS ( 'not_yet_approved' ) ;
#863 = APPROVAL ( #3388, 'UNKNOWN' ) ;
#864 = AXIS2_PLACEMENT_3D ( 'NONE', #1163, #3066, #1463 ) ;
#865 = CARTESIAN_POINT ( 'NONE',  ( 1.432459535739056156, 4.500000000000000888, -5.303359931070652067 ) ) ;
#866 = CC_DESIGN_SECURITY_CLASSIFICATION ( #411, ( #3503 ) ) ;
#867 = AXIS2_PLACEMENT_3D ( 'NONE', #2531, #1152, #1953 ) ;
#868 = AXIS2_PLACEMENT_3D ( 'NONE', #3383, #3113, #2574 ) ;
#869 = CC_DESIGN_SECURITY_CLASSIFICATION ( #2408, ( #3512 ) ) ;
#870 = CARTESIAN_POINT ( 'NONE',  ( 17.43245953573905638, 2.500000000000000000, -13.30335993107065207 ) ) ;
#871 = DIRECTION ( 'NONE',  ( 1.000000000000000000, 0.000000000000000000, 0.000000000000000000 ) ) ;
#872 = EDGE_CURVE ( 'NONE', #2851, #1277, #194, .T. ) ;
#873 = ORIENTED_EDGE ( 'NONE', *, *, #1875, .T. ) ;
#874 = LOCAL_TIME ( 17, 6, 26.00000000000000000, #1125 ) ;
#875 = CARTESIAN_POINT ( 'NONE',  ( 1.432459535739056156, 4.500000000000000888, -5.303359931070652067 ) ) ;
#876 = CONTEXT_DEPENDENT_SHAPE_REPRESENTATION ( #603, #2310 ) ;
#877 = ADVANCED_FACE ( 'NONE', ( #998 ), #455, .F. ) ;
#878 = EDGE_LOOP ( 'NONE', ( #2130, #2316, #386, #1729 ) ) ;
#879 = DATE_AND_TIME ( #51, #139 ) ;
#880 = PERSON ( 'NAUO-PER12', 'UNSPECIFIED', 'UNSPECIFIED', ('UNSPECIFIED'), ('UNSPECIFIED'), ('UNSPECIFIED') ) ;
#881 = EDGE_LOOP ( 'NONE', ( #319, #2816 ) ) ;
#882 = CARTESIAN_POINT ( 'NONE',  ( 9.432459535739056378, 4.500000000000000888, -17.30335993107065207 ) ) ;
#883 = APPROVAL_DATE_TIME ( #1411, #322 ) ;
#884 = DIRECTION ( 'NONE',  ( -0.000000000000000000, 1.000000000000000000, -0.000000000000000000 ) ) ;
#885 = PRODUCT_DEFINITION_SHAPE ( 'NONE', 'NONE',  #3506 ) ;
#886 = DIRECTION ( 'NONE',  ( 0.000000000000000000, -1.000000000000000000, 0.000000000000000000 ) ) ;
#887 = EDGE_LOOP ( 'NONE', ( #1827, #721, #1559 ) ) ;
#888 = DIRECTION ( 'NONE',  ( 0.000000000000000000, 1.000000000000000000, 0.000000000000000000 ) ) ;
#889 = ORIENTED_EDGE ( 'NONE', *, *, #2735, .F. ) ;
#890 = CARTESIAN_POINT ( 'NONE',  ( 1.432459535739056156, 2.500000000000000000, -1.303359931070651179 ) ) ;
#891 = ADVANCED_FACE ( 'NONE', ( #3451 ), #3183, .F. ) ;
#892 = EDGE_LOOP ( 'NONE', ( #1, #2503 ) ) ;
#893 = APPROVAL_DATE_TIME ( #2207, #1500 ) ;
#894 = EDGE_CURVE ( 'NONE', #1550, #1567, #3144, .T. ) ;
#895 = ORIENTED_EDGE ( 'NONE', *, *, #2584, .F. ) ;
#896 = COORDINATED_UNIVERSAL_TIME_OFFSET ( 8, 0, .BEHIND. ) ;
#897 = FACE_OUTER_BOUND ( 'NONE', #934, .T. ) ;
#898 = CALENDAR_DATE ( 2026, 13, 9 ) ;
#899 = CARTESIAN_POINT ( 'NONE',  ( 0.000000000000000000, 4.500000000000000888, 2.000000000000000000 ) ) ;
#900 = CARTESIAN_POINT ( 'NONE',  ( 17.43245953573905638, 5.786934341759518929, -0.8483599310706509966 ) ) ;
#901 = ORIENTED_EDGE ( 'NONE', *, *, #1026, .T. ) ;
#902 =( LENGTH_UNIT ( ) NAMED_UNIT ( * ) SI_UNIT ( .MILLI., .METRE. ) );
#903 = ORIENTED_EDGE ( 'NONE', *, *, #2091, .F. ) ;
#904 = DIRECTION ( 'NONE',  ( -0.000000000000000000, -1.000000000000000000, -0.000000000000000000 ) ) ;
#905 =( REPRESENTATION_RELATIONSHIP ('NONE','NONE', #1987, #2621 ) REPRESENTATION_RELATIONSHIP_WITH_TRANSFORMATION ( #3005 )SHAPE_REPRESENTATION_RELATIONSHIP( ) );
#906 = ORIENTED_EDGE ( 'NONE', *, *, #2136, .T. ) ;
#907 = DATE_AND_TIME ( #1458, #991 ) ;
#908 = CIRCLE ( 'NONE', #1822, 0.4550000000000005151 ) ;
#909 = CC_DESIGN_PERSON_AND_ORGANIZATION_ASSIGNMENT ( #2745, #781, ( #703 ) ) ;
#910 = AXIS2_PLACEMENT_3D ( 'NONE', #1143, #2817, #57 ) ;
#911 = FACE_OUTER_BOUND ( 'NONE', #207, .T. ) ;
#912 = PRODUCT_DEFINITION_SHAPE ( 'NONE', 'NONE',  #3498 ) ;
#913 = VERTEX_POINT ( 'NONE', #747 ) ;
#914 = CALENDAR_DATE ( 2026, 13, 9 ) ;
#915 = EDGE_CURVE ( 'NONE', #1671, #3347, #2168, .T. ) ;
#916 = CARTESIAN_POINT ( 'NONE',  ( 9.432459535739056378, 2.500000000000000000, -4.848359931070651108 ) ) ;
#917 = VECTOR ( 'NONE', #1349, 1000.000000000000000 ) ;
#918 = CARTESIAN_POINT ( 'NONE',  ( 13.43245953573905638, 4.500000000000000888, -5.303359931070652067 ) ) ;
#919 = APPLICATION_CONTEXT ( 'configuration controlled 3d designs of mechanical parts and assemblies' ) ;
#920 = CIRCLE ( 'NONE', #860, 0.4550000000000005151 ) ;
#921 = FACE_BOUND ( 'NONE', #3317, .T. ) ;
#922 = CIRCLE ( 'NONE', #528, 0.4550000000000005151 ) ;
#923 = CC_DESIGN_APPROVAL ( #2106, ( #1271 ) ) ;
#924 = ORIENTED_EDGE ( 'NONE', *, *, #2692, .F. ) ;
#925 = DIRECTION ( 'NONE',  ( 0.000000000000000000, 1.000000000000000000, 0.000000000000000000 ) ) ;
#926 = CIRCLE ( 'NONE', #2173, 0.4550000000000005151 ) ;
#927 = CARTESIAN_POINT ( 'NONE',  ( 22.00000000000000000, 4.500000000000000888, 0.000000000000000000 ) ) ;
#928 = DIRECTION ( 'NONE',  ( -0.000000000000000000, 1.000000000000000000, -0.000000000000000000 ) ) ;
#929 = LOCAL_TIME ( 17, 6, 26.00000000000000000, #271 ) ;
#930 = AXIS2_PLACEMENT_3D ( 'NONE', #227, #3065, #2777 ) ;
#931 = LOCAL_TIME ( 17, 6, 26.00000000000000000, #2918 ) ;
#932 = ORIENTED_EDGE ( 'NONE', *, *, #285, .F. ) ;
#933 = SECURITY_CLASSIFICATION_LEVEL ( 'unclassified' ) ;
#934 = EDGE_LOOP ( 'NONE', ( #500, #240, #1114, #1091 ) ) ;
#935 = CARTESIAN_POINT ( 'NONE',  ( 0.000000000000000000, 2.500000000000000000, 0.000000000000000000 ) ) ;
#936 = APPROVAL ( #543, 'UNKNOWN' ) ;
#937 = CARTESIAN_POINT ( 'NONE',  ( 17.43245953573905638, 4.500000000000000888, -13.30335993107065207 ) ) ;
#938 = ORIENTED_EDGE ( 'NONE', *, *, #1859, .T. ) ;
#939 = COORDINATED_UNIVERSAL_TIME_OFFSET ( 8, 0, .BEHIND. ) ;
#940 = ADVANCED_FACE ( 'NONE', ( #1045 ), #1258, .F. ) ;
#941 = DIRECTION ( 'NONE',  ( 0.000000000000000000, -0.000000000000000000, -1.000000000000000000 ) ) ;
#942 = CALENDAR_DATE ( 2026, 13, 9 ) ;
#943 = DIRECTION ( 'NONE',  ( -0.000000000000000000, 1.000000000000000000, -0.000000000000000000 ) ) ;
#944 = EDGE_CURVE ( 'NONE', #72, #1103, #1715, .T. ) ;
#945 = DIRECTION ( 'NONE',  ( -0.000000000000000000, -1.000000000000000000, -0.000000000000000000 ) ) ;
#946 = EDGE_LOOP ( 'NONE', ( #2535, #2218, #119, #948 ) ) ;
#947 = CARTESIAN_POINT ( 'NONE',  ( -4.540060877063449851, 8.342510335299722968, 7.192498329506545218 ) ) ;
#948 = ORIENTED_EDGE ( 'NONE', *, *, #1456, .T. ) ;
#949 = CARTESIAN_POINT ( 'NONE',  ( 9.432459535739056378, 4.500000000000000888, -13.30335993107065207 ) ) ;
#950 = PRODUCT_DEFINITION_SHAPE ( 'NONE', 'NONE',  #3516 ) ;
#951 = EDGE_LOOP ( 'NONE', ( #1037, #1135 ) ) ;
#952 = CARTESIAN_POINT ( 'NONE',  ( 5.432459535739056378, 4.500000000000000888, -17.75835993107065391 ) ) ;
#953 = CARTESIAN_POINT ( 'NONE',  ( 9.432459535739056378, 5.786934341759518929, -5.303359931070652067 ) ) ;
#954 = DIRECTION ( 'NONE',  ( 0.000000000000000000, -1.000000000000000000, 0.000000000000000000 ) ) ;
#955 = VERTEX_POINT ( 'NONE', #1525 ) ;
#956 = CARTESIAN_POINT ( 'NONE',  ( 9.432459535739056378, 5.786934341759518929, -13.75835993107065214 ) ) ;
#957 = APPROVAL_STATUS ( 'not_yet_approved' ) ;
#958 = CARTESIAN_POINT ( 'NONE',  ( 13.43245953573905638, 2.500000000000000000, -17.30335993107065207 ) ) ;
#959 = CC_DESIGN_DATE_AND_TIME_ASSIGNMENT ( #2465, #1916, ( #2532 ) ) ;
#960 = CARTESIAN_POINT ( 'NONE',  ( 0.000000000000000000, 2.500000000000000000, -20.00000000000000000 ) ) ;
#961 =( NAMED_UNIT ( * ) PLANE_ANGLE_UNIT ( ) SI_UNIT ( $, .RADIAN. ) );
#962 = FACE_OUTER_BOUND ( 'NONE', #1401, .T. ) ;
#963 = EDGE_CURVE ( 'NONE', #663, #542, #637, .T. ) ;
#964 = DIRECTION ( 'NONE',  ( -0.000000000000000000, -1.000000000000000000, -0.000000000000000000 ) ) ;
#965 = ORIENTED_EDGE ( 'NONE', *, *, #1718, .F. ) ;
#966 = DATE_AND_TIME ( #3118, #1334 ) ;
#967 = DIRECTION ( 'NONE',  ( 0.000000000000000000, 0.000000000000000000, -1.000000000000000000 ) ) ;
#968 = LINE ( 'NONE', #2902, #3255 ) ;
#969 = CARTESIAN_POINT ( 'NONE',  ( 5.432459535739056378, 2.500000000000000000, -9.758359931070652138 ) ) ;
#970 = ORIENTED_EDGE ( 'NONE', *, *, #1149, .F. ) ;
#971 = CARTESIAN_POINT ( 'NONE',  ( 1.432459535739056156, 4.500000000000000888, -13.30335993107065207 ) ) ;
#972 = CALENDAR_DATE ( 2026, 13, 9 ) ;
#973 = CIRCLE ( 'NONE', #2726, 2.000000000000000000 ) ;
#974 = CARTESIAN_POINT ( 'NONE',  ( 13.43245953573905638, 2.500000000000000000, -5.303359931070652067 ) ) ;
#975 = PRODUCT_DEFINITION_SHAPE ( 'NONE', 'NONE',  #3495 ) ;
#976 = CYLINDRICAL_SURFACE ( 'NONE', #2565, 0.4550000000000001266 ) ;
#977 = CALENDAR_DATE ( 2026, 13, 9 ) ;
#978 = CARTESIAN_POINT ( 'NONE',  ( 9.432459535739056378, 5.786934341759518929, -9.303359931070652067 ) ) ;
#979 = CYLINDRICAL_SURFACE ( 'NONE', #2897, 0.4550000000000005151 ) ;
#980 = AXIS2_PLACEMENT_3D ( 'NONE', #2938, #184, #836 ) ;
#981 = EDGE_CURVE ( 'NONE', #955, #3001, #2600, .T. ) ;
#982 = ORIENTED_EDGE ( 'NONE', *, *, #1310, .T. ) ;
#983 = DATE_AND_TIME ( #1531, #859 ) ;
#984 = CIRCLE ( 'NONE', #2791, 2.000000000000000000 ) ;
#985 = FACE_OUTER_BOUND ( 'NONE', #1643, .T. ) ;
#986 = CC_DESIGN_APPROVAL ( #3441, ( #703 ) ) ;
#987 = CIRCLE ( 'NONE', #1603, 0.4550000000000005151 ) ;
#988 = FACE_OUTER_BOUND ( 'NONE', #2269, .T. ) ;
#989 = ADVANCED_FACE ( 'NONE', ( #3435 ), #433, .F. ) ;
#990 =( GEOMETRIC_REPRESENTATION_CONTEXT ( 3 ) GLOBAL_UNCERTAINTY_ASSIGNED_CONTEXT ( ( #2731 ) ) GLOBAL_UNIT_ASSIGNED_CONTEXT ( ( #3305, #606, #267 ) ) REPRESENTATION_CONTEXT ( 'NONE', 'WORKASPACE' ) );
#991 = LOCAL_TIME ( 17, 6, 26.00000000000000000, #1972 ) ;
#992 = CARTESIAN_POINT ( 'NONE',  ( 13.43245953573905638, 4.500000000000000888, -13.30335993107065207 ) ) ;
#993 = VERTEX_POINT ( 'NONE', #684 ) ;
#994 = PERSON_AND_ORGANIZATION_ROLE ( 'classification_officer' ) ;
#995 = LOCAL_TIME ( 17, 6, 26.00000000000000000, #2545 ) ;
#996 = CARTESIAN_POINT ( 'NONE',  ( 5.432459535739056378, 4.500000000000000888, -5.758359931070652138 ) ) ;
#997 = APPROVAL_STATUS ( 'not_yet_approved' ) ;
#998 = FACE_OUTER_BOUND ( 'NONE', #1600, .T. ) ;
#999 = CARTESIAN_POINT ( 'NONE',  ( 13.43245953573905638, 4.500000000000000888, -17.75835993107065391 ) ) ;
#1000 = PERSON_AND_ORGANIZATION ( #2273, #3437 ) ;
#1001 = LINE ( 'NONE', #2934, #2342 ) ;
#1002 = ORIENTED_EDGE ( 'NONE', *, *, #2893, .F. ) ;
#1003 = APPROVAL_STATUS ( 'not_yet_approved' ) ;
#1004 = CARTESIAN_POINT ( 'NONE',  ( 13.43245953573905638, 2.500000000000000000, -5.303359931070652067 ) ) ;
#1005 = CC_DESIGN_DATE_AND_TIME_ASSIGNMENT ( #2079, #1576, ( #2855 ) ) ;
#1006 = DIRECTION ( 'NONE',  ( -0.000000000000000000, 1.000000000000000000, -0.000000000000000000 ) ) ;
#1007 = EDGE_LOOP ( 'NONE', ( #281, #254, #1800, #93 ) ) ;
#1008 = ADVANCED_FACE ( 'NONE', ( #1790 ), #3140, .F. ) ;
#1009 = CARTESIAN_POINT ( 'NONE',  ( 13.43245953573905638, 5.786934341759518929, -1.303359931070651179 ) ) ;
#1010 = ORIENTED_EDGE ( 'NONE', *, *, #239, .T. ) ;
#1011 = DIRECTION ( 'NONE',  ( -0.000000000000000000, -1.000000000000000000, -0.000000000000000000 ) ) ;
#1012 = CARTESIAN_POINT ( 'NONE',  ( 20.00000000000000000, 0.000000000000000000, 0.000000000000000000 ) ) ;
#1013 = COORDINATED_UNIVERSAL_TIME_OFFSET ( 8, 0, .BEHIND. ) ;
#1014 = DIRECTION ( 'NONE',  ( -0.000000000000000000, -1.000000000000000000, -0.000000000000000000 ) ) ;
#1015 = ORIENTED_EDGE ( 'NONE', *, *, #2846, .T. ) ;
#1016 = DIRECTION ( 'NONE',  ( 0.000000000000000000, 0.000000000000000000, -1.000000000000000000 ) ) ;
#1017 = DIRECTION ( 'NONE',  ( -0.000000000000000000, -1.000000000000000000, -0.000000000000000000 ) ) ;
#1018 = DIRECTION ( 'NONE',  ( 0.000000000000000000, 1.000000000000000000, 0.000000000000000000 ) ) ;
#1019 = EDGE_LOOP ( 'NONE', ( #453, #1195, #3143, #2169 ) ) ;
#1020 = DIRECTION ( 'NONE',  ( -0.000000000000000000, -1.000000000000000000, -0.000000000000000000 ) ) ;
#1021 = ADVANCED_FACE ( 'NONE', ( #988 ), #2793, .T. ) ;
#1022 = ORIENTED_EDGE ( 'NONE', *, *, #2537, .F. ) ;
#1023 = COORDINATED_UNIVERSAL_TIME_OFFSET ( 8, 0, .BEHIND. ) ;
#1024 = DIRECTION ( 'NONE',  ( 1.000000000000000000, 0.000000000000000000, 0.000000000000000000 ) ) ;
#1025 = LINE ( 'NONE', #2693, #1214 ) ;
#1026 = EDGE_CURVE ( 'NONE', #2485, #149, #3016, .T. ) ;
#1027 = PERSON_AND_ORGANIZATION ( #2273, #3437 ) ;
#1028 = DIRECTION ( 'NONE',  ( 0.000000000000000000, -1.000000000000000000, 0.000000000000000000 ) ) ;
#1029 = AXIS2_PLACEMENT_3D ( 'NONE', #2434, #540, #2192 ) ;
#1030 = AXIS2_PLACEMENT_3D ( 'NONE', #2420, #784, #2675 ) ;
#1031 = AXIS2_PLACEMENT_3D ( 'NONE', #974, #2309, #384 ) ;
#1032 = EDGE_LOOP ( 'NONE', ( #136, #2523, #99, #2831 ) ) ;
#1033 = DIRECTION ( 'NONE',  ( -1.000000000000000000, 0.000000000000000000, 0.000000000000000000 ) ) ;
#1034 = AXIS2_PLACEMENT_3D ( 'NONE', #2055, #2877, #440 ) ;
#1035 = FACE_BOUND ( 'NONE', #3099, .T. ) ;
#1036 = AXIS2_PLACEMENT_3D ( 'NONE', #971, #2092, #3179 ) ;
#1037 = ORIENTED_EDGE ( 'NONE', *, *, #2649, .F. ) ;
#1038 = ORGANIZATION ( 'NAUO-ORG7', 'UNSPECIFIED', 'UNSPECIFIED' ) ;
#1039 = CONTEXT_DEPENDENT_SHAPE_REPRESENTATION ( #548, #52 ) ;
#1040 = AXIS2_PLACEMENT_3D ( 'NONE', #1670, #2202, #1077 ) ;
#1041 = APPROVAL_PERSON_ORGANIZATION ( #5, #499, #2976 ) ;
#1042 = VERTEX_POINT ( 'NONE', #2815 ) ;
#1043 = PERSON_AND_ORGANIZATION_ROLE ( 'classification_officer' ) ;
#1044 = LOCAL_TIME ( 17, 6, 26.00000000000000000, #30 ) ;
#1045 = FACE_OUTER_BOUND ( 'NONE', #607, .T. ) ;
#1046 = LOCAL_TIME ( 17, 6, 26.00000000000000000, #1652 ) ;
#1047 = ADVANCED_FACE ( 'NONE', ( #1735 ), #1519, .F. ) ;
#1048 = CARTESIAN_POINT ( 'NONE',  ( 17.43245953573905638, 2.500000000000000000, -1.303359931070651179 ) ) ;
#1049 = APPROVAL_ROLE ( '' ) ;
#1050 = CYLINDRICAL_SURFACE ( 'NONE', #1030, 0.4550000000000005151 ) ;
#1051 = EDGE_CURVE ( 'NONE', #2243, #2700, #10, .T. ) ;
#1052 = ORIENTED_EDGE ( 'NONE', *, *, #1875, .F. ) ;
#1053 = DIRECTION ( 'NONE',  ( 0.000000000000000000, 0.000000000000000000, 1.000000000000000000 ) ) ;
#1054 = FACE_BOUND ( 'NONE', #2137, .T. ) ;
#1055 = EDGE_LOOP ( 'NONE', ( #3455, #2093, #1961, #2275 ) ) ;
#1056 = CALENDAR_DATE ( 2026, 13, 9 ) ;
#1057 = LINE ( 'NONE', #2439, #580 ) ;
#1058 = ORIENTED_EDGE ( 'NONE', *, *, #486, .T. ) ;
#1059 = COORDINATED_UNIVERSAL_TIME_OFFSET ( 8, 0, .BEHIND. ) ;
#1060 = LINE ( 'NONE', #1096, #587 ) ;
#1061 = PERSON_AND_ORGANIZATION ( #2273, #3437 ) ;
#1062 = APPROVAL ( #862, 'UNSPECIFIED' ) ;
#1063 = DIRECTION ( 'NONE',  ( 1.000000000000000000, 0.000000000000000000, 0.000000000000000000 ) ) ;
#1064 = EDGE_CURVE ( 'NONE', #2248, #851, #1459, .T. ) ;
#1065 = VERTEX_POINT ( 'NONE', #2034 ) ;
#1066 = EDGE_CURVE ( 'NONE', #1634, #493, #1250, .T. ) ;
#1067 = DIRECTION ( 'NONE',  ( -0.000000000000000000, 1.000000000000000000, -0.000000000000000000 ) ) ;
#1068 = ADVANCED_FACE ( 'NONE', ( #911 ), #706, .F. ) ;
#1069 = ORIENTED_EDGE ( 'NONE', *, *, #3165, .F. ) ;
#1070 = APPROVAL_ROLE ( '' ) ;
#1071 = DIRECTION ( 'NONE',  ( -1.000000000000000000, 0.000000000000000000, 0.000000000000000000 ) ) ;
#1072 = ORIENTED_EDGE ( 'NONE', *, *, #1746, .T. ) ;
#1073 = DATE_AND_TIME ( #2416, #2733 ) ;
#1074 = DIRECTION ( 'NONE',  ( 0.000000000000000000, 0.000000000000000000, -1.000000000000000000 ) ) ;
#1075 = APPROVAL_ROLE ( '' ) ;
#1076 = CARTESIAN_POINT ( 'NONE',  ( 13.43245953573905638, 2.500000000000000000, -4.848359931070651108 ) ) ;
#1077 = DIRECTION ( 'NONE',  ( 0.000000000000000000, 1.000000000000000000, 0.000000000000000000 ) ) ;
#1078 = VERTEX_POINT ( 'NONE', #152 ) ;
#1079 = AXIS2_PLACEMENT_3D ( 'NONE', #2423, #269, #1619 ) ;
#1080 = PERSON ( 'NAUO-PER11', 'UNSPECIFIED', 'UNSPECIFIED', ('UNSPECIFIED'), ('UNSPECIFIED'), ('UNSPECIFIED') ) ;
#1081 = AXIS2_PLACEMENT_3D ( 'NONE', #978, #3156, #752 ) ;
#1082 = PLANE ( 'NONE',  #631 ) ;
#1083 = EDGE_CURVE ( 'NONE', #3290, #273, #2057, .T. ) ;
#1084 = ORIENTED_EDGE ( 'NONE', *, *, #88, .T. ) ;
#1085 =( REPRESENTATION_RELATIONSHIP ('NONE','NONE', #1987, #2621 ) REPRESENTATION_RELATIONSHIP_WITH_TRANSFORMATION ( #1516 )SHAPE_REPRESENTATION_RELATIONSHIP( ) );
#1086 = AXIS2_PLACEMENT_3D ( 'NONE', #479, #3150, #1561 ) ;
#1087 = ADVANCED_FACE ( 'NONE', ( #1502 ), #652, .F. ) ;
#1088 = AXIS2_PLACEMENT_3D ( 'NONE', #1482, #2362, #2078 ) ;
#1089 = CARTESIAN_POINT ( 'NONE',  ( 9.432459535739056378, 2.500000000000000000, -17.30335993107065207 ) ) ;
#1090 = CIRCLE ( 'NONE', #1724, 0.4550000000000001266 ) ;
#1091 = ORIENTED_EDGE ( 'NONE', *, *, #2375, .F. ) ;
#1092 = CALENDAR_DATE ( 2026, 13, 9 ) ;
#1093 = CIRCLE ( 'NONE', #2681, 2.000000000000001776 ) ;
#1094 = ORGANIZATION ( 'NAUO-ORG5', 'UNSPECIFIED', 'UNSPECIFIED' ) ;
#1095 = AXIS2_PLACEMENT_3D ( 'NONE', #3138, #2071, #1016 ) ;
#1096 = CARTESIAN_POINT ( 'NONE',  ( 22.00000000000000000, 2.500000000000000000, -19.99999999999999645 ) ) ;
#1097 = LOCAL_TIME ( 17, 6, 26.00000000000000000, #1013 ) ;
#1098 = DIRECTION ( 'NONE',  ( 0.000000000000000000, -1.000000000000000000, 0.000000000000000000 ) ) ;
#1099 = PERSON_AND_ORGANIZATION_ROLE ( 'creator' ) ;
#1100 = CYLINDRICAL_SURFACE ( 'NONE', #2502, 0.4550000000000005151 ) ;
#1101 = SECURITY_CLASSIFICATION ( '', '', #2324 ) ;
#1102 = ORIENTED_EDGE ( 'NONE', *, *, #2391, .F. ) ;
#1103 = VERTEX_POINT ( 'NONE', #3162 ) ;
#1104 = FACE_OUTER_BOUND ( 'NONE', #2795, .T. ) ;
#1105 = ORIENTED_EDGE ( 'NONE', *, *, #2779, .F. ) ;
#1106 = SECURITY_CLASSIFICATION_LEVEL ( 'unclassified' ) ;
#1107 = CC_DESIGN_PERSON_AND_ORGANIZATION_ASSIGNMENT ( #1444, #1122, ( #411 ) ) ;
#1108 = CARTESIAN_POINT ( 'NONE',  ( 9.432459535739056378, 5.786934341759518929, -5.758359931070652138 ) ) ;
#1109 = ORIENTED_EDGE ( 'NONE', *, *, #285, .T. ) ;
#1110 = ADVANCED_FACE ( 'NONE', ( #91 ), #2829, .F. ) ;
#1111 = CALENDAR_DATE ( 2026, 13, 9 ) ;
#1112 = CARTESIAN_POINT ( 'NONE',  ( 9.432459535739056378, 4.500000000000000888, -8.848359931070651996 ) ) ;
#1113 = CYLINDRICAL_SURFACE ( 'NONE', #530, 2.000000000000001776 ) ;
#1114 = ORIENTED_EDGE ( 'NONE', *, *, #1083, .T. ) ;
#1115 = DIRECTION ( 'NONE',  ( 0.000000000000000000, 1.000000000000000000, 0.000000000000000000 ) ) ;
#1116 = VERTEX_POINT ( 'NONE', #132 ) ;
#1117 = CYLINDRICAL_SURFACE ( 'NONE', #1927, 0.4550000000000005151 ) ;
#1118 = ORIENTED_EDGE ( 'NONE', *, *, #306, .T. ) ;
#1119 = APPROVAL_ROLE ( '' ) ;
#1120 = APPROVAL ( #2799, 'UNKNOWN' ) ;
#1121 = EDGE_LOOP ( 'NONE', ( #621, #1956 ) ) ;
#1122 = PERSON_AND_ORGANIZATION_ROLE ( 'classification_officer' ) ;
#1123 = EDGE_CURVE ( 'NONE', #1042, #3450, #1220, .T. ) ;
#1124 = CARTESIAN_POINT ( 'NONE',  ( 9.432459535739056378, 2.500000000000000000, -13.75835993107065214 ) ) ;
#1125 = COORDINATED_UNIVERSAL_TIME_OFFSET ( 8, 0, .BEHIND. ) ;
#1126 = CARTESIAN_POINT ( 'NONE',  ( 1.432459535739056156, 5.786934341759518929, -5.303359931070652067 ) ) ;
#1127 = EDGE_CURVE ( 'NONE', #2790, #1581, #920, .T. ) ;
#1128 = DIRECTION ( 'NONE',  ( -1.000000000000000000, 0.000000000000000000, -0.000000000000000000 ) ) ;
#1129 = ORIENTED_EDGE ( 'NONE', *, *, #828, .T. ) ;
#1130 = CARTESIAN_POINT ( 'NONE',  ( 0.000000000000000000, 0.000000000000000000, 0.000000000000000000 ) ) ;
#1131 = VERTEX_POINT ( 'NONE', #3345 ) ;
#1132 = FACE_OUTER_BOUND ( 'NONE', #436, .T. ) ;
#1133 = PRODUCT_DEFINITION_SHAPE ( 'NONE', 'NONE',  #3497 ) ;
#1134 = CIRCLE ( 'NONE', #3009, 0.4550000000000005151 ) ;
#1135 = ORIENTED_EDGE ( 'NONE', *, *, #1026, .F. ) ;
#1136 = CONTEXT_DEPENDENT_SHAPE_REPRESENTATION ( #2653, #3043 ) ;
#1137 = LINE ( 'NONE', #2475, #2964 ) ;
#1138 = VERTEX_POINT ( 'NONE', #3406 ) ;
#1139 = DATE_TIME_ROLE ( 'classification_date' ) ;
#1140 = VECTOR ( 'NONE', #31, 1000.000000000000000 ) ;
#1141 = APPLICATION_CONTEXT ( 'configuration controlled 3d designs of mechanical parts and assemblies' ) ;
#1142 = VECTOR ( 'NONE', #2289, 1000.000000000000000 ) ;
#1143 = CARTESIAN_POINT ( 'NONE',  ( 5.432459535739056378, 2.500000000000000000, -9.303359931070652067 ) ) ;
#1144 = APPROVAL_DATE_TIME ( #1484, #1062 ) ;
#1145 = CIRCLE ( 'NONE', #639, 0.4550000000000005151 ) ;
#1146 = DIRECTION ( 'NONE',  ( 0.000000000000000000, 0.000000000000000000, -1.000000000000000000 ) ) ;
#1147 = CC_DESIGN_APPROVAL ( #2802, ( #244 ) ) ;
#1148 = AXIS2_PLACEMENT_3D ( 'NONE', #3446, #1273, #3473 ) ;
#1149 = EDGE_CURVE ( 'NONE', #3038, #1103, #968, .T. ) ;
#1150 = AXIS2_PLACEMENT_3D ( 'NONE', #1806, #2303, #2611 ) ;
#1151 = APPROVAL_PERSON_ORGANIZATION ( #287, #936, #2155 ) ;
#1152 = DIRECTION ( 'NONE',  ( 0.000000000000000000, -1.000000000000000000, 0.000000000000000000 ) ) ;
#1153 = DIRECTION ( 'NONE',  ( 0.000000000000000000, 1.000000000000000000, 0.000000000000000000 ) ) ;
#1154 = ORIENTED_EDGE ( 'NONE', *, *, #3349, .F. ) ;
#1155 = EDGE_CURVE ( 'NONE', #3471, #3347, #3189, .T. ) ;
#1156 = CC_DESIGN_APPROVAL ( #1929, ( #196 ) ) ;
#1157 = CARTESIAN_POINT ( 'NONE',  ( 5.432459535739056378, 4.500000000000000888, -12.84835993107065200 ) ) ;
#1158 = CC_DESIGN_SECURITY_CLASSIFICATION ( #2685, ( #3517 ) ) ;
#1159 = ORIENTED_EDGE ( 'NONE', *, *, #2921, .T. ) ;
#1160 = PERSON_AND_ORGANIZATION ( #3256, #1950 ) ;
#1161 = ORIENTED_EDGE ( 'NONE', *, *, #2888, .F. ) ;
#1162 = DATE_AND_TIME ( #655, #585 ) ;
#1163 = CARTESIAN_POINT ( 'NONE',  ( 5.432459535739056378, 2.500000000000000000, -1.303359931070651179 ) ) ;
#1164 = DATE_TIME_ROLE ( 'classification_date' ) ;
#1165 = CARTESIAN_POINT ( 'NONE',  ( 0.000000000000000000, 2.500000000000000000, 0.000000000000000000 ) ) ;
#1166 = DIRECTION ( 'NONE',  ( 0.000000000000000000, -1.000000000000000000, 0.000000000000000000 ) ) ;
#1167 = CC_DESIGN_DATE_AND_TIME_ASSIGNMENT ( #1378, #2427, ( #1601 ) ) ;
#1168 = ORIENTED_EDGE ( 'NONE', *, *, #2001, .T. ) ;
#1169 = DIRECTION ( 'NONE',  ( 0.000000000000000000, 1.000000000000000000, 0.000000000000000000 ) ) ;
#1170 = LINE ( 'NONE', #161, #2783 ) ;
#1171 = CARTESIAN_POINT ( 'NONE',  ( 17.43245953573905638, 5.786934341759518929, -17.75835993107065391 ) ) ;
#1172 = PERSON ( 'NAUO-PER21', 'UNSPECIFIED', 'UNSPECIFIED', ('UNSPECIFIED'), ('UNSPECIFIED'), ('UNSPECIFIED') ) ;
#1173 = EDGE_CURVE ( 'NONE', #37, #1713, #1321, .T. ) ;
#1174 = VERTEX_POINT ( 'NONE', #563 ) ;
#1175 = PERSON_AND_ORGANIZATION ( #2149, #133 ) ;
#1176 = DIRECTION ( 'NONE',  ( -0.000000000000000000, -1.000000000000000000, -0.000000000000000000 ) ) ;
#1177 = EDGE_CURVE ( 'NONE', #2069, #2575, #2664, .T. ) ;
#1178 = ORIENTED_EDGE ( 'NONE', *, *, #1051, .F. ) ;
#1179 = APPROVAL_DATE_TIME ( #599, #103 ) ;
#1180 = DIRECTION ( 'NONE',  ( 0.000000000000000000, 0.000000000000000000, -1.000000000000000000 ) ) ;
#1181 = APPROVAL_ROLE ( '' ) ;
#1182 = DIRECTION ( 'NONE',  ( 0.000000000000000000, 0.000000000000000000, -1.000000000000000000 ) ) ;
#1183 = CYLINDRICAL_SURFACE ( 'NONE', #646, 0.4550000000000005151 ) ;
#1184 = ORIENTED_EDGE ( 'NONE', *, *, #3397, .F. ) ;
#1185 = DIRECTION ( 'NONE',  ( 0.000000000000000000, 1.000000000000000000, 0.000000000000000000 ) ) ;
#1186 = DIRECTION ( 'NONE',  ( -0.000000000000000000, -1.000000000000000000, -0.000000000000000000 ) ) ;
#1187 = CARTESIAN_POINT ( 'NONE',  ( 19.99999999999999645, 2.500000000000000000, -22.00000000000000000 ) ) ;
#1188 = APPROVAL ( #2177, 'UNKNOWN' ) ;
#1189 = ORIENTED_EDGE ( 'NONE', *, *, #2453, .F. ) ;
#1190 = PERSON_AND_ORGANIZATION_ROLE ( 'classification_officer' ) ;
#1191 = ADVANCED_FACE ( 'NONE', ( #1054, #1322, #3214, #2140, #777, #2800, #233, #3228, #205, #2635, #448, #1384, #755, #2102, #1035, #1846, #2125, #2609, #1862, #2926, #1551, #489, #32, #503, #2468, #2650 ), #1533, .F. ) ;
#1192 = CARTESIAN_POINT ( 'NONE',  ( 9.432459535739056378, 5.786934341759518929, -1.303359931070651179 ) ) ;
#1193 = CARTESIAN_POINT ( 'NONE',  ( 9.432459535739056378, 2.500000000000000000, -17.30335993107065207 ) ) ;
#1194 = PRODUCT_DEFINITION_SHAPE ( 'NONE', 'NONE',  #3501 ) ;
#1195 = ORIENTED_EDGE ( 'NONE', *, *, #566, .T. ) ;
#1196 = COORDINATED_UNIVERSAL_TIME_OFFSET ( 8, 0, .BEHIND. ) ;
#1197 = EDGE_CURVE ( 'NONE', #710, #3332, #2963, .T. ) ;
#1198 = CARTESIAN_POINT ( 'NONE',  ( 17.43245953573905638, 4.500000000000000888, -12.84835993107065200 ) ) ;
#1199 = AXIS2_PLACEMENT_3D ( 'NONE', #2252, #1201, #2806 ) ;
#1200 = DATE_AND_TIME ( #1464, #1949 ) ;
#1201 = DIRECTION ( 'NONE',  ( -0.000000000000000000, -1.000000000000000000, -0.000000000000000000 ) ) ;
#1202 =( REPRESENTATION_RELATIONSHIP ('NONE','NONE', #1987, #2621 ) REPRESENTATION_RELATIONSHIP_WITH_TRANSFORMATION ( #2300 )SHAPE_REPRESENTATION_RELATIONSHIP( ) );
#1203 = CIRCLE ( 'NONE', #1486, 0.4550000000000001266 ) ;
#1204 = FACE_BOUND ( 'NONE', #648, .T. ) ;
#1205 = AXIS2_PLACEMENT_3D ( 'NONE', #3333, #2286, #600 ) ;
#1206 = APPROVAL_PERSON_ORGANIZATION ( #2718, #2839, #3233 ) ;
#1207 = ORIENTED_EDGE ( 'NONE', *, *, #1977, .T. ) ;
#1208 = DIRECTION ( 'NONE',  ( 0.000000000000000000, 0.000000000000000000, 1.000000000000000000 ) ) ;
#1209 = AXIS2_PLACEMENT_3D ( 'NONE', #733, #2081, #2587 ) ;
#1210 = ORIENTED_EDGE ( 'NONE', *, *, #1266, .T. ) ;
#1211 = DIRECTION ( 'NONE',  ( -0.000000000000000000, 1.000000000000000000, -0.000000000000000000 ) ) ;
#1212 = AXIS2_PLACEMENT_3D ( 'NONE', #3391, #3369, #394 ) ;
#1213 = LOCAL_TIME ( 17, 6, 26.00000000000000000, #3268 ) ;
#1214 = VECTOR ( 'NONE', #263, 1000.000000000000000 ) ;
#1215 = CC_DESIGN_SECURITY_CLASSIFICATION ( #2126, ( #3493 ) ) ;
#1216 = ORIENTED_EDGE ( 'NONE', *, *, #963, .T. ) ;
#1217 = SECURITY_CLASSIFICATION ( '', '', #571 ) ;
#1218 = CONTEXT_DEPENDENT_SHAPE_REPRESENTATION ( #905, #2274 ) ;
#1219 = DIRECTION ( 'NONE',  ( -0.000000000000000000, -1.000000000000000000, -0.000000000000000000 ) ) ;
#1220 = LINE ( 'NONE', #1710, #1265 ) ;
#1221 = CC_DESIGN_PERSON_AND_ORGANIZATION_ASSIGNMENT ( #2199, #796, ( #2007 ) ) ;
#1222 = ORIENTED_EDGE ( 'NONE', *, *, #3283, .T. ) ;
#1223 = SECURITY_CLASSIFICATION_LEVEL ( 'unclassified' ) ;
#1224 = CARTESIAN_POINT ( 'NONE',  ( 0.000000000000000000, 4.500000000000000888, 0.000000000000000000 ) ) ;
#1225 = ADVANCED_FACE ( 'NONE', ( #3458 ), #1113, .T. ) ;
#1226 = COORDINATED_UNIVERSAL_TIME_OFFSET ( 8, 0, .BEHIND. ) ;
#1227 = CARTESIAN_POINT ( 'NONE',  ( 5.432459535739056378, 5.786934341759518929, -13.30335993107065207 ) ) ;
#1228 = CARTESIAN_POINT ( 'NONE',  ( 1.432459535739056156, 2.500000000000000000, -1.303359931070651179 ) ) ;
#1229 = CARTESIAN_POINT ( 'NONE',  ( 7.459939122936550149, 8.342510335299722968, 7.192498329506545218 ) ) ;
#1230 = CARTESIAN_POINT ( 'NONE',  ( 17.43245953573905638, 2.500000000000000000, -12.84835993107065200 ) ) ;
#1231 = DIRECTION ( 'NONE',  ( 0.000000000000000000, 0.000000000000000000, -1.000000000000000000 ) ) ;
#1232 = ORIENTED_EDGE ( 'NONE', *, *, #1246, .T. ) ;
#1233 = DATE_TIME_ROLE ( 'classification_date' ) ;
#1234 = CARTESIAN_POINT ( 'NONE',  ( 9.432459535739056378, 4.500000000000000888, -16.84835993107065022 ) ) ;
#1235 = DIRECTION ( 'NONE',  ( 0.000000000000000000, -1.000000000000000000, 0.000000000000000000 ) ) ;
#1236 = CARTESIAN_POINT ( 'NONE',  ( 13.43245953573905638, 4.500000000000000888, -0.8483599310706509966 ) ) ;
#1237 = ORIENTED_EDGE ( 'NONE', *, *, #1173, .F. ) ;
#1238 = DIRECTION ( 'NONE',  ( 0.000000000000000000, 0.000000000000000000, -1.000000000000000000 ) ) ;
#1239 = SECURITY_CLASSIFICATION_LEVEL ( 'unclassified' ) ;
#1240 = DIRECTION ( 'NONE',  ( -0.000000000000000000, 1.000000000000000000, -0.000000000000000000 ) ) ;
#1241 = EDGE_CURVE ( 'NONE', #2498, #2942, #641, .T. ) ;
#1242 = CARTESIAN_POINT ( 'NONE',  ( 1.432459535739056156, 4.500000000000000888, -17.75835993107065391 ) ) ;
#1243 = COORDINATED_UNIVERSAL_TIME_OFFSET ( 8, 0, .BEHIND. ) ;
#1244 = CARTESIAN_POINT ( 'NONE',  ( 1.432459535739056156, 4.500000000000000888, -4.848359931070651108 ) ) ;
#1245 = DIRECTION ( 'NONE',  ( 0.000000000000000000, 0.000000000000000000, -1.000000000000000000 ) ) ;
#1246 = EDGE_CURVE ( 'NONE', #1959, #2452, #760, .T. ) ;
#1247 = ORIENTED_EDGE ( 'NONE', *, *, #3115, .T. ) ;
#1248 = DATE_AND_TIME ( #203, #3375 ) ;
#1249 = DIRECTION ( 'NONE',  ( -0.000000000000000000, 1.000000000000000000, -0.000000000000000000 ) ) ;
#1250 = LINE ( 'NONE', #2279, #2402 ) ;
#1251 = AXIS2_PLACEMENT_3D ( 'NONE', #2837, #2576, #1231 ) ;
#1252 = DIRECTION ( 'NONE',  ( 0.000000000000000000, 0.000000000000000000, -1.000000000000000000 ) ) ;
#1253 = EDGE_LOOP ( 'NONE', ( #895, #3078 ) ) ;
#1254 = CARTESIAN_POINT ( 'NONE',  ( 5.432459535739056378, 5.786934341759518929, -5.758359931070652138 ) ) ;
#1255 = DATE_AND_TIME ( #715, #1278 ) ;
#1256 = CIRCLE ( 'NONE', #1593, 0.4550000000000001266 ) ;
#1257 = VECTOR ( 'NONE', #2946, 1000.000000000000000 ) ;
#1258 = CYLINDRICAL_SURFACE ( 'NONE', #290, 0.4550000000000001266 ) ;
#1259 = VECTOR ( 'NONE', #2189, 1000.000000000000000 ) ;
#1260 = CARTESIAN_POINT ( 'NONE',  ( 17.43245953573905638, 5.786934341759518929, -9.758359931070652138 ) ) ;
#1261 = DATE_AND_TIME ( #1816, #931 ) ;
#1262 = EDGE_CURVE ( 'NONE', #1581, #2790, #3147, .T. ) ;
#1263 = DIRECTION ( 'NONE',  ( 0.000000000000000000, 0.000000000000000000, -1.000000000000000000 ) ) ;
#1264 = AXIS2_PLACEMENT_3D ( 'NONE', #1928, #3321, #14 ) ;
#1265 = VECTOR ( 'NONE', #1176, 1000.000000000000000 ) ;
#1266 = EDGE_CURVE ( 'NONE', #180, #1358, #2966, .T. ) ;
#1267 = ORIENTED_EDGE ( 'NONE', *, *, #2153, .T. ) ;
#1268 = PERSON_AND_ORGANIZATION ( #3124, #2127 ) ;
#1269 = AXIS2_PLACEMENT_3D ( 'NONE', #3261, #821, #19 ) ;
#1270 = FACE_OUTER_BOUND ( 'NONE', #268, .T. ) ;
#1271 = SECURITY_CLASSIFICATION ( '', '', #3348 ) ;
#1272 = VECTOR ( 'NONE', #1757, 1000.000000000000000 ) ;
#1273 = DIRECTION ( 'NONE',  ( 0.000000000000000000, -1.000000000000000000, 0.000000000000000000 ) ) ;
#1274 = APPROVAL_PERSON_ORGANIZATION ( #160, #1929, #1314 ) ;
#1275 = LOCAL_TIME ( 17, 6, 26.00000000000000000, #3123 ) ;
#1276 = DIRECTION ( 'NONE',  ( 0.000000000000000000, 0.000000000000000000, -1.000000000000000000 ) ) ;
#1277 = VERTEX_POINT ( 'NONE', #3175 ) ;
#1278 = LOCAL_TIME ( 17, 6, 26.00000000000000000, #225 ) ;
#1279 =( REPRESENTATION_RELATIONSHIP ('NONE','NONE', #1987, #2621 ) REPRESENTATION_RELATIONSHIP_WITH_TRANSFORMATION ( #1909 )SHAPE_REPRESENTATION_RELATIONSHIP( ) );
#1280 = DIRECTION ( 'NONE',  ( 0.000000000000000000, 0.000000000000000000, -1.000000000000000000 ) ) ;
#1281 = ORIENTED_EDGE ( 'NONE', *, *, #2888, .T. ) ;
#1282 = CONTEXT_DEPENDENT_SHAPE_REPRESENTATION ( #673, #116 ) ;
#1283 = FACE_OUTER_BOUND ( 'NONE', #3114, .T. ) ;
#1284 = CARTESIAN_POINT ( 'NONE',  ( 13.43245953573905638, 4.500000000000000888, -1.758359931070651250 ) ) ;
#1285 = PERSON_AND_ORGANIZATION_ROLE ( 'classification_officer' ) ;
#1286 = CARTESIAN_POINT ( 'NONE',  ( 9.432459535739056378, 5.786934341759518929, -13.30335993107065207 ) ) ;
#1287 = CC_DESIGN_PERSON_AND_ORGANIZATION_ASSIGNMENT ( #2266, #96, ( #2297 ) ) ;
#1288 = ORIENTED_EDGE ( 'NONE', *, *, #1629, .F. ) ;
#1289 = DATE_TIME_ROLE ( 'classification_date' ) ;
#1290 = CARTESIAN_POINT ( 'NONE',  ( 1.432459535739056156, 4.500000000000000888, -0.8483599310706509966 ) ) ;
#1291 = EDGE_CURVE ( 'NONE', #849, #3426, #1821, .T. ) ;
#1292 = DIRECTION ( 'NONE',  ( 0.000000000000000000, 0.000000000000000000, -1.000000000000000000 ) ) ;
#1293 = VERTEX_POINT ( 'NONE', #2517 ) ;
#1294 = CYLINDRICAL_SURFACE ( 'NONE', #2732, 0.4550000000000005151 ) ;
#1295 = VERTEX_POINT ( 'NONE', #82 ) ;
#1296 = CALENDAR_DATE ( 2026, 13, 9 ) ;
#1297 = DIRECTION ( 'NONE',  ( 0.000000000000000000, 0.000000000000000000, -1.000000000000000000 ) ) ;
#1298 = LINE ( 'NONE', #3467, #1845 ) ;
#1299 = APPROVAL_STATUS ( 'not_yet_approved' ) ;
#1300 = CARTESIAN_POINT ( 'NONE',  ( 5.432459535739056378, 4.500000000000000888, -13.75835993107065214 ) ) ;
#1301 = ORIENTED_EDGE ( 'NONE', *, *, #346, .F. ) ;
#1302 = PERSON ( 'NAUO-PER2', 'UNSPECIFIED', 'UNSPECIFIED', ('UNSPECIFIED'), ('UNSPECIFIED'), ('UNSPECIFIED') ) ;
#1303 = FACE_OUTER_BOUND ( 'NONE', #3158, .T. ) ;
#1304 = DIRECTION ( 'NONE',  ( 0.000000000000000000, -1.000000000000000000, 0.000000000000000000 ) ) ;
#1305 = ORIENTED_EDGE ( 'NONE', *, *, #1439, .F. ) ;
#1306 = APPROVAL_DATE_TIME ( #2413, #1758 ) ;
#1307 = APPROVAL ( #1544, 'UNSPECIFIED' ) ;
#1308 = CARTESIAN_POINT ( 'NONE',  ( 0.000000000000000000, 2.500000000000000000, -20.00000000000000000 ) ) ;
#1309 = ORIENTED_EDGE ( 'NONE', *, *, #705, .T. ) ;
#1310 = EDGE_CURVE ( 'NONE', #1713, #37, #3311, .T. ) ;
#1311 = CYLINDRICAL_SURFACE ( 'NONE', #3361, 0.4550000000000005151 ) ;
#1312 = DIRECTION ( 'NONE',  ( -0.000000000000000000, -1.000000000000000000, -0.000000000000000000 ) ) ;
#1313 = AXIS2_PLACEMENT_3D ( 'NONE', #95, #2265, #366 ) ;
#1314 = APPROVAL_ROLE ( '' ) ;
#1315 = CARTESIAN_POINT ( 'NONE',  ( 17.43245953573905638, 2.500000000000000000, -9.303359931070652067 ) ) ;
#1316 = AXIS2_PLACEMENT_3D ( 'NONE', #1286, #1338, #3171 ) ;
#1317 = VECTOR ( 'NONE', #2721, 1000.000000000000000 ) ;
#1318 = VERTEX_POINT ( 'NONE', #3336 ) ;
#1319 = CARTESIAN_POINT ( 'NONE',  ( 0.000000000000000000, 2.500000000000000000, 2.000000000000000000 ) ) ;
#1320 = CC_DESIGN_APPROVAL ( #234, ( #1498 ) ) ;
#1321 = CIRCLE ( 'NONE', #2225, 0.4550000000000005151 ) ;
#1322 = FACE_BOUND ( 'NONE', #1253, .T. ) ;
#1323 = VECTOR ( 'NONE', #1738, 1000.000000000000000 ) ;
#1324 = VERTEX_POINT ( 'NONE', #1742 ) ;
#1325 = CC_DESIGN_SECURITY_CLASSIFICATION ( #2855, ( #3497 ) ) ;
#1326 = CALENDAR_DATE ( 2026, 13, 9 ) ;
#1327 = CIRCLE ( 'NONE', #3312, 0.4550000000000005151 ) ;
#1328 = CC_DESIGN_APPROVAL ( #1758, ( #2456 ) ) ;
#1329 = CC_DESIGN_PERSON_AND_ORGANIZATION_ASSIGNMENT ( #3318, #615, ( #1271 ) ) ;
#1330 = CARTESIAN_POINT ( 'NONE',  ( 9.432459535739056378, 5.786934341759518929, -1.303359931070651179 ) ) ;
#1331 = ORIENTED_EDGE ( 'NONE', *, *, #1650, .T. ) ;
#1332 = COORDINATED_UNIVERSAL_TIME_OFFSET ( 8, 0, .BEHIND. ) ;
#1333 = AXIS2_PLACEMENT_3D ( 'NONE', #1528, #443, #1778 ) ;
#1334 = LOCAL_TIME ( 17, 6, 26.00000000000000000, #3404 ) ;
#1335 = EDGE_CURVE ( 'NONE', #1590, #2881, #987, .T. ) ;
#1336 = DIRECTION ( 'NONE',  ( -0.000000000000000000, -1.000000000000000000, -0.000000000000000000 ) ) ;
#1337 = COORDINATED_UNIVERSAL_TIME_OFFSET ( 8, 0, .BEHIND. ) ;
#1338 = DIRECTION ( 'NONE',  ( -0.000000000000000000, -1.000000000000000000, -0.000000000000000000 ) ) ;
#1339 = ORIENTED_EDGE ( 'NONE', *, *, #1613, .T. ) ;
#1340 = CARTESIAN_POINT ( 'NONE',  ( 17.43245953573905638, 2.500000000000000000, -17.30335993107065207 ) ) ;
#1341 = ORIENTED_EDGE ( 'NONE', *, *, #2216, .T. ) ;
#1342 = COORDINATED_UNIVERSAL_TIME_OFFSET ( 8, 0, .BEHIND. ) ;
#1343 = DIRECTION ( 'NONE',  ( -0.000000000000000000, -1.000000000000000000, -0.000000000000000000 ) ) ;
#1344 = ORIENTED_EDGE ( 'NONE', *, *, #2935, .T. ) ;
#1345 = CALENDAR_DATE ( 2026, 13, 9 ) ;
#1346 = CC_DESIGN_DATE_AND_TIME_ASSIGNMENT ( #2775, #1962, ( #416 ) ) ;
#1347 = DIRECTION ( 'NONE',  ( 0.000000000000000000, 0.000000000000000000, -1.000000000000000000 ) ) ;
#1348 = APPROVAL_DATE_TIME ( #1667, #3371 ) ;
#1349 = DIRECTION ( 'NONE',  ( -0.000000000000000000, -1.000000000000000000, -0.000000000000000000 ) ) ;
#1350 = EDGE_CURVE ( 'NONE', #29, #2193, #347, .T. ) ;
#1351 = DIRECTION ( 'NONE',  ( 1.000000000000000000, 0.000000000000000000, 0.000000000000000000 ) ) ;
#1352 = ORIENTED_EDGE ( 'NONE', *, *, #1859, .F. ) ;
#1353 = EDGE_CURVE ( 'NONE', #2158, #3172, #2507, .T. ) ;
#1354 = DIRECTION ( 'NONE',  ( 0.000000000000000000, 0.000000000000000000, -1.000000000000000000 ) ) ;
#1355 = ORIENTED_EDGE ( 'NONE', *, *, #457, .T. ) ;
#1356 = PERSON_AND_ORGANIZATION ( #541, #2917 ) ;
#1357 = DIRECTION ( 'NONE',  ( 0.000000000000000000, 0.000000000000000000, -1.000000000000000000 ) ) ;
#1358 = VERTEX_POINT ( 'NONE', #3071 ) ;
#1359 = DIRECTION ( 'NONE',  ( 0.000000000000000000, -1.000000000000000000, 0.000000000000000000 ) ) ;
#1360 = APPROVAL_DATE_TIME ( #534, #2994 ) ;
#1361 = CIRCLE ( 'NONE', #3350, 0.4550000000000005151 ) ;
#1362 = DIRECTION ( 'NONE',  ( 0.000000000000000000, 0.000000000000000000, -1.000000000000000000 ) ) ;
#1363 = CC_DESIGN_PERSON_AND_ORGANIZATION_ASSIGNMENT ( #2019, #1408, ( #189 ) ) ;
#1364 = CARTESIAN_POINT ( 'NONE',  ( 11.45993912293655015, 8.342510335299722968, 7.192498329506545218 ) ) ;
#1365 = ORIENTED_EDGE ( 'NONE', *, *, #1697, .T. ) ;
#1366 = AXIS2_PLACEMENT_3D ( 'NONE', #1871, #1553, #3041 ) ;
#1367 = VECTOR ( 'NONE', #498, 1000.000000000000000 ) ;
#1368 = DIRECTION ( 'NONE',  ( 0.000000000000000000, 0.000000000000000000, -1.000000000000000000 ) ) ;
#1369 = AXIS2_PLACEMENT_3D ( 'NONE', #1905, #552, #2445 ) ;
#1370 = EDGE_CURVE ( 'NONE', #1277, #2455, #471, .T. ) ;
#1371 = EDGE_LOOP ( 'NONE', ( #2690, #1341, #3313, #3211 ) ) ;
#1372 = CIRCLE ( 'NONE', #2615, 0.4550000000000005151 ) ;
#1373 = CIRCLE ( 'NONE', #1088, 0.4550000000000005151 ) ;
#1374 = LOCAL_TIME ( 17, 6, 26.00000000000000000, #1945 ) ;
#1375 = FACE_OUTER_BOUND ( 'NONE', #1055, .T. ) ;
#1376 = VECTOR ( 'NONE', #98, 1000.000000000000000 ) ;
#1377 = ORIENTED_EDGE ( 'NONE', *, *, #1935, .F. ) ;
#1378 = DATE_AND_TIME ( #1345, #1429 ) ;
#1379 = CALENDAR_DATE ( 2026, 13, 9 ) ;
#1380 = LOCAL_TIME ( 17, 6, 26.00000000000000000, #3010 ) ;
#1381 = DATE_AND_TIME ( #1111, #1044 ) ;
#1382 = CARTESIAN_POINT ( 'NONE',  ( 9.432459535739056378, 2.500000000000000000, -1.303359931070651179 ) ) ;
#1383 = CC_DESIGN_APPROVAL ( #3323, ( #2297 ) ) ;
#1384 = FACE_BOUND ( 'NONE', #2927, .T. ) ;
#1385 = ORIENTED_EDGE ( 'NONE', *, *, #390, .F. ) ;
#1386 = ORIENTED_EDGE ( 'NONE', *, *, #1246, .F. ) ;
#1387 = CARTESIAN_POINT ( 'NONE',  ( 5.432459535739056378, 2.500000000000000000, -8.848359931070651996 ) ) ;
#1388 = CC_DESIGN_PERSON_AND_ORGANIZATION_ASSIGNMENT ( #1688, #360, ( #3378 ) ) ;
#1389 = EDGE_LOOP ( 'NONE', ( #1521, #2196, #3040, #3112 ) ) ;
#1390 = CALENDAR_DATE ( 2026, 13, 9 ) ;
#1391 = ADVANCED_FACE ( 'NONE', ( #604 ), #1183, .F. ) ;
#1392 = CARTESIAN_POINT ( 'NONE',  ( -2.000000000000000000, 4.500000000000000888, 0.000000000000000000 ) ) ;
#1393 = PRODUCT_DEFINITION_SHAPE ( 'NONE', 'NONE',  #3509 ) ;
#1394 = EDGE_LOOP ( 'NONE', ( #2538, #1420, #3122, #1769 ) ) ;
#1395 = ADVANCED_FACE ( 'NONE', ( #1669, #1399, #1204, #921, #2808, #317, #46, #3355, #3053, #3302, #371, #1434, #3322, #3037, #1683, #1466, #2764, #1450, #2009, #329, #3096, #661, #2239, #2548, #1699, #118 ), #1413, .T. ) ;
#1396 = CYLINDRICAL_SURFACE ( 'NONE', #2389, 0.4550000000000001266 ) ;
#1397 = CALENDAR_DATE ( 2026, 13, 9 ) ;
#1398 = DIRECTION ( 'NONE',  ( 0.000000000000000000, -1.000000000000000000, 0.000000000000000000 ) ) ;
#1399 = FACE_BOUND ( 'NONE', #1938, .T. ) ;
#1400 = EDGE_LOOP ( 'NONE', ( #2680, #47 ) ) ;
#1401 = EDGE_LOOP ( 'NONE', ( #1352, #1210, #2426, #804 ) ) ;
#1402 = FACE_OUTER_BOUND ( 'NONE', #570, .T. ) ;
#1403 = VERTEX_POINT ( 'NONE', #620 ) ;
#1404 = SECURITY_CLASSIFICATION_LEVEL ( 'unclassified' ) ;
#1405 = CYLINDRICAL_SURFACE ( 'NONE', #1494, 0.4550000000000005151 ) ;
#1406 = ADVANCED_FACE ( 'NONE', ( #848 ), #3014, .T. ) ;
#1407 = VERTEX_POINT ( 'NONE', #2217 ) ;
#1408 = PERSON_AND_ORGANIZATION_ROLE ( 'classification_officer' ) ;
#1409 = DIRECTION ( 'NONE',  ( 0.000000000000000000, 0.000000000000000000, 1.000000000000000000 ) ) ;
#1410 = EDGE_CURVE ( 'NONE', #554, #2591, #3431, .T. ) ;
#1411 = DATE_AND_TIME ( #898, #2571 ) ;
#1412 = DIRECTION ( 'NONE',  ( -0.000000000000000000, -1.000000000000000000, -0.000000000000000000 ) ) ;
#1413 = PLANE ( 'NONE',  #190 ) ;
#1414 = DIRECTION ( 'NONE',  ( 0.000000000000000000, 1.000000000000000000, 0.000000000000000000 ) ) ;
#1415 = ORIENTED_EDGE ( 'NONE', *, *, #438, .T. ) ;
#1416 = CARTESIAN_POINT ( 'NONE',  ( 5.432459535739056378, 2.500000000000000000, -17.30335993107065207 ) ) ;
#1417 = PRODUCT_DEFINITION_SHAPE ( 'NONE', 'NONE',  #3507 ) ;
#1418 = ORIENTED_EDGE ( 'NONE', *, *, #137, .F. ) ;
#1419 = CIRCLE ( 'NONE', #1883, 0.4550000000000005151 ) ;
#1420 = ORIENTED_EDGE ( 'NONE', *, *, #2245, .T. ) ;
#1421 = DATE_AND_TIME ( #2543, #1374 ) ;
#1422 = AXIS2_PLACEMENT_3D ( 'NONE', #1126, #2215, #3299 ) ;
#1423 = CC_DESIGN_PERSON_AND_ORGANIZATION_ASSIGNMENT ( #2480, #44, ( #2203 ) ) ;
#1424 = AXIS2_PLACEMENT_3D ( 'NONE', #2929, #2157, #2977 ) ;
#1425 = AXIS2_PLACEMENT_3D ( 'NONE', #1570, #1918, #3000 ) ;
#1426 = CARTESIAN_POINT ( 'NONE',  ( 9.432459535739056378, 5.786934341759518929, -13.30335993107065207 ) ) ;
#1427 = FACE_OUTER_BOUND ( 'NONE', #2822, .T. ) ;
#1428 = CYLINDRICAL_SURFACE ( 'NONE', #1199, 0.4550000000000005151 ) ;
#1429 = LOCAL_TIME ( 17, 6, 26.00000000000000000, #1059 ) ;
#1430 = AXIS2_PLACEMENT_3D ( 'NONE', #2784, #2482, #1128 ) ;
#1431 = EDGE_CURVE ( 'NONE', #1065, #3117, #3111, .T. ) ;
#1432 = CIRCLE ( 'NONE', #1150, 0.4550000000000005151 ) ;
#1433 = ORGANIZATION ( 'NAUO-ORG16', 'UNSPECIFIED', 'UNSPECIFIED' ) ;
#1434 = FACE_BOUND ( 'NONE', #3237, .T. ) ;
#1435 = EDGE_LOOP ( 'NONE', ( #2229, #270 ) ) ;
#1436 = DIRECTION ( 'NONE',  ( 0.000000000000000000, 0.000000000000000000, 1.000000000000000000 ) ) ;
#1437 = VERTEX_POINT ( 'NONE', #1012 ) ;
#1438 = LINE ( 'NONE', #2768, #577 ) ;
#1439 = EDGE_CURVE ( 'NONE', #1174, #1318, #1894, .T. ) ;
#1440 = EDGE_LOOP ( 'NONE', ( #1975, #334, #1971, #8 ) ) ;
#1441 = CARTESIAN_POINT ( 'NONE',  ( 1.432459535739056156, 5.786934341759518929, -1.303359931070651179 ) ) ;
#1442 = DIRECTION ( 'NONE',  ( 0.000000000000000000, 0.000000000000000000, -1.000000000000000000 ) ) ;
#1443 = ORIENTED_EDGE ( 'NONE', *, *, #2180, .F. ) ;
#1444 = PERSON_AND_ORGANIZATION ( #880, #645 ) ;
#1445 = DIRECTION ( 'NONE',  ( -0.000000000000000000, -1.000000000000000000, -0.000000000000000000 ) ) ;
#1446 = DATE_TIME_ROLE ( 'classification_date' ) ;
#1447 = CARTESIAN_POINT ( 'NONE',  ( 1.109564667602157551, 0.000000000000000000, 0.02309798981860195985 ) ) ;
#1448 = PRODUCT_DEFINITION_SHAPE ( 'NONE', 'NONE',  #3503 ) ;
#1449 =( REPRESENTATION_RELATIONSHIP ('NONE','NONE', #1987, #2621 ) REPRESENTATION_RELATIONSHIP_WITH_TRANSFORMATION ( #2814 )SHAPE_REPRESENTATION_RELATIONSHIP( ) );
#1450 = FACE_BOUND ( 'NONE', #1803, .T. ) ;
#1451 = ORIENTED_EDGE ( 'NONE', *, *, #3465, .F. ) ;
#1452 = DIRECTION ( 'NONE',  ( 0.000000000000000000, 0.000000000000000000, 1.000000000000000000 ) ) ;
#1453 = ADVANCED_FACE ( 'NONE', ( #1798 ), #750, .F. ) ;
#1454 = DIRECTION ( 'NONE',  ( 1.000000000000000000, -0.000000000000000000, 0.000000000000000000 ) ) ;
#1455 = DIRECTION ( 'NONE',  ( 0.000000000000000000, 0.000000000000000000, -1.000000000000000000 ) ) ;
#1456 = EDGE_CURVE ( 'NONE', #727, #1131, #926, .T. ) ;
#1457 = VERTEX_POINT ( 'NONE', #1284 ) ;
#1458 = CALENDAR_DATE ( 2026, 13, 9 ) ;
#1459 = LINE ( 'NONE', #1750, #1940 ) ;
#1460 = DIRECTION ( 'NONE',  ( -0.000000000000000000, -1.000000000000000000, -0.000000000000000000 ) ) ;
#1461 = EDGE_LOOP ( 'NONE', ( #1418, #1129, #168, #3025 ) ) ;
#1462 = DATE_AND_TIME ( #526, #1942 ) ;
#1463 = DIRECTION ( 'NONE',  ( 0.000000000000000000, 0.000000000000000000, -1.000000000000000000 ) ) ;
#1464 = CALENDAR_DATE ( 2026, 13, 9 ) ;
#1465 = FACE_OUTER_BOUND ( 'NONE', #1389, .T. ) ;
#1466 = FACE_BOUND ( 'NONE', #3342, .T. ) ;
#1467 = VERTEX_POINT ( 'NONE', #2097 ) ;
#1468 = FACE_OUTER_BOUND ( 'NONE', #810, .T. ) ;
#1469 = CARTESIAN_POINT ( 'NONE',  ( 0.000000000000000000, 2.500000000000000000, -20.00000000000000000 ) ) ;
#1470 = PRODUCT_RELATED_PRODUCT_CATEGORY ( 'detail', '', ( #2741 ) ) ;
#1471 = ORIENTED_EDGE ( 'NONE', *, *, #1173, .T. ) ;
#1472 = VECTOR ( 'NONE', #35, 1000.000000000000000 ) ;
#1473 = DIRECTION ( 'NONE',  ( 0.000000000000000000, -1.000000000000000000, 0.000000000000000000 ) ) ;
#1474 = ADVANCED_FACE ( 'NONE', ( #1776 ), #2327, .F. ) ;
#1475 = DIRECTION ( 'NONE',  ( 0.000000000000000000, 0.000000000000000000, -1.000000000000000000 ) ) ;
#1476 = DIRECTION ( 'NONE',  ( -0.9239195927440783107, 0.000000000000000000, 0.3825867040862979684 ) ) ;
#1477 = PRODUCT_DEFINITION_SHAPE ( 'NONE', 'NONE',  #3504 ) ;
#1478 = VERTEX_POINT ( 'NONE', #1242 ) ;
#1479 = VECTOR ( 'NONE', #2869, 1000.000000000000000 ) ;
#1480 = AXIS2_PLACEMENT_3D ( 'NONE', #1580, #2604, #2135 ) ;
#1481 = EDGE_CURVE ( 'NONE', #1651, #3218, #356, .T. ) ;
#1482 = CARTESIAN_POINT ( 'NONE',  ( 17.43245953573905638, 4.500000000000000888, -13.30335993107065207 ) ) ;
#1483 = AXIS2_PLACEMENT_3D ( 'NONE', #1682, #2763, #1641 ) ;
#1484 = DATE_AND_TIME ( #3108, #995 ) ;
#1485 = DIRECTION ( 'NONE',  ( 0.000000000000000000, 0.000000000000000000, -1.000000000000000000 ) ) ;
#1486 = AXIS2_PLACEMENT_3D ( 'NONE', #424, #1698, #1182 ) ;
#1487 = DIRECTION ( 'NONE',  ( 0.000000000000000000, -1.000000000000000000, 0.000000000000000000 ) ) ;
#1488 = VECTOR ( 'NONE', #170, 1000.000000000000000 ) ;
#1489 = SECURITY_CLASSIFICATION ( '', '', #2393 ) ;
#1490 = CARTESIAN_POINT ( 'NONE',  ( -0.5400608770634498512, 8.342510335299722968, 15.19249832950654522 ) ) ;
#1491 = AXIS2_PLACEMENT_3D ( 'NONE', #219, #299, #2201 ) ;
#1492 = FACE_OUTER_BOUND ( 'NONE', #321, .T. ) ;
#1493 = DIRECTION ( 'NONE',  ( 0.000000000000000000, -1.000000000000000000, 0.000000000000000000 ) ) ;
#1494 = AXIS2_PLACEMENT_3D ( 'NONE', #3121, #3407, #3142 ) ;
#1495 = APPROVAL_PERSON_ORGANIZATION ( #1175, #1500, #596 ) ;
#1496 = CC_DESIGN_APPROVAL ( #743, ( #2126 ) ) ;
#1497 = ORIENTED_EDGE ( 'NONE', *, *, #3208, .T. ) ;
#1498 = SECURITY_CLASSIFICATION ( '', '', #3443 ) ;
#1499 = DATE_AND_TIME ( #2047, #2056 ) ;
#1500 = APPROVAL ( #1675, 'UNKNOWN' ) ;
#1501 = CARTESIAN_POINT ( 'NONE',  ( 0.000000000000000000, 4.500000000000000888, -22.00000000000000000 ) ) ;
#1502 = FACE_OUTER_BOUND ( 'NONE', #2842, .T. ) ;
#1503 = DIRECTION ( 'NONE',  ( 0.000000000000000000, 0.000000000000000000, -1.000000000000000000 ) ) ;
#1504 = ORIENTED_EDGE ( 'NONE', *, *, #3286, .T. ) ;
#1505 = EDGE_CURVE ( 'NONE', #2184, #851, #412, .T. ) ;
#1506 = CYLINDRICAL_SURFACE ( 'NONE', #2912, 0.4550000000000001266 ) ;
#1507 = APPROVAL_ROLE ( '' ) ;
#1508 = ADVANCED_FACE ( 'NONE', ( #1833 ), #2285, .F. ) ;
#1509 = DIRECTION ( 'NONE',  ( -0.000000000000000000, -1.000000000000000000, -0.000000000000000000 ) ) ;
#1510 = LINE ( 'NONE', #2879, #2119 ) ;
#1511 = SHAPE_DEFINITION_REPRESENTATION ( #2995, #1987 ) ;
#1512 = DIRECTION ( 'NONE',  ( 0.000000000000000000, 0.000000000000000000, -1.000000000000000000 ) ) ;
#1513 = CARTESIAN_POINT ( 'NONE',  ( 1.432459535739056156, 4.500000000000000888, -12.84835993107065200 ) ) ;
#1514 = PRODUCT_DEFINITION_SHAPE ( 'NONE', 'NONE',  #3505 ) ;
#1515 = EDGE_LOOP ( 'NONE', ( #1792, #3292, #2828, #798 ) ) ;
#1516 = ITEM_DEFINED_TRANSFORMATION ( 'NONE', 'NONE', #1610,  #2454 ) ;
#1517 = PERSON ( 'NAUO-PER14', 'UNSPECIFIED', 'UNSPECIFIED', ('UNSPECIFIED'), ('UNSPECIFIED'), ('UNSPECIFIED') ) ;
#1518 = LINE ( 'NONE', #1501, #1647 ) ;
#1519 = CYLINDRICAL_SURFACE ( 'NONE', #809, 0.4550000000000005151 ) ;
#1520 = DIRECTION ( 'NONE',  ( 0.000000000000000000, 0.000000000000000000, -1.000000000000000000 ) ) ;
#1521 = ORIENTED_EDGE ( 'NONE', *, *, #2649, .T. ) ;
#1522 = EDGE_CURVE ( 'NONE', #542, #663, #2062, .T. ) ;
#1523 = FACE_OUTER_BOUND ( 'NONE', #2361, .T. ) ;
#1524 = DATE_TIME_ROLE ( 'classification_date' ) ;
#1525 = CARTESIAN_POINT ( 'NONE',  ( 13.43245953573905638, 4.500000000000000888, -8.848359931070651996 ) ) ;
#1526 = EDGE_CURVE ( 'NONE', #1277, #1467, #1510, .T. ) ;
#1527 = DIRECTION ( 'NONE',  ( 0.000000000000000000, -1.000000000000000000, 0.000000000000000000 ) ) ;
#1528 = CARTESIAN_POINT ( 'NONE',  ( 0.000000000000000000, 0.000000000000000000, 0.000000000000000000 ) ) ;
#1529 = DIRECTION ( 'NONE',  ( 0.000000000000000000, 0.000000000000000000, -1.000000000000000000 ) ) ;
#1530 = EDGE_LOOP ( 'NONE', ( #3294, #2930, #932 ) ) ;
#1531 = CALENDAR_DATE ( 2026, 13, 9 ) ;
#1532 = CYLINDRICAL_SURFACE ( 'NONE', #1535, 0.4550000000000005151 ) ;
#1533 = PLANE ( 'NONE',  #980 ) ;
#1534 = LINE ( 'NONE', #185, #472 ) ;
#1535 = AXIS2_PLACEMENT_3D ( 'NONE', #129, #1219, #2101 ) ;
#1536 = EDGE_LOOP ( 'NONE', ( #2204, #3329, #1216 ) ) ;
#1537 = CARTESIAN_POINT ( 'NONE',  ( 0.000000000000000000, 4.500000000000000888, 2.000000000000000000 ) ) ;
#1538 = ORIENTED_EDGE ( 'NONE', *, *, #728, .T. ) ;
#1539 = ITEM_DEFINED_TRANSFORMATION ( 'NONE', 'NONE', #2794,  #2454 ) ;
#1540 = AXIS2_PLACEMENT_3D ( 'NONE', #2123, #2152, #1861 ) ;
#1541 = DIRECTION ( 'NONE',  ( 0.000000000000000000, 0.000000000000000000, -1.000000000000000000 ) ) ;
#1542 = CC_DESIGN_DATE_AND_TIME_ASSIGNMENT ( #1073, #2131, ( #703 ) ) ;
#1543 = CARTESIAN_POINT ( 'NONE',  ( 0.000000000000000000, 0.000000000000000000, 0.000000000000000000 ) ) ;
#1544 = APPROVAL_STATUS ( 'not_yet_approved' ) ;
#1545 = DIRECTION ( 'NONE',  ( 0.000000000000000000, 0.000000000000000000, -1.000000000000000000 ) ) ;
#1546 = AXIS2_PLACEMENT_3D ( 'NONE', #414, #2579, #1766 ) ;
#1547 = ADVANCED_FACE ( 'NONE', ( #159 ), #213, .T. ) ;
#1548 = PERSON_AND_ORGANIZATION_ROLE ( 'classification_officer' ) ;
#1549 = FACE_OUTER_BOUND ( 'NONE', #2387, .T. ) ;
#1550 = VERTEX_POINT ( 'NONE', #3447 ) ;
#1551 = FACE_BOUND ( 'NONE', #3288, .T. ) ;
#1552 = APPROVAL_PERSON_ORGANIZATION ( #658, #322, #2514 ) ;
#1553 = DIRECTION ( 'NONE',  ( 0.000000000000000000, -1.000000000000000000, 0.000000000000000000 ) ) ;
#1554 = CARTESIAN_POINT ( 'NONE',  ( 13.43245953573905638, 4.500000000000000888, -13.30335993107065207 ) ) ;
#1555 = ORIENTED_EDGE ( 'NONE', *, *, #731, .F. ) ;
#1556 = DATE_AND_TIME ( #2852, #533 ) ;
#1557 = ORGANIZATION ( 'NAUO-ORG4', 'UNSPECIFIED', 'UNSPECIFIED' ) ;
#1558 = CYLINDRICAL_SURFACE ( 'NONE', #1716, 0.4550000000000005151 ) ;
#1559 = ORIENTED_EDGE ( 'NONE', *, *, #3046, .F. ) ;
#1560 = CALENDAR_DATE ( 2026, 13, 9 ) ;
#1561 = DIRECTION ( 'NONE',  ( 0.000000000000000000, 0.000000000000000000, -1.000000000000000000 ) ) ;
#1562 = DIRECTION ( 'NONE',  ( 1.000000000000000000, 0.000000000000000000, 0.000000000000000000 ) ) ;
#1563 = CC_DESIGN_PERSON_AND_ORGANIZATION_ASSIGNMENT ( #1160, #2607, ( #1217 ) ) ;
#1564 = APPLICATION_PROTOCOL_DEFINITION ( 'international standard', 'config_control_design', 1994, #2848 ) ;
#1565 = DIRECTION ( 'NONE',  ( -0.000000000000000000, -1.000000000000000000, -0.000000000000000000 ) ) ;
#1566 = ADVANCED_FACE ( 'NONE', ( #401 ), #976, .F. ) ;
#1567 = VERTEX_POINT ( 'NONE', #674 ) ;
#1568 = CARTESIAN_POINT ( 'NONE',  ( 1.432459535739056156, 2.500000000000000000, -4.848359931070651108 ) ) ;
#1569 =( REPRESENTATION_RELATIONSHIP ('NONE','NONE', #1987, #2621 ) REPRESENTATION_RELATIONSHIP_WITH_TRANSFORMATION ( #2899 )SHAPE_REPRESENTATION_RELATIONSHIP( ) );
#1570 = CARTESIAN_POINT ( 'NONE',  ( 17.43245953573905638, 4.500000000000000888, -5.303359931070652067 ) ) ;
#1571 = EDGE_CURVE ( 'NONE', #3101, #3086, #2058, .T. ) ;
#1572 = VERTEX_POINT ( 'NONE', #999 ) ;
#1573 = CALENDAR_DATE ( 2026, 13, 9 ) ;
#1574 = CARTESIAN_POINT ( 'NONE',  ( 0.000000000000000000, 0.000000000000000000, 0.000000000000000000 ) ) ;
#1575 = ORIENTED_EDGE ( 'NONE', *, *, #1789, .F. ) ;
#1576 = DATE_TIME_ROLE ( 'classification_date' ) ;
#1577 = DIRECTION ( 'NONE',  ( -0.000000000000000000, -1.000000000000000000, -0.000000000000000000 ) ) ;
#1578 = DIRECTION ( 'NONE',  ( -0.000000000000000000, -1.000000000000000000, -0.000000000000000000 ) ) ;
#1579 = COORDINATED_UNIVERSAL_TIME_OFFSET ( 8, 0, .BEHIND. ) ;
#1580 = CARTESIAN_POINT ( 'NONE',  ( 9.432459535739056378, 2.500000000000000000, -5.303359931070652067 ) ) ;
#1581 = VERTEX_POINT ( 'NONE', #441 ) ;
#1582 = CARTESIAN_POINT ( 'NONE',  ( 17.43245953573905638, 2.500000000000000000, -1.303359931070651179 ) ) ;
#1583 = CC_DESIGN_DATE_AND_TIME_ASSIGNMENT ( #2441, #2691, ( #1489 ) ) ;
#1584 = CARTESIAN_POINT ( 'NONE',  ( 13.43245953573905638, 5.786934341759518929, -5.758359931070652138 ) ) ;
#1585 = ORIENTED_EDGE ( 'NONE', *, *, #775, .T. ) ;
#1586 = APPROVAL_DATE_TIME ( #1635, #936 ) ;
#1587 = EDGE_CURVE ( 'NONE', #2942, #1955, #175, .T. ) ;
#1588 = AXIS2_PLACEMENT_3D ( 'NONE', #875, #305, #2812 ) ;
#1589 = CARTESIAN_POINT ( 'NONE',  ( 1.432459535739056156, 4.500000000000000888, -13.75835993107065214 ) ) ;
#1590 = VERTEX_POINT ( 'NONE', #2835 ) ;
#1591 = ITEM_DEFINED_TRANSFORMATION ( 'NONE', 'NONE', #188,  #2454 ) ;
#1592 = CARTESIAN_POINT ( 'NONE',  ( 1.432459535739056156, 4.500000000000000888, -17.30335993107065207 ) ) ;
#1593 = AXIS2_PLACEMENT_3D ( 'NONE', #501, #1067, #2648 ) ;
#1594 = APPLICATION_PROTOCOL_DEFINITION ( 'international standard', 'config_control_design', 1994, #2985 ) ;
#1595 = LINE ( 'NONE', #2660, #1257 ) ;
#1596 = AXIS2_PLACEMENT_3D ( 'NONE', #865, #59, #834 ) ;
#1597 = VERTEX_POINT ( 'NONE', #2040 ) ;
#1598 = CARTESIAN_POINT ( 'NONE',  ( 1.432459535739056156, 5.786934341759518929, -8.848359931070651996 ) ) ;
#1599 = CIRCLE ( 'NONE', #69, 0.4550000000000005151 ) ;
#1600 = EDGE_LOOP ( 'NONE', ( #630, #2220, #380, #2752 ) ) ;
#1601 = SECURITY_CLASSIFICATION ( '', '', #1637 ) ;
#1602 = PERSON_AND_ORGANIZATION_ROLE ( 'classification_officer' ) ;
#1603 = AXIS2_PLACEMENT_3D ( 'NONE', #385, #2497, #2750 ) ;
#1604 = PRODUCT_DEFINITION_SHAPE ( 'NONE', 'NONE',  #3493 ) ;
#1605 = AXIS2_PLACEMENT_3D ( 'NONE', #3163, #2089, #726 ) ;
#1606 = CC_DESIGN_SECURITY_CLASSIFICATION ( #2738, ( #3511 ) ) ;
#1607 = EDGE_CURVE ( 'NONE', #3178, #1567, #2573, .T. ) ;
#1608 = ORIENTED_EDGE ( 'NONE', *, *, #3046, .T. ) ;
#1609 = DATE_TIME_ROLE ( 'classification_date' ) ;
#1610 = AXIS2_PLACEMENT_3D ( 'NONE', #947, #84, #1759 ) ;
#1611 = LOCAL_TIME ( 17, 6, 26.00000000000000000, #3173 ) ;
#1612 = DIRECTION ( 'NONE',  ( -0.000000000000000000, -1.000000000000000000, -0.000000000000000000 ) ) ;
#1613 = EDGE_CURVE ( 'NONE', #1324, #675, #1779, .T. ) ;
#1614 = PERSON_AND_ORGANIZATION_ROLE ( 'classification_officer' ) ;
#1615 = CARTESIAN_POINT ( 'NONE',  ( 9.432459535739056378, 5.786934341759518929, -0.8483599310706509966 ) ) ;
#1616 = ORIENTED_EDGE ( 'NONE', *, *, #2935, .F. ) ;
#1617 = DIRECTION ( 'NONE',  ( 0.000000000000000000, 0.000000000000000000, 1.000000000000000000 ) ) ;
#1618 = VERTEX_POINT ( 'NONE', #3251 ) ;
#1619 = DIRECTION ( 'NONE',  ( 0.000000000000000000, 0.000000000000000000, -1.000000000000000000 ) ) ;
#1620 = VERTEX_POINT ( 'NONE', #3234 ) ;
#1621 = DATE_TIME_ROLE ( 'classification_date' ) ;
#1622 = FACE_OUTER_BOUND ( 'NONE', #1440, .T. ) ;
#1623 = VERTEX_POINT ( 'NONE', #1879 ) ;
#1624 = CALENDAR_DATE ( 2026, 13, 9 ) ;
#1625 = CC_DESIGN_PERSON_AND_ORGANIZATION_ASSIGNMENT ( #211, #3149, ( #1731 ) ) ;
#1626 = DIRECTION ( 'NONE',  ( 0.000000000000000000, 0.000000000000000000, -1.000000000000000000 ) ) ;
#1627 = CALENDAR_DATE ( 2026, 13, 9 ) ;
#1628 = CARTESIAN_POINT ( 'NONE',  ( 9.432459535739056378, 5.786934341759518929, -17.75835993107065391 ) ) ;
#1629 = EDGE_CURVE ( 'NONE', #3426, #2193, #1090, .T. ) ;
#1630 = EDGE_LOOP ( 'NONE', ( #3362, #2281, #1785, #318 ) ) ;
#1631 = CARTESIAN_POINT ( 'NONE',  ( 11.45993912293655015, 8.342510335299722968, 19.19249832950654522 ) ) ;
#1632 = ORIENTED_EDGE ( 'NONE', *, *, #142, .F. ) ;
#1633 = PLANE ( 'NONE',  #800 ) ;
#1634 = VERTEX_POINT ( 'NONE', #2719 ) ;
#1635 = DATE_AND_TIME ( #1573, #3089 ) ;
#1636 = EDGE_LOOP ( 'NONE', ( #2141, #1237 ) ) ;
#1637 = SECURITY_CLASSIFICATION_LEVEL ( 'unclassified' ) ;
#1638 =( REPRESENTATION_RELATIONSHIP ('NONE','NONE', #1987, #2621 ) REPRESENTATION_RELATIONSHIP_WITH_TRANSFORMATION ( #1979 )SHAPE_REPRESENTATION_RELATIONSHIP( ) );
#1639 = CARTESIAN_POINT ( 'NONE',  ( 0.000000000000000000, 2.500000000000000000, -22.00000000000000000 ) ) ;
#1640 = APPROVAL_ROLE ( '' ) ;
#1641 = DIRECTION ( 'NONE',  ( 0.000000000000000000, 0.000000000000000000, -1.000000000000000000 ) ) ;
#1642 = DIRECTION ( 'NONE',  ( -0.000000000000000000, -1.000000000000000000, -0.000000000000000000 ) ) ;
#1643 = EDGE_LOOP ( 'NONE', ( #25, #3480, #2392, #2737 ) ) ;
#1644 = DIRECTION ( 'NONE',  ( 1.000000000000000000, 0.000000000000000000, 0.000000000000000000 ) ) ;
#1645 = EDGE_CURVE ( 'NONE', #2248, #1841, #2178, .T. ) ;
#1646 = EDGE_LOOP ( 'NONE', ( #230, #1865, #1058, #2175 ) ) ;
#1647 = VECTOR ( 'NONE', #3119, 1000.000000000000000 ) ;
#1648 = LINE ( 'NONE', #1187, #1472 ) ;
#1649 = CIRCLE ( 'NONE', #806, 0.4550000000000005151 ) ;
#1650 = EDGE_CURVE ( 'NONE', #1478, #3178, #1943, .T. ) ;
#1651 = VERTEX_POINT ( 'NONE', #2134 ) ;
#1652 = COORDINATED_UNIVERSAL_TIME_OFFSET ( 8, 0, .BEHIND. ) ;
#1653 = AXIS2_PLACEMENT_3D ( 'NONE', #3168, #3466, #2910 ) ;
#1654 = AXIS2_PLACEMENT_3D ( 'NONE', #1089, #1098, #2143 ) ;
#1655 = LOCAL_TIME ( 17, 6, 26.00000000000000000, #547 ) ;
#1656 = CARTESIAN_POINT ( 'NONE',  ( 17.43245953573905638, 4.500000000000000888, -17.30335993107065207 ) ) ;
#1657 = VECTOR ( 'NONE', #693, 1000.000000000000000 ) ;
#1658 = EDGE_LOOP ( 'NONE', ( #3048, #202 ) ) ;
#1659 = APPROVAL_DATE_TIME ( #843, #3441 ) ;
#1660 = AXIS2_PLACEMENT_3D ( 'NONE', #741, #2339, #2017 ) ;
#1661 = LOCAL_TIME ( 17, 6, 26.00000000000000000, #3330 ) ;
#1662 = AXIS2_PLACEMENT_3D ( 'NONE', #1426, #1999, #3106 ) ;
#1663 = PRODUCT_DEFINITION_SHAPE ( 'NONE', 'NONE',  #3494 ) ;
#1664 = DIRECTION ( 'NONE',  ( -0.000000000000000000, 1.000000000000000000, -0.000000000000000000 ) ) ;
#1665 = CC_DESIGN_APPROVAL ( #2417, ( #536 ) ) ;
#1666 = APPROVAL_PERSON_ORGANIZATION ( #1160, #2277, #854 ) ;
#1667 = DATE_AND_TIME ( #579, #1380 ) ;
#1668 = DIRECTION ( 'NONE',  ( 0.000000000000000000, 0.000000000000000000, -1.000000000000000000 ) ) ;
#1669 = FACE_BOUND ( 'NONE', #1700, .T. ) ;
#1670 = CARTESIAN_POINT ( 'NONE',  ( 11.45993912293655015, 8.342510335299722968, 3.192498329506545662 ) ) ;
#1671 = VERTEX_POINT ( 'NONE', #1915 ) ;
#1672 = DIRECTION ( 'NONE',  ( -0.000000000000000000, -1.000000000000000000, -0.000000000000000000 ) ) ;
#1673 = EDGE_CURVE ( 'NONE', #2433, #1597, #2679, .T. ) ;
#1674 = ORIENTED_EDGE ( 'NONE', *, *, #2332, .T. ) ;
#1675 = APPROVAL_STATUS ( 'not_yet_approved' ) ;
#1676 = ADVANCED_FACE ( 'NONE', ( #2981 ), #2673, .F. ) ;
#1677 = DIRECTION ( 'NONE',  ( 0.000000000000000000, 0.000000000000000000, -1.000000000000000000 ) ) ;
#1678 = ORIENTED_EDGE ( 'NONE', *, *, #413, .T. ) ;
#1679 = ITEM_DEFINED_TRANSFORMATION ( 'NONE', 'NONE', #868,  #2454 ) ;
#1680 = DIRECTION ( 'NONE',  ( -0.000000000000000000, 1.000000000000000000, -0.000000000000000000 ) ) ;
#1681 = CONTEXT_DEPENDENT_SHAPE_REPRESENTATION ( #3468, #2120 ) ;
#1682 = CARTESIAN_POINT ( 'NONE',  ( 0.000000000000000000, 0.000000000000000000, -19.99999999999999645 ) ) ;
#1683 = FACE_BOUND ( 'NONE', #794, .T. ) ;
#1684 = EDGE_LOOP ( 'NONE', ( #2518, #3387, #1884, #224 ) ) ;
#1685 = CARTESIAN_POINT ( 'NONE',  ( 19.99999999999999645, -0.000000000000000000, -22.00000000000000000 ) ) ;
#1686 = ORIENTED_EDGE ( 'NONE', *, *, #3445, .F. ) ;
#1687 =( REPRESENTATION_RELATIONSHIP ('NONE','NONE', #1987, #2621 ) REPRESENTATION_RELATIONSHIP_WITH_TRANSFORMATION ( #1591 )SHAPE_REPRESENTATION_RELATIONSHIP( ) );
#1688 = PERSON_AND_ORGANIZATION ( #3428, #2356 ) ;
#1689 = PRODUCT_RELATED_PRODUCT_CATEGORY ( 'detail', '', ( #761 ) ) ;
#1690 = DIRECTION ( 'NONE',  ( 0.000000000000000000, 0.000000000000000000, -1.000000000000000000 ) ) ;
#1691 = EDGE_LOOP ( 'NONE', ( #2508, #1386 ) ) ;
#1692 = DATE_TIME_ROLE ( 'classification_date' ) ;
#1693 = EDGE_CURVE ( 'NONE', #1295, #1174, #246, .T. ) ;
#1694 = CYLINDRICAL_SURFACE ( 'NONE', #1662, 0.4550000000000005151 ) ;
#1695 = DIRECTION ( 'NONE',  ( -0.000000000000000000, -1.000000000000000000, -0.000000000000000000 ) ) ;
#1696 = CALENDAR_DATE ( 2026, 13, 9 ) ;
#1697 = EDGE_CURVE ( 'NONE', #4, #2989, #2380, .T. ) ;
#1698 = DIRECTION ( 'NONE',  ( -0.000000000000000000, 1.000000000000000000, -0.000000000000000000 ) ) ;
#1699 = FACE_BOUND ( 'NONE', #3215, .T. ) ;
#1700 = EDGE_LOOP ( 'NONE', ( #1301, #476 ) ) ;
#1701 = DIRECTION ( 'NONE',  ( 0.000000000000000000, 0.000000000000000000, 1.000000000000000000 ) ) ;
#1702 = ORIENTED_EDGE ( 'NONE', *, *, #3067, .T. ) ;
#1703 = CARTESIAN_POINT ( 'NONE',  ( 5.432459535739056378, 4.500000000000000888, -16.84835993107065022 ) ) ;
#1704 = CIRCLE ( 'NONE', #910, 0.4550000000000005151 ) ;
#1705 = AXIS2_PLACEMENT_3D ( 'NONE', #3472, #1033, #1053 ) ;
#1706 = CLOSED_SHELL ( 'NONE', ( #1474, #1676, #1872, #2605, #2562, #1110, #634, #1047, #1008, #3307, #1837, #660, #1068, #1453, #3141, #2710, #2756, #2876, #85, #27, #206, #1087, #2353, #2652, #989, #2760, #43, #2077, #2242, #2073, #1191, #1021, #1406, #3134, #2630, #1395, #1225, #1960, #1547, #1900, #1566, #940, #2939, #3063, #2953, #847, #2095, #2601, #877, #891, #439, #612, #2982, #1914, #247, #106, #3, #3095, #2697, #1391, #2999, #3300, #222, #2359, #520 ) ) ;
#1707 = ORIENTED_EDGE ( 'NONE', *, *, #326, .F. ) ;
#1708 = CALENDAR_DATE ( 2026, 13, 9 ) ;
#1709 = CIRCLE ( 'NONE', #521, 0.4550000000000005151 ) ;
#1710 = CARTESIAN_POINT ( 'NONE',  ( 5.432459535739056378, 5.786934341759518929, -9.758359931070652138 ) ) ;
#1711 =( REPRESENTATION_RELATIONSHIP ('NONE','NONE', #1987, #2621 ) REPRESENTATION_RELATIONSHIP_WITH_TRANSFORMATION ( #1994 )SHAPE_REPRESENTATION_RELATIONSHIP( ) );
#1712 = DIRECTION ( 'NONE',  ( 0.000000000000000000, 0.000000000000000000, 1.000000000000000000 ) ) ;
#1713 = VERTEX_POINT ( 'NONE', #3487 ) ;
#1714 = SECURITY_CLASSIFICATION_LEVEL ( 'unclassified' ) ;
#1715 = CIRCLE ( 'NONE', #1034, 0.4550000000000005151 ) ;
#1716 = AXIS2_PLACEMENT_3D ( 'NONE', #209, #1020, #2832 ) ;
#1717 = VECTOR ( 'NONE', #3197, 1000.000000000000000 ) ;
#1718 = EDGE_CURVE ( 'NONE', #1572, #3337, #3220, .T. ) ;
#1719 = CARTESIAN_POINT ( 'NONE',  ( 13.43245953573905638, 5.786934341759518929, -17.30335993107065207 ) ) ;
#1720 = DATE_AND_TIME ( #3035, #651 ) ;
#1721 = AXIS2_PLACEMENT_3D ( 'NONE', #350, #2295, #888 ) ;
#1722 = DIRECTION ( 'NONE',  ( -0.000000000000000000, -1.000000000000000000, -0.000000000000000000 ) ) ;
#1723 = CC_DESIGN_SECURITY_CLASSIFICATION ( #703, ( #3501 ) ) ;
#1724 = AXIS2_PLACEMENT_3D ( 'NONE', #1048, #1359, #1626 ) ;
#1725 = ADVANCED_FACE ( 'NONE', ( #1867 ), #135, .T. ) ;
#1726 = CC_DESIGN_SECURITY_CLASSIFICATION ( #2628, ( #3492 ) ) ;
#1727 = CC_DESIGN_APPROVAL ( #499, ( #480 ) ) ;
#1728 = DIRECTION ( 'NONE',  ( -0.000000000000000000, -1.000000000000000000, -0.000000000000000000 ) ) ;
#1729 = ORIENTED_EDGE ( 'NONE', *, *, #2198, .T. ) ;
#1730 = ORIENTED_EDGE ( 'NONE', *, *, #158, .T. ) ;
#1731 = SECURITY_CLASSIFICATION ( '', '', #1239 ) ;
#1732 = DIRECTION ( 'NONE',  ( -1.000000000000000000, -0.000000000000000000, -0.000000000000000000 ) ) ;
#1733 = ORIENTED_EDGE ( 'NONE', *, *, #3461, .F. ) ;
#1734 = APPROVAL_DATE_TIME ( #879, #2086 ) ;
#1735 = FACE_OUTER_BOUND ( 'NONE', #1630, .T. ) ;
#1736 = EDGE_LOOP ( 'NONE', ( #301, #2304 ) ) ;
#1737 = SECURITY_CLASSIFICATION_LEVEL ( 'unclassified' ) ;
#1738 = DIRECTION ( 'NONE',  ( -0.9239195927440783107, 4.685335825556203773E-17, -0.3825867040862979684 ) ) ;
#1739 = PERSON_AND_ORGANIZATION_ROLE ( 'classification_officer' ) ;
#1740 = CARTESIAN_POINT ( 'NONE',  ( 17.43245953573905638, 4.500000000000000888, -13.75835993107065214 ) ) ;
#1741 = CC_DESIGN_DATE_AND_TIME_ASSIGNMENT ( #339, #1692, ( #411 ) ) ;
#1742 = CARTESIAN_POINT ( 'NONE',  ( 9.432459535739056378, 2.500000000000000000, -0.8483599310706509966 ) ) ;
#1743 = EDGE_LOOP ( 'NONE', ( #3324, #3403 ) ) ;
#1744 = CARTESIAN_POINT ( 'NONE',  ( 3.459939122936550149, 8.342510335299722968, 3.192498329506545662 ) ) ;
#1745 = FACE_OUTER_BOUND ( 'NONE', #2010, .T. ) ;
#1746 = EDGE_CURVE ( 'NONE', #364, #2989, #1060, .T. ) ;
#1747 = CYLINDRICAL_SURFACE ( 'NONE', #1251, 0.4550000000000005151 ) ;
#1748 = ORIENTED_EDGE ( 'NONE', *, *, #3017, .F. ) ;
#1749 = DATE_AND_TIME ( #431, #1786 ) ;
#1750 = CARTESIAN_POINT ( 'NONE',  ( 1.432459535739056156, 5.786934341759518929, -1.758359931070651250 ) ) ;
#1751 = DIRECTION ( 'NONE',  ( -0.000000000000000000, -1.000000000000000000, -0.000000000000000000 ) ) ;
#1752 = ORIENTED_EDGE ( 'NONE', *, *, #1897, .T. ) ;
#1753 = ITEM_DEFINED_TRANSFORMATION ( 'NONE', 'NONE', #1721,  #2454 ) ;
#1754 = DIRECTION ( 'NONE',  ( -0.000000000000000000, 1.000000000000000000, -0.000000000000000000 ) ) ;
#1755 = DATE_TIME_ROLE ( 'classification_date' ) ;
#1756 = DIRECTION ( 'NONE',  ( 0.000000000000000000, 0.000000000000000000, -1.000000000000000000 ) ) ;
#1757 = DIRECTION ( 'NONE',  ( -0.000000000000000000, -1.000000000000000000, -0.000000000000000000 ) ) ;
#1758 = APPROVAL ( #2687, 'UNKNOWN' ) ;
#1759 = DIRECTION ( 'NONE',  ( 0.000000000000000000, 1.000000000000000000, 0.000000000000000000 ) ) ;
#1760 = CYLINDRICAL_SURFACE ( 'NONE', #2903, 0.4550000000000005151 ) ;
#1761 = DIRECTION ( 'NONE',  ( 0.000000000000000000, 0.000000000000000000, -1.000000000000000000 ) ) ;
#1762 = EDGE_CURVE ( 'NONE', #3408, #1457, #2006, .T. ) ;
#1763 = ORIENTED_EDGE ( 'NONE', *, *, #527, .F. ) ;
#1764 = DIRECTION ( 'NONE',  ( 0.000000000000000000, -1.000000000000000000, 0.000000000000000000 ) ) ;
#1765 = PERSON ( 'NAUO-PER4', 'UNSPECIFIED', 'UNSPECIFIED', ('UNSPECIFIED'), ('UNSPECIFIED'), ('UNSPECIFIED') ) ;
#1766 = DIRECTION ( 'NONE',  ( 0.000000000000000000, 0.000000000000000000, -1.000000000000000000 ) ) ;
#1767 = EDGE_CURVE ( 'NONE', #2294, #1295, #559, .T. ) ;
#1768 = DIRECTION ( 'NONE',  ( 0.000000000000000000, -1.000000000000000000, 0.000000000000000000 ) ) ;
#1769 = ORIENTED_EDGE ( 'NONE', *, *, #3461, .T. ) ;
#1770 = AXIS2_PLACEMENT_3D ( 'NONE', #1882, #3224, #485 ) ;
#1771 = DIRECTION ( 'NONE',  ( -0.000000000000000000, 1.000000000000000000, -0.000000000000000000 ) ) ;
#1772 = DATE_AND_TIME ( #690, #3083 ) ;
#1773 = CARTESIAN_POINT ( 'NONE',  ( 1.432459535739056156, 2.500000000000000000, -9.303359931070652067 ) ) ;
#1774 = CC_DESIGN_SECURITY_CLASSIFICATION ( #1217, ( #3514 ) ) ;
#1775 = AXIS2_PLACEMENT_3D ( 'NONE', #2594, #3081, #107 ) ;
#1776 = FACE_OUTER_BOUND ( 'NONE', #623, .T. ) ;
#1777 = APPROVAL_PERSON_ORGANIZATION ( #454, #544, #2891 ) ;
#1778 = DIRECTION ( 'NONE',  ( 1.000000000000000000, 0.000000000000000000, 0.000000000000000000 ) ) ;
#1779 = CIRCLE ( 'NONE', #245, 0.4550000000000001266 ) ;
#1780 = CYLINDRICAL_SURFACE ( 'NONE', #2610, 0.4550000000000005151 ) ;
#1781 = CARTESIAN_POINT ( 'NONE',  ( 13.43245953573905638, 2.500000000000000000, -5.758359931070652138 ) ) ;
#1782 = AXIS2_PLACEMENT_3D ( 'NONE', #2313, #1701, #1967 ) ;
#1783 = SECURITY_CLASSIFICATION ( '', '', #1714 ) ;
#1784 = CC_DESIGN_APPROVAL ( #1307, ( #2410 ) ) ;
#1785 = ORIENTED_EDGE ( 'NONE', *, *, #2453, .T. ) ;
#1786 = LOCAL_TIME ( 17, 6, 26.00000000000000000, #700 ) ;
#1787 = APPROVAL_DATE_TIME ( #1499, #234 ) ;
#1788 = CARTESIAN_POINT ( 'NONE',  ( 5.432459535739056378, 5.786934341759518929, -8.848359931070651996 ) ) ;
#1789 = EDGE_CURVE ( 'NONE', #3007, #1623, #1298, .T. ) ;
#1790 = FACE_OUTER_BOUND ( 'NONE', #790, .T. ) ;
#1791 = CARTESIAN_POINT ( 'NONE',  ( 5.432459535739056378, 2.500000000000000000, -5.303359931070652067 ) ) ;
#1792 = ORIENTED_EDGE ( 'NONE', *, *, #2335, .F. ) ;
#1793 = DATE_AND_TIME ( #688, #1275 ) ;
#1794 = EDGE_CURVE ( 'NONE', #149, #2651, #1025, .T. ) ;
#1795 = LINE ( 'NONE', #1254, #2403 ) ;
#1796 = APPROVAL_ROLE ( '' ) ;
#1797 = DIRECTION ( 'NONE',  ( -0.000000000000000000, -1.000000000000000000, -0.000000000000000000 ) ) ;
#1798 = FACE_OUTER_BOUND ( 'NONE', #1684, .T. ) ;
#1799 = PERSON_AND_ORGANIZATION ( #2273, #3437 ) ;
#1800 = ORIENTED_EDGE ( 'NONE', *, *, #1571, .T. ) ;
#1801 = DIRECTION ( 'NONE',  ( -0.000000000000000000, -1.000000000000000000, -0.000000000000000000 ) ) ;
#1802 = PRODUCT_DEFINITION_SHAPE ( 'NONE', 'NONE',  #3502 ) ;
#1803 = EDGE_LOOP ( 'NONE', ( #2108, #681 ) ) ;
#1804 = LINE ( 'NONE', #2884, #3206 ) ;
#1805 = CARTESIAN_POINT ( 'NONE',  ( 9.432459535739056378, 5.786934341759518929, -9.758359931070652138 ) ) ;
#1806 = CARTESIAN_POINT ( 'NONE',  ( 5.432459535739056378, 4.500000000000000888, -17.30335993107065207 ) ) ;
#1807 = APPROVAL ( #2235, 'UNKNOWN' ) ;
#1808 = ORIENTED_EDGE ( 'NONE', *, *, #2283, .F. ) ;
#1809 = DIRECTION ( 'NONE',  ( -0.000000000000000000, -1.000000000000000000, -0.000000000000000000 ) ) ;
#1810 = EDGE_CURVE ( 'NONE', #1403, #565, #764, .T. ) ;
#1811 = ORIENTED_EDGE ( 'NONE', *, *, #832, .T. ) ;
#1812 = APPROVAL_DATE_TIME ( #3167, #544 ) ;
#1813 = DIRECTION ( 'NONE',  ( -0.000000000000000000, -1.000000000000000000, -0.000000000000000000 ) ) ;
#1814 = DIRECTION ( 'NONE',  ( 0.000000000000000000, -1.000000000000000000, 0.000000000000000000 ) ) ;
#1815 = PERSON ( 'NAUO-PER7', 'UNSPECIFIED', 'UNSPECIFIED', ('UNSPECIFIED'), ('UNSPECIFIED'), ('UNSPECIFIED') ) ;
#1816 = CALENDAR_DATE ( 2026, 13, 9 ) ;
#1817 = LINE ( 'NONE', #3236, #3070 ) ;
#1818 = ORIENTED_EDGE ( 'NONE', *, *, #1587, .T. ) ;
#1819 = DATE_AND_TIME ( #738, #1611 ) ;
#1820 = CARTESIAN_POINT ( 'NONE',  ( 19.99999999999999645, 2.500000000000000000, -19.99999999999999645 ) ) ;
#1821 = LINE ( 'NONE', #2821, #1376 ) ;
#1822 = AXIS2_PLACEMENT_3D ( 'NONE', #949, #2044, #2298 ) ;
#1823 = DIRECTION ( 'NONE',  ( 0.000000000000000000, 0.000000000000000000, -1.000000000000000000 ) ) ;
#1824 = ORIENTED_EDGE ( 'NONE', *, *, #1051, .T. ) ;
#1825 = CC_DESIGN_PERSON_AND_ORGANIZATION_ASSIGNMENT ( #2488, #1190, ( #2408 ) ) ;
#1826 = DIRECTION ( 'NONE',  ( -0.000000000000000000, -1.000000000000000000, -0.000000000000000000 ) ) ;
#1827 = ORIENTED_EDGE ( 'NONE', *, *, #1947, .F. ) ;
#1828 = DATE_AND_TIME ( #972, #2923 ) ;
#1829 = VECTOR ( 'NONE', #592, 1000.000000000000000 ) ;
#1830 = CIRCLE ( 'NONE', #1480, 0.4550000000000005151 ) ;
#1831 = CARTESIAN_POINT ( 'NONE',  ( 17.43245953573905638, 5.786934341759518929, -5.303359931070652067 ) ) ;
#1832 = ADVANCED_FACE ( 'NONE', ( #1855, #495 ), #2658, .F. ) ;
#1833 = FACE_OUTER_BOUND ( 'NONE', #887, .T. ) ;
#1834 =( REPRESENTATION_RELATIONSHIP ('NONE','NONE', #1987, #2621 ) REPRESENTATION_RELATIONSHIP_WITH_TRANSFORMATION ( #1679 )SHAPE_REPRESENTATION_RELATIONSHIP( ) );
#1835 = CARTESIAN_POINT ( 'NONE',  ( 17.43245953573905638, 2.500000000000000000, -5.303359931070652067 ) ) ;
#1836 = VECTOR ( 'NONE', #2859, 1000.000000000000000 ) ;
#1837 = ADVANCED_FACE ( 'NONE', ( #2264 ), #1694, .F. ) ;
#1838 = CIRCLE ( 'NONE', #3253, 0.4550000000000005151 ) ;
#1839 = CC_DESIGN_SECURITY_CLASSIFICATION ( #1489, ( #3499 ) ) ;
#1840 = AXIS2_PLACEMENT_3D ( 'NONE', #1932, #886, #62 ) ;
#1841 = VERTEX_POINT ( 'NONE', #1290 ) ;
#1842 = AXIS2_PLACEMENT_3D ( 'NONE', #1744, #2810, #2255 ) ;
#1843 = DIRECTION ( 'NONE',  ( -0.000000000000000000, 1.000000000000000000, -0.000000000000000000 ) ) ;
#1844 = LOCAL_TIME ( 17, 6, 26.00000000000000000, #3475 ) ;
#1845 = VECTOR ( 'NONE', #1612, 1000.000000000000000 ) ;
#1846 = FACE_BOUND ( 'NONE', #590, .T. ) ;
#1847 = CC_DESIGN_APPROVAL ( #218, ( #844 ) ) ;
#1848 = EDGE_LOOP ( 'NONE', ( #1733, #924 ) ) ;
#1849 = DATE_AND_TIME ( #221, #2460 ) ;
#1850 = CC_DESIGN_SECURITY_CLASSIFICATION ( #1731, ( #3495 ) ) ;
#1851 = DIRECTION ( 'NONE',  ( -0.000000000000000000, -1.000000000000000000, -0.000000000000000000 ) ) ;
#1852 = ORIENTED_EDGE ( 'NONE', *, *, #2245, .F. ) ;
#1853 = SECURITY_CLASSIFICATION_LEVEL ( 'unclassified' ) ;
#1854 = DIRECTION ( 'NONE',  ( 0.000000000000000000, -1.000000000000000000, 0.000000000000000000 ) ) ;
#1855 = FACE_OUTER_BOUND ( 'NONE', #3195, .T. ) ;
#1856 = DATE_AND_TIME ( #2098, #2459 ) ;
#1857 = CC_DESIGN_PERSON_AND_ORGANIZATION_ASSIGNMENT ( #1881, #3275, ( #2007 ) ) ;
#1858 = CARTESIAN_POINT ( 'NONE',  ( -2.000000000000000000, -0.000000000000000000, 0.000000000000000000 ) ) ;
#1859 = EDGE_CURVE ( 'NONE', #180, #2765, #1804, .T. ) ;
#1860 = VERTEX_POINT ( 'NONE', #1234 ) ;
#1861 = DIRECTION ( 'NONE',  ( 0.000000000000000000, 0.000000000000000000, -1.000000000000000000 ) ) ;
#1862 = FACE_BOUND ( 'NONE', #557, .T. ) ;
#1863 = ORIENTED_EDGE ( 'NONE', *, *, #2112, .T. ) ;
#1864 = CONTEXT_DEPENDENT_SHAPE_REPRESENTATION ( #2547, #1417 ) ;
#1865 = ORIENTED_EDGE ( 'NONE', *, *, #2306, .T. ) ;
#1866 = SECURITY_CLASSIFICATION_LEVEL ( 'unclassified' ) ;
#1867 = FACE_OUTER_BOUND ( 'NONE', #1536, .T. ) ;
#1868 = APPROVAL_DATE_TIME ( #783, #218 ) ;
#1869 = DIRECTION ( 'NONE',  ( 0.000000000000000000, -1.000000000000000000, 0.000000000000000000 ) ) ;
#1870 = CC_DESIGN_DATE_AND_TIME_ASSIGNMENT ( #378, #2504, ( #3378 ) ) ;
#1871 = CARTESIAN_POINT ( 'NONE',  ( 9.432459535739056378, 2.500000000000000000, -9.303359931070652067 ) ) ;
#1872 = ADVANCED_FACE ( 'NONE', ( #1549 ), #2844, .F. ) ;
#1873 = ORIENTED_EDGE ( 'NONE', *, *, #1697, .F. ) ;
#1874 = DATE_AND_TIME ( #1056, #195 ) ;
#1875 = EDGE_CURVE ( 'NONE', #2128, #1467, #474, .T. ) ;
#1876 = CIRCLE ( 'NONE', #2663, 0.4550000000000001266 ) ;
#1877 = ORIENTED_EDGE ( 'NONE', *, *, #155, .T. ) ;
#1878 = ITEM_DEFINED_TRANSFORMATION ( 'NONE', 'NONE', #3257,  #2454 ) ;
#1879 = CARTESIAN_POINT ( 'NONE',  ( 5.432459535739056378, 2.500000000000000000, -1.758359931070651250 ) ) ;
#1880 = CONICAL_SURFACE ( 'NONE', #3249, 0.02309798981860195985, 0.3925943860341560843 ) ;
#1881 = PERSON_AND_ORGANIZATION ( #2273, #3437 ) ;
#1882 = CARTESIAN_POINT ( 'NONE',  ( 5.432459535739056378, 5.786934341759518929, -1.303359931070651179 ) ) ;
#1883 = AXIS2_PLACEMENT_3D ( 'NONE', #3384, #3131, #3358 ) ;
#1884 = ORIENTED_EDGE ( 'NONE', *, *, #462, .T. ) ;
#1885 = AXIS2_PLACEMENT_3D ( 'NONE', #672, #1240, #1756 ) ;
#1886 = ORIENTED_EDGE ( 'NONE', *, *, #1693, .F. ) ;
#1887 = CARTESIAN_POINT ( 'NONE',  ( 17.43245953573905638, 5.786934341759518929, -13.30335993107065207 ) ) ;
#1888 = AXIS2_PLACEMENT_3D ( 'NONE', #2194, #597, #3084 ) ;
#1889 = AXIS2_PLACEMENT_3D ( 'NONE', #1831, #1577, #1297 ) ;
#1890 = AXIS2_PLACEMENT_3D ( 'NONE', #2373, #553, #33 ) ;
#1891 = ORIENTED_EDGE ( 'NONE', *, *, #390, .T. ) ;
#1892 = LOCAL_TIME ( 17, 6, 26.00000000000000000, #3295 ) ;
#1893 = SECURITY_CLASSIFICATION_LEVEL ( 'unclassified' ) ;
#1894 = CIRCLE ( 'NONE', #2228, 2.000000000000001776 ) ;
#1895 = EDGE_CURVE ( 'NONE', #3018, #2661, #2556, .T. ) ;
#1896 = VECTOR ( 'NONE', #1751, 1000.000000000000000 ) ;
#1897 = EDGE_CURVE ( 'NONE', #2294, #364, #1093, .T. ) ;
#1898 = VERTEX_POINT ( 'NONE', #3188 ) ;
#1899 = CALENDAR_DATE ( 2026, 13, 9 ) ;
#1900 = ADVANCED_FACE ( 'NONE', ( #2318 ), #165, .T. ) ;
#1901 = LOCAL_TIME ( 17, 6, 26.00000000000000000, #2748 ) ;
#1902 = ORIENTED_EDGE ( 'NONE', *, *, #2671, .T. ) ;
#1903 = DIRECTION ( 'NONE',  ( 0.000000000000000000, 0.000000000000000000, -1.000000000000000000 ) ) ;
#1904 = PERSON_AND_ORGANIZATION ( #2273, #3437 ) ;
#1905 = CARTESIAN_POINT ( 'NONE',  ( 9.432459535739056378, 4.500000000000000888, -13.30335993107065207 ) ) ;
#1906 = ORIENTED_EDGE ( 'NONE', *, *, #2306, .F. ) ;
#1907 = LINE ( 'NONE', #1598, #2782 ) ;
#1908 = ORIENTED_EDGE ( 'NONE', *, *, #1241, .T. ) ;
#1909 = ITEM_DEFINED_TRANSFORMATION ( 'NONE', 'NONE', #1782,  #2454 ) ;
#1910 = CC_DESIGN_PERSON_AND_ORGANIZATION_ASSIGNMENT ( #2444, #2118, ( #711 ) ) ;
#1911 = CARTESIAN_POINT ( 'NONE',  ( 1.100000000000000089, 0.000000000000000000, 0.000000000000000000 ) ) ;
#1912 = ORIENTED_EDGE ( 'NONE', *, *, #2516, .F. ) ;
#1913 = COORDINATED_UNIVERSAL_TIME_OFFSET ( 8, 0, .BEHIND. ) ;
#1914 = ADVANCED_FACE ( 'NONE', ( #1270 ), #1532, .F. ) ;
#1915 = CARTESIAN_POINT ( 'NONE',  ( 9.432459535739056378, 2.500000000000000000, -8.848359931070651996 ) ) ;
#1916 = DATE_TIME_ROLE ( 'creation_date' ) ;
#1917 = LINE ( 'NONE', #535, #1259 ) ;
#1918 = DIRECTION ( 'NONE',  ( -0.000000000000000000, 1.000000000000000000, -0.000000000000000000 ) ) ;
#1919 = ORIENTED_EDGE ( 'NONE', *, *, #785, .T. ) ;
#1920 = EDGE_LOOP ( 'NONE', ( #745, #3420, #2526, #2969 ) ) ;
#1921 = DIRECTION ( 'NONE',  ( 1.000000000000000000, 0.000000000000000000, -0.000000000000000000 ) ) ;
#1922 = EDGE_LOOP ( 'NONE', ( #2254, #3267 ) ) ;
#1923 = CONTEXT_DEPENDENT_SHAPE_REPRESENTATION ( #1449, #2878 ) ;
#1924 = DIRECTION ( 'NONE',  ( -0.000000000000000000, -1.000000000000000000, -0.000000000000000000 ) ) ;
#1925 = ORIENTED_EDGE ( 'NONE', *, *, #1794, .T. ) ;
#1926 = APPROVAL_ROLE ( '' ) ;
#1927 = AXIS2_PLACEMENT_3D ( 'NONE', #320, #3360, #49 ) ;
#1928 = CARTESIAN_POINT ( 'NONE',  ( 13.43245953573905638, 2.500000000000000000, -17.30335993107065207 ) ) ;
#1929 = APPROVAL ( #3222, 'UNSPECIFIED' ) ;
#1930 = PRODUCT_DEFINITION_SHAPE ( 'NONE', 'NONE',  #3511 ) ;
#1931 = PERSON ( 'NAUO-PER6', 'UNSPECIFIED', 'UNSPECIFIED', ('UNSPECIFIED'), ('UNSPECIFIED'), ('UNSPECIFIED') ) ;
#1932 = CARTESIAN_POINT ( 'NONE',  ( 0.000000000000000000, 0.000000000000000000, 0.000000000000000000 ) ) ;
#1933 = ORIENTED_EDGE ( 'NONE', *, *, #3023, .T. ) ;
#1934 = VECTOR ( 'NONE', #410, 1000.000000000000000 ) ;
#1935 = EDGE_CURVE ( 'NONE', #1860, #3181, #2494, .T. ) ;
#1936 = CARTESIAN_POINT ( 'NONE',  ( 17.43245953573905638, 5.786934341759518929, -5.758359931070652138 ) ) ;
#1937 = CIRCLE ( 'NONE', #404, 0.4550000000000005151 ) ;
#1938 = EDGE_LOOP ( 'NONE', ( #546, #2036 ) ) ;
#1939 = PERSON_AND_ORGANIZATION_ROLE ( 'classification_officer' ) ;
#1940 = VECTOR ( 'NONE', #2559, 1000.000000000000000 ) ;
#1941 = AXIS2_PLACEMENT_3D ( 'NONE', #2689, #1343, #2461 ) ;
#1942 = LOCAL_TIME ( 17, 6, 26.00000000000000000, #830 ) ;
#1943 = CIRCLE ( 'NONE', #704, 0.4550000000000005151 ) ;
#1944 = ORIENTED_EDGE ( 'NONE', *, *, #2311, .T. ) ;
#1945 = COORDINATED_UNIVERSAL_TIME_OFFSET ( 8, 0, .BEHIND. ) ;
#1946 = CIRCLE ( 'NONE', #2510, 0.4550000000000005151 ) ;
#1947 = EDGE_CURVE ( 'NONE', #3072, #2612, #1534, .T. ) ;
#1948 = CARTESIAN_POINT ( 'NONE',  ( 20.00000000000000000, 0.000000000000000000, 0.000000000000000000 ) ) ;
#1949 = LOCAL_TIME ( 17, 6, 26.00000000000000000, #2818 ) ;
#1950 = ORGANIZATION ( 'NAUO-ORG23', 'UNSPECIFIED', 'UNSPECIFIED' ) ;
#1951 = APPROVAL_STATUS ( 'not_yet_approved' ) ;
#1952 = CARTESIAN_POINT ( 'NONE',  ( 17.43245953573905638, 2.500000000000000000, -9.303359931070652067 ) ) ;
#1953 = DIRECTION ( 'NONE',  ( 0.000000000000000000, 0.000000000000000000, -1.000000000000000000 ) ) ;
#1954 = CC_DESIGN_DATE_AND_TIME_ASSIGNMENT ( #1421, #1139, ( #1271 ) ) ;
#1955 = VERTEX_POINT ( 'NONE', #2033 ) ;
#1956 = ORIENTED_EDGE ( 'NONE', *, *, #1083, .F. ) ;
#1957 = CARTESIAN_POINT ( 'NONE',  ( 17.43245953573905638, 5.786934341759518929, -8.848359931070651996 ) ) ;
#1958 = EDGE_CURVE ( 'NONE', #3218, #1651, #6, .T. ) ;
#1959 = VERTEX_POINT ( 'NONE', #3174 ) ;
#1960 = ADVANCED_FACE ( 'NONE', ( #204 ), #182, .T. ) ;
#1961 = ORIENTED_EDGE ( 'NONE', *, *, #1481, .T. ) ;
#1962 = DATE_TIME_ROLE ( 'classification_date' ) ;
#1963 = DIRECTION ( 'NONE',  ( 1.000000000000000000, 0.000000000000000000, -0.000000000000000000 ) ) ;
#1964 = CARTESIAN_POINT ( 'NONE',  ( 5.432459535739056378, 2.500000000000000000, -0.8483599310706509966 ) ) ;
#1965 = DIRECTION ( 'NONE',  ( 0.000000000000000000, -1.000000000000000000, 0.000000000000000000 ) ) ;
#1966 = EDGE_LOOP ( 'NONE', ( #1919, #2489, #614, #2714 ) ) ;
#1967 = DIRECTION ( 'NONE',  ( 0.000000000000000000, 1.000000000000000000, 0.000000000000000000 ) ) ;
#1968 = ORIENTED_EDGE ( 'NONE', *, *, #2332, .F. ) ;
#1969 = PERSON ( 'NAUO-PER25', 'UNSPECIFIED', 'UNSPECIFIED', ('UNSPECIFIED'), ('UNSPECIFIED'), ('UNSPECIFIED') ) ;
#1970 = FACE_OUTER_BOUND ( 'NONE', #1966, .T. ) ;
#1971 = ORIENTED_EDGE ( 'NONE', *, *, #2496, .T. ) ;
#1972 = COORDINATED_UNIVERSAL_TIME_OFFSET ( 8, 0, .BEHIND. ) ;
#1973 = EDGE_CURVE ( 'NONE', #1407, #1651, #2370, .T. ) ;
#1974 = LINE ( 'NONE', #613, #2677 ) ;
#1975 = ORIENTED_EDGE ( 'NONE', *, *, #442, .F. ) ;
#1976 = APPROVAL_STATUS ( 'not_yet_approved' ) ;
#1977 = EDGE_CURVE ( 'NONE', #210, #2355, #683, .T. ) ;
#1978 = DIRECTION ( 'NONE',  ( -0.000000000000000000, 1.000000000000000000, -0.000000000000000000 ) ) ;
#1979 = ITEM_DEFINED_TRANSFORMATION ( 'NONE', 'NONE', #1890,  #2454 ) ;
#1980 = LINE ( 'NONE', #2325, #3075 ) ;
#1981 = DIRECTION ( 'NONE',  ( -0.000000000000000000, -1.000000000000000000, -0.000000000000000000 ) ) ;
#1982 = ORIENTED_EDGE ( 'NONE', *, *, #1353, .T. ) ;
#1983 = CARTESIAN_POINT ( 'NONE',  ( 3.459939122936550149, 8.342510335299722968, 11.19249832950654522 ) ) ;
#1984 = DIRECTION ( 'NONE',  ( -0.000000000000000000, -0.000000000000000000, 1.000000000000000000 ) ) ;
#1985 = DIRECTION ( 'NONE',  ( -0.000000000000000000, -1.000000000000000000, -0.000000000000000000 ) ) ;
#1986 = AXIS2_PLACEMENT_3D ( 'NONE', #2020, #1978, #632 ) ;
#1987 = SHAPE_REPRESENTATION ( 'MicroNeedle_with_channels', ( #1333, #3434, #357, #1890, #354, #2346, #1040, #2794, #1269, #584, #188, #3257, #1721, #2174, #3082, #868, #1842, #3024, #3488, #1782, #762, #2122, #248, #2231, #3367, #1610, #2354 ), #647 ) ;
#1988 = ORIENTED_EDGE ( 'NONE', *, *, #1431, .T. ) ;
#1989 = COORDINATED_UNIVERSAL_TIME_OFFSET ( 8, 0, .BEHIND. ) ;
#1990 = CARTESIAN_POINT ( 'NONE',  ( 13.43245953573905638, 5.786934341759518929, -5.303359931070652067 ) ) ;
#1991 = DIRECTION ( 'NONE',  ( -0.000000000000000000, 1.000000000000000000, -0.000000000000000000 ) ) ;
#1992 = CC_DESIGN_DATE_AND_TIME_ASSIGNMENT ( #2956, #857, ( #189 ) ) ;
#1993 = ORIENTED_EDGE ( 'NONE', *, *, #1607, .T. ) ;
#1994 = ITEM_DEFINED_TRANSFORMATION ( 'NONE', 'NONE', #3082,  #2454 ) ;
#1995 = AXIS2_PLACEMENT_3D ( 'NONE', #1990, #363, #2847 ) ;
#1996 = VECTOR ( 'NONE', #714, 1000.000000000000000 ) ;
#1997 = LOCAL_TIME ( 17, 6, 26.00000000000000000, #1332 ) ;
#1998 = AXIS2_PLACEMENT_3D ( 'NONE', #550, #1578, #771 ) ;
#1999 = DIRECTION ( 'NONE',  ( -0.000000000000000000, -1.000000000000000000, -0.000000000000000000 ) ) ;
#2000 = CARTESIAN_POINT ( 'NONE',  ( 1.109564667602157551, 2.828687929808904147E-18, -0.02309798981860195985 ) ) ;
#2001 = EDGE_CURVE ( 'NONE', #2575, #537, #1134, .T. ) ;
#2002 = APPROVAL_ROLE ( '' ) ;
#2003 = AXIS2_PLACEMENT_3D ( 'NONE', #1791, #2280, #1520 ) ;
#2004 = LINE ( 'NONE', #1165, #2613 ) ;
#2005 = CARTESIAN_POINT ( 'NONE',  ( 0.000000000000000000, 0.000000000000000000, 0.000000000000000000 ) ) ;
#2006 = CIRCLE ( 'NONE', #2291, 0.4550000000000001266 ) ;
#2007 = PRODUCT_DEFINITION_FORMATION_WITH_SPECIFIED_SOURCE ( 'ANY', '', #2741, .NOT_KNOWN. ) ;
#2008 = ORGANIZATION ( 'NAUO-ORG18', 'UNSPECIFIED', 'UNSPECIFIED' ) ;
#2009 = FACE_BOUND ( 'NONE', #1636, .T. ) ;
#2010 = EDGE_LOOP ( 'NONE', ( #1504, #2890, #1824, #2422 ) ) ;
#2011 = ORIENTED_EDGE ( 'NONE', *, *, #2557, .T. ) ;
#2012 = LOCAL_TIME ( 17, 6, 26.00000000000000000, #477 ) ;
#2013 = DIRECTION ( 'NONE',  ( 0.000000000000000000, 0.000000000000000000, -1.000000000000000000 ) ) ;
#2014 = ORIENTED_EDGE ( 'NONE', *, *, #2153, .F. ) ;
#2015 = DIRECTION ( 'NONE',  ( -0.000000000000000000, -1.000000000000000000, -0.000000000000000000 ) ) ;
#2016 = SHAPE_REPRESENTATION ( 'MNbase', ( #2454 ), #2622 ) ;
#2017 = DIRECTION ( 'NONE',  ( 0.000000000000000000, 0.000000000000000000, -1.000000000000000000 ) ) ;
#2018 = EDGE_LOOP ( 'NONE', ( #3442, #1207, #332, #2703 ) ) ;
#2019 = PERSON_AND_ORGANIZATION ( #1080, #812 ) ;
#2020 = CARTESIAN_POINT ( 'NONE',  ( 5.432459535739056378, 4.500000000000000888, -13.30335993107065207 ) ) ;
#2021 = SHAPE_DEFINITION_REPRESENTATION ( #2179, #2016 ) ;
#2022 = CYLINDRICAL_SURFACE ( 'NONE', #122, 0.4550000000000005151 ) ;
#2023 = PRODUCT_DEFINITION_SHAPE ( 'NONE', 'NONE',  #3515 ) ;
#2024 = EDGE_CURVE ( 'NONE', #83, #2951, #754, .T. ) ;
#2025 = DIRECTION ( 'NONE',  ( 0.000000000000000000, 0.000000000000000000, -1.000000000000000000 ) ) ;
#2026 = ORIENTED_EDGE ( 'NONE', *, *, #944, .F. ) ;
#2027 = CARTESIAN_POINT ( 'NONE',  ( 7.459939122936550149, 8.342510335299722968, 3.192498329506545662 ) ) ;
#2028 = ORIENTED_EDGE ( 'NONE', *, *, #616, .T. ) ;
#2029 = LINE ( 'NONE', #3116, #2438 ) ;
#2030 = EDGE_CURVE ( 'NONE', #2470, #2031, #3069, .T. ) ;
#2031 = VERTEX_POINT ( 'NONE', #952 ) ;
#2032 = COORDINATED_UNIVERSAL_TIME_OFFSET ( 8, 0, .BEHIND. ) ;
#2033 = CARTESIAN_POINT ( 'NONE',  ( 17.43245953573905638, 2.500000000000000000, -9.758359931070652138 ) ) ;
#2034 = CARTESIAN_POINT ( 'NONE',  ( 20.00000000000000000, 0.000000000000000000, -20.00000000000000000 ) ) ;
#2035 = DIRECTION ( 'NONE',  ( 0.000000000000000000, 0.000000000000000000, -1.000000000000000000 ) ) ;
#2036 = ORIENTED_EDGE ( 'NONE', *, *, #728, .F. ) ;
#2037 = CARTESIAN_POINT ( 'NONE',  ( 17.43245953573905638, 5.786934341759518929, -12.84835993107065200 ) ) ;
#2038 = COORDINATED_UNIVERSAL_TIME_OFFSET ( 8, 0, .BEHIND. ) ;
#2039 = CARTESIAN_POINT ( 'NONE',  ( 0.000000000000000000, 0.000000000000000000, 0.4825586317211318366 ) ) ;
#2040 = CARTESIAN_POINT ( 'NONE',  ( 9.432459535739056378, 4.500000000000000888, -0.8483599310706509966 ) ) ;
#2041 = DIRECTION ( 'NONE',  ( 0.000000000000000000, 1.000000000000000000, 0.000000000000000000 ) ) ;
#2042 = CC_DESIGN_PERSON_AND_ORGANIZATION_ASSIGNMENT ( #2624, #1285, ( #536 ) ) ;
#2043 = CARTESIAN_POINT ( 'NONE',  ( 9.432459535739056378, 5.786934341759518929, -5.303359931070652067 ) ) ;
#2044 = DIRECTION ( 'NONE',  ( -0.000000000000000000, 1.000000000000000000, -0.000000000000000000 ) ) ;
#2045 = EDGE_CURVE ( 'NONE', #330, #1174, #1518, .T. ) ;
#2046 = ORIENTED_EDGE ( 'NONE', *, *, #3240, .F. ) ;
#2047 = CALENDAR_DATE ( 2026, 13, 9 ) ;
#2048 = CARTESIAN_POINT ( 'NONE',  ( 13.43245953573905638, 2.500000000000000000, -13.30335993107065207 ) ) ;
#2049 = CARTESIAN_POINT ( 'NONE',  ( 17.43245953573905638, 2.500000000000000000, -17.30335993107065207 ) ) ;
#2050 = CARTESIAN_POINT ( 'NONE',  ( 5.432459535739056378, 2.500000000000000000, -9.303359931070652067 ) ) ;
#2051 = ORIENTED_EDGE ( 'NONE', *, *, #158, .F. ) ;
#2052 = CARTESIAN_POINT ( 'NONE',  ( 13.43245953573905638, 2.500000000000000000, -9.758359931070652138 ) ) ;
#2053 = AXIS2_PLACEMENT_3D ( 'NONE', #293, #328, #265 ) ;
#2054 = ITEM_DEFINED_TRANSFORMATION ( 'NONE', 'NONE', #2346,  #2454 ) ;
#2055 = CARTESIAN_POINT ( 'NONE',  ( 1.432459535739056156, 2.500000000000000000, -13.30335993107065207 ) ) ;
#2056 = LOCAL_TIME ( 17, 6, 26.00000000000000000, #408 ) ;
#2057 = CIRCLE ( 'NONE', #1775, 0.4550000000000005151 ) ;
#2058 = LINE ( 'NONE', #960, #1657 ) ;
#2059 = AXIS2_PLACEMENT_3D ( 'NONE', #2541, #3030, #1690 ) ;
#2060 = CC_DESIGN_APPROVAL ( #544, ( #2855 ) ) ;
#2061 = APPLICATION_PROTOCOL_DEFINITION ( 'international standard', 'config_control_design', 1994, #919 ) ;
#2062 = CIRCLE ( 'NONE', #2797, 0.4825586317211317811 ) ;
#2063 = CARTESIAN_POINT ( 'NONE',  ( 17.43245953573905638, 4.500000000000000888, -0.8483599310706509966 ) ) ;
#2064 = CARTESIAN_POINT ( 'NONE',  ( 1.432459535739056156, 4.500000000000000888, -9.303359931070652067 ) ) ;
#2065 = PERSON ( 'NAUO-PER17', 'UNSPECIFIED', 'UNSPECIFIED', ('UNSPECIFIED'), ('UNSPECIFIED'), ('UNSPECIFIED') ) ;
#2066 = CC_DESIGN_SECURITY_CLASSIFICATION ( #1783, ( #3506 ) ) ;
#2067 = CC_DESIGN_PERSON_AND_ORGANIZATION_ASSIGNMENT ( #291, #1614, ( #420 ) ) ;
#2068 = APPROVAL_PERSON_ORGANIZATION ( #3334, #1062, #383 ) ;
#2069 = VERTEX_POINT ( 'NONE', #151 ) ;
#2070 = APPROVAL_PERSON_ORGANIZATION ( #2592, #656, #682 ) ;
#2071 = DIRECTION ( 'NONE',  ( -0.000000000000000000, -1.000000000000000000, -0.000000000000000000 ) ) ;
#2072 = EDGE_CURVE ( 'NONE', #3038, #2533, #3354, .T. ) ;
#2073 = ADVANCED_FACE ( 'NONE', ( #985 ), #1633, .F. ) ;
#2074 = CARTESIAN_POINT ( 'NONE',  ( 9.432459535739056378, 2.500000000000000000, -13.30335993107065207 ) ) ;
#2075 = DIRECTION ( 'NONE',  ( -0.000000000000000000, 1.000000000000000000, -0.000000000000000000 ) ) ;
#2076 = ORIENTED_EDGE ( 'NONE', *, *, #2893, .T. ) ;
#2077 = ADVANCED_FACE ( 'NONE', ( #1104 ), #1082, .F. ) ;
#2078 = DIRECTION ( 'NONE',  ( 0.000000000000000000, 0.000000000000000000, -1.000000000000000000 ) ) ;
#2079 = DATE_AND_TIME ( #2364, #2623 ) ;
#2080 = CARTESIAN_POINT ( 'NONE',  ( 20.00000000000000000, 2.500000000000000000, -20.00000000000000000 ) ) ;
#2081 = DIRECTION ( 'NONE',  ( -0.000000000000000000, -1.000000000000000000, -0.000000000000000000 ) ) ;
#2082 = MECHANICAL_CONTEXT ( 'NONE', #919, 'mechanical' ) ;
#2083 = CYLINDRICAL_SURFACE ( 'NONE', #1316, 0.4550000000000005151 ) ;
#2084 = VERTEX_POINT ( 'NONE', #282 ) ;
#2085 = APPROVAL_ROLE ( '' ) ;
#2086 = APPROVAL ( #2224, 'UNKNOWN' ) ;
#2087 = DIRECTION ( 'NONE',  ( 0.000000000000000000, -1.000000000000000000, 0.000000000000000000 ) ) ;
#2088 = DIRECTION ( 'NONE',  ( 0.000000000000000000, 0.000000000000000000, -1.000000000000000000 ) ) ;
#2089 = DIRECTION ( 'NONE',  ( -0.000000000000000000, -1.000000000000000000, -0.000000000000000000 ) ) ;
#2090 = EDGE_LOOP ( 'NONE', ( #2872, #2867 ) ) ;
#2091 = EDGE_CURVE ( 'NONE', #2700, #2243, #3133, .T. ) ;
#2092 = DIRECTION ( 'NONE',  ( -0.000000000000000000, 1.000000000000000000, -0.000000000000000000 ) ) ;
#2093 = ORIENTED_EDGE ( 'NONE', *, *, #1973, .T. ) ;
#2094 = COORDINATED_UNIVERSAL_TIME_OFFSET ( 8, 0, .BEHIND. ) ;
#2095 = ADVANCED_FACE ( 'NONE', ( #802 ), #488, .F. ) ;
#2096 = DIRECTION ( 'NONE',  ( 1.000000000000000000, 0.000000000000000000, 0.000000000000000000 ) ) ;
#2097 = CARTESIAN_POINT ( 'NONE',  ( 19.99999999999999645, 0.000000000000000000, 2.000000000000000000 ) ) ;
#2098 = CALENDAR_DATE ( 2026, 13, 9 ) ;
#2099 = LINE ( 'NONE', #3186, #463 ) ;
#2100 = ORIENTED_EDGE ( 'NONE', *, *, #2824, .T. ) ;
#2101 = DIRECTION ( 'NONE',  ( 0.000000000000000000, 0.000000000000000000, -1.000000000000000000 ) ) ;
#2102 = FACE_BOUND ( 'NONE', #892, .T. ) ;
#2103 = CIRCLE ( 'NONE', #568, 0.4550000000000001266 ) ;
#2104 =( NAMED_UNIT ( * ) PLANE_ANGLE_UNIT ( ) SI_UNIT ( $, .RADIAN. ) );
#2105 = EDGE_LOOP ( 'NONE', ( #1632, #1355, #260, #1752, #2640, #873, #2415, #187 ) ) ;
#2106 = APPROVAL ( #669, 'UNKNOWN' ) ;
#2107 = CYLINDRICAL_SURFACE ( 'NONE', #2854, 0.4550000000000005151 ) ;
#2108 = ORIENTED_EDGE ( 'NONE', *, *, #155, .F. ) ;
#2109 = COORDINATED_UNIVERSAL_TIME_OFFSET ( 8, 0, .BEHIND. ) ;
#2110 = DIRECTION ( 'NONE',  ( 0.000000000000000000, 0.000000000000000000, -1.000000000000000000 ) ) ;
#2111 = AXIS2_PLACEMENT_3D ( 'NONE', #918, #369, #3094 ) ;
#2112 = EDGE_CURVE ( 'NONE', #1103, #72, #2554, .T. ) ;
#2113 = DIRECTION ( 'NONE',  ( 0.000000000000000000, -1.000000000000000000, 0.000000000000000000 ) ) ;
#2114 = DATE_AND_TIME ( #3469, #815 ) ;
#2115 = DIRECTION ( 'NONE',  ( 0.000000000000000000, 0.000000000000000000, -1.000000000000000000 ) ) ;
#2116 = VECTOR ( 'NONE', #1024, 1000.000000000000000 ) ;
#2117 = AXIS2_PLACEMENT_3D ( 'NONE', #1009, #1809, #689 ) ;
#2118 = PERSON_AND_ORGANIZATION_ROLE ( 'creator' ) ;
#2119 = VECTOR ( 'NONE', #2643, 1000.000000000000000 ) ;
#2120 = PRODUCT_DEFINITION_SHAPE ( 'NONE', 'NONE',  #3492 ) ;
#2121 = EDGE_LOOP ( 'NONE', ( #2987, #901, #1925, #2616 ) ) ;
#2122 = AXIS2_PLACEMENT_3D ( 'NONE', #120, #2766, #1169 ) ;
#2123 = CARTESIAN_POINT ( 'NONE',  ( 5.432459535739056378, 4.500000000000000888, -9.303359931070652067 ) ) ;
#2124 = CC_DESIGN_APPROVAL ( #1120, ( #416 ) ) ;
#2125 = FACE_BOUND ( 'NONE', #2905, .T. ) ;
#2126 = SECURITY_CLASSIFICATION ( '', '', #2833 ) ;
#2127 = ORGANIZATION ( 'NAUO-ORG24', 'UNSPECIFIED', 'UNSPECIFIED' ) ;
#2128 = VERTEX_POINT ( 'NONE', #21 ) ;
#2129 = PERSON_AND_ORGANIZATION_ROLE ( 'classification_officer' ) ;
#2130 = ORIENTED_EDGE ( 'NONE', *, *, #2311, .F. ) ;
#2131 = DATE_TIME_ROLE ( 'classification_date' ) ;
#2132 = DIRECTION ( 'NONE',  ( 0.000000000000000000, 0.000000000000000000, -1.000000000000000000 ) ) ;
#2133 = CC_DESIGN_PERSON_AND_ORGANIZATION_ASSIGNMENT ( #5, #258, ( #480 ) ) ;
#2134 = CARTESIAN_POINT ( 'NONE',  ( 13.43245953573905638, 2.500000000000000000, -12.84835993107065200 ) ) ;
#2135 = DIRECTION ( 'NONE',  ( 0.000000000000000000, 0.000000000000000000, -1.000000000000000000 ) ) ;
#2136 = EDGE_CURVE ( 'NONE', #1116, #2462, #1907, .T. ) ;
#2137 = EDGE_LOOP ( 'NONE', ( #3164, #349 ) ) ;
#2138 = EDGE_CURVE ( 'NONE', #2031, #727, #2961, .T. ) ;
#2139 = LINE ( 'NONE', #3227, #2443 ) ;
#2140 = FACE_BOUND ( 'NONE', #2798, .T. ) ;
#2141 = ORIENTED_EDGE ( 'NONE', *, *, #1310, .F. ) ;
#2142 = ITEM_DEFINED_TRANSFORMATION ( 'NONE', 'NONE', #3488,  #2454 ) ;
#2143 = DIRECTION ( 'NONE',  ( 0.000000000000000000, 0.000000000000000000, -1.000000000000000000 ) ) ;
#2144 = ORIENTED_EDGE ( 'NONE', *, *, #1789, .T. ) ;
#2145 = APPROVAL_ROLE ( '' ) ;
#2146 = DIRECTION ( 'NONE',  ( -0.000000000000000000, 1.000000000000000000, -0.000000000000000000 ) ) ;
#2147 = SECURITY_CLASSIFICATION_LEVEL ( 'unclassified' ) ;
#2148 = FACE_OUTER_BOUND ( 'NONE', #2967, .T. ) ;
#2149 = PERSON ( 'NAUO-PER20', 'UNSPECIFIED', 'UNSPECIFIED', ('UNSPECIFIED'), ('UNSPECIFIED'), ('UNSPECIFIED') ) ;
#2150 = EDGE_CURVE ( 'NONE', #2881, #1590, #855, .T. ) ;
#2151 = ORIENTED_EDGE ( 'NONE', *, *, #562, .T. ) ;
#2152 = DIRECTION ( 'NONE',  ( -0.000000000000000000, 1.000000000000000000, -0.000000000000000000 ) ) ;
#2153 = EDGE_CURVE ( 'NONE', #1567, #1550, #3135, .T. ) ;
#2154 = ORIENTED_EDGE ( 'NONE', *, *, #1177, .F. ) ;
#2155 = APPROVAL_ROLE ( '' ) ;
#2156 = AXIS2_PLACEMENT_3D ( 'NONE', #1469, #1409, #1963 ) ;
#2157 = DIRECTION ( 'NONE',  ( -0.000000000000000000, 1.000000000000000000, -0.000000000000000000 ) ) ;
#2158 = VERTEX_POINT ( 'NONE', #1568 ) ;
#2159 = COORDINATED_UNIVERSAL_TIME_OFFSET ( 8, 0, .BEHIND. ) ;
#2160 = DIRECTION ( 'NONE',  ( 0.000000000000000000, 0.000000000000000000, -1.000000000000000000 ) ) ;
#2161 = AXIS2_PLACEMENT_3D ( 'NONE', #2301, #1843, #3389 ) ;
#2162 = AXIS2_PLACEMENT_3D ( 'NONE', #678, #1454, #2551 ) ;
#2163 = DATE_TIME_ROLE ( 'classification_date' ) ;
#2164 = CARTESIAN_POINT ( 'NONE',  ( 0.000000000000000000, 5.909638837382106298E-17, -0.4825586317211318366 ) ) ;
#2165 = CIRCLE ( 'NONE', #2672, 0.4555000000000001825 ) ;
#2166 = EDGE_LOOP ( 'NONE', ( #2100, #1678, #1702, #372 ) ) ;
#2167 = DIRECTION ( 'NONE',  ( 0.000000000000000000, 1.000000000000000000, 0.000000000000000000 ) ) ;
#2168 = CIRCLE ( 'NONE', #1653, 0.4550000000000005151 ) ;
#2169 = ORIENTED_EDGE ( 'NONE', *, *, #3023, .F. ) ;
#2170 = CARTESIAN_POINT ( 'NONE',  ( 1.432459535739056156, 2.500000000000000000, -0.8483599310706509966 ) ) ;
#2171 = UNCERTAINTY_MEASURE_WITH_UNIT (LENGTH_MEASURE( 1.000000000000000082E-05 ), #902, 'distance_accuracy_value', 'NONE');
#2172 = CC_DESIGN_DATE_AND_TIME_ASSIGNMENT ( #1381, #2163, ( #420 ) ) ;
#2173 = AXIS2_PLACEMENT_3D ( 'NONE', #3128, #1487, #2894 ) ;
#2174 = AXIS2_PLACEMENT_3D ( 'NONE', #373, #1436, #694 ) ;
#2175 = ORIENTED_EDGE ( 'NONE', *, *, #1587, .F. ) ;
#2176 = CARTESIAN_POINT ( 'NONE',  ( 1.109564667602157551, 0.000000000000000000, 0.000000000000000000 ) ) ;
#2177 = APPROVAL_STATUS ( 'not_yet_approved' ) ;
#2178 = CIRCLE ( 'NONE', #3485, 0.4550000000000001266 ) ;
#2179 = PRODUCT_DEFINITION_SHAPE ( 'NONE', 'NONE',  #844 ) ;
#2180 = EDGE_CURVE ( 'NONE', #2193, #3426, #3296, .T. ) ;
#2181 = LOCAL_TIME ( 17, 6, 26.00000000000000000, #1226 ) ;
#2182 = LOCAL_TIME ( 17, 6, 26.00000000000000000, #491 ) ;
#2183 = DIRECTION ( 'NONE',  ( 0.000000000000000000, 0.000000000000000000, -1.000000000000000000 ) ) ;
#2184 = VERTEX_POINT ( 'NONE', #2170 ) ;
#2185 = APPROVAL_DATE_TIME ( #3219, #2839 ) ;
#2186 = CC_DESIGN_SECURITY_CLASSIFICATION ( #2297, ( #3494 ) ) ;
#2187 = DIRECTION ( 'NONE',  ( -0.000000000000000000, 1.000000000000000000, -0.000000000000000000 ) ) ;
#2188 = PERSON_AND_ORGANIZATION_ROLE ( 'design_supplier' ) ;
#2189 = DIRECTION ( 'NONE',  ( -0.000000000000000000, -1.000000000000000000, -0.000000000000000000 ) ) ;
#2190 = ORIENTED_EDGE ( 'NONE', *, *, #2521, .T. ) ;
#2191 = ORIENTED_EDGE ( 'NONE', *, *, #3328, .F. ) ;
#2192 = DIRECTION ( 'NONE',  ( 0.000000000000000000, 0.000000000000000000, -1.000000000000000000 ) ) ;
#2193 = VERTEX_POINT ( 'NONE', #2699 ) ;
#2194 = CARTESIAN_POINT ( 'NONE',  ( 9.432459535739056378, 4.500000000000000888, -1.303359931070651179 ) ) ;
#2195 = EDGE_CURVE ( 'NONE', #2472, #3007, #1256, .T. ) ;
#2196 = ORIENTED_EDGE ( 'NONE', *, *, #3225, .T. ) ;
#2197 = SECURITY_CLASSIFICATION_LEVEL ( 'unclassified' ) ;
#2198 = EDGE_CURVE ( 'NONE', #2661, #1437, #3264, .T. ) ;
#2199 = PERSON_AND_ORGANIZATION ( #2273, #3437 ) ;
#2200 = CARTESIAN_POINT ( 'NONE',  ( 13.43245953573905638, 4.500000000000000888, -17.30335993107065207 ) ) ;
#2201 = DIRECTION ( 'NONE',  ( 0.000000000000000000, 0.000000000000000000, -1.000000000000000000 ) ) ;
#2202 = DIRECTION ( 'NONE',  ( 0.000000000000000000, 0.000000000000000000, 1.000000000000000000 ) ) ;
#2203 = PRODUCT ( 'MNbase', 'MNbase', '', ( #2708 ) ) ;
#2204 = ORIENTED_EDGE ( 'NONE', *, *, #2773, .F. ) ;
#2205 = CARTESIAN_POINT ( 'NONE',  ( 0.000000000000000000, 0.000000000000000000, 0.000000000000000000 ) ) ;
#2206 = ORIENTED_EDGE ( 'NONE', *, *, #1650, .F. ) ;
#2207 = DATE_AND_TIME ( #2539, #1661 ) ;
#2208 = DIRECTION ( 'NONE',  ( -0.000000000000000000, 1.000000000000000000, -0.000000000000000000 ) ) ;
#2209 = ORIENTED_EDGE ( 'NONE', *, *, #3377, .T. ) ;
#2210 = CIRCLE ( 'NONE', #1588, 0.4550000000000005151 ) ;
#2211 = APPROVAL ( #1299, 'UNSPECIFIED' ) ;
#2212 = DIRECTION ( 'NONE',  ( 0.000000000000000000, 0.000000000000000000, -1.000000000000000000 ) ) ;
#2213 = CALENDAR_DATE ( 2026, 13, 9 ) ;
#2214 = VECTOR ( 'NONE', #2221, 1000.000000000000000 ) ;
#2215 = DIRECTION ( 'NONE',  ( -0.000000000000000000, -1.000000000000000000, -0.000000000000000000 ) ) ;
#2216 = EDGE_CURVE ( 'NONE', #450, #1671, #231, .T. ) ;
#2217 = CARTESIAN_POINT ( 'NONE',  ( 13.43245953573905638, 4.500000000000000888, -12.84835993107065200 ) ) ;
#2218 = ORIENTED_EDGE ( 'NONE', *, *, #2030, .T. ) ;
#2219 = DIRECTION ( 'NONE',  ( 0.000000000000000000, 0.000000000000000000, 1.000000000000000000 ) ) ;
#2220 = ORIENTED_EDGE ( 'NONE', *, *, #2537, .T. ) ;
#2221 = DIRECTION ( 'NONE',  ( -0.000000000000000000, -1.000000000000000000, -0.000000000000000000 ) ) ;
#2222 = AXIS2_PLACEMENT_3D ( 'NONE', #735, #2896, #2920 ) ;
#2223 = ORIENTED_EDGE ( 'NONE', *, *, #2421, .F. ) ;
#2224 = APPROVAL_STATUS ( 'not_yet_approved' ) ;
#2225 = AXIS2_PLACEMENT_3D ( 'NONE', #740, #1304, #2885 ) ;
#2226 = LOCAL_TIME ( 17, 6, 26.00000000000000000, #3481 ) ;
#2227 = AXIS2_PLACEMENT_3D ( 'NONE', #2753, #2522, #3326 ) ;
#2228 = AXIS2_PLACEMENT_3D ( 'NONE', #2345, #3438, #717 ) ;
#2229 = ORIENTED_EDGE ( 'NONE', *, *, #1645, .F. ) ;
#2230 = CALENDAR_DATE ( 2026, 13, 9 ) ;
#2231 = AXIS2_PLACEMENT_3D ( 'NONE', #3073, #3130, #1414 ) ;
#2232 = SECURITY_CLASSIFICATION ( '', '', #1106 ) ;
#2233 = DIRECTION ( 'NONE',  ( 0.000000000000000000, 0.000000000000000000, -1.000000000000000000 ) ) ;
#2234 = LOCAL_TIME ( 17, 6, 26.00000000000000000, #560 ) ;
#2235 = APPROVAL_STATUS ( 'not_yet_approved' ) ;
#2236 = ITEM_DEFINED_TRANSFORMATION ( 'NONE', 'NONE', #3434,  #2454 ) ;
#2237 = LINE ( 'NONE', #1628, #1140 ) ;
#2238 =( REPRESENTATION_RELATIONSHIP ('NONE','NONE', #1987, #2621 ) REPRESENTATION_RELATIONSHIP_WITH_TRANSFORMATION ( #1878 )SHAPE_REPRESENTATION_RELATIONSHIP( ) );
#2239 = FACE_BOUND ( 'NONE', #1922, .T. ) ;
#2240 = ORIENTED_EDGE ( 'NONE', *, *, #963, .F. ) ;
#2241 = DIRECTION ( 'NONE',  ( 0.000000000000000000, 0.000000000000000000, 1.000000000000000000 ) ) ;
#2242 = ADVANCED_FACE ( 'NONE', ( #1303 ), #2384, .F. ) ;
#2243 = VERTEX_POINT ( 'NONE', #255 ) ;
#2244 = DIRECTION ( 'NONE',  ( 0.000000000000000000, -1.000000000000000000, 0.000000000000000000 ) ) ;
#2245 = EDGE_CURVE ( 'NONE', #210, #1042, #55, .T. ) ;
#2246 = EDGE_LOOP ( 'NONE', ( #2698, #2011, #1933, #575 ) ) ;
#2247 = SECURITY_CLASSIFICATION_LEVEL ( 'unclassified' ) ;
#2248 = VERTEX_POINT ( 'NONE', #2937 ) ;
#2249 = PERSON_AND_ORGANIZATION_ROLE ( 'classification_officer' ) ;
#2250 = CARTESIAN_POINT ( 'NONE',  ( 13.43245953573905638, 5.786934341759518929, -13.75835993107065214 ) ) ;
#2251 = DATE_AND_TIME ( #1696, #2181 ) ;
#2252 = CARTESIAN_POINT ( 'NONE',  ( 9.432459535739056378, 5.786934341759518929, -17.30335993107065207 ) ) ;
#2253 = DIRECTION ( 'NONE',  ( 0.000000000000000000, 0.000000000000000000, -1.000000000000000000 ) ) ;
#2254 = ORIENTED_EDGE ( 'NONE', *, *, #2521, .F. ) ;
#2255 = DIRECTION ( 'NONE',  ( 0.000000000000000000, 1.000000000000000000, 0.000000000000000000 ) ) ;
#2256 = CARTESIAN_POINT ( 'NONE',  ( 1.432459535739056156, 2.500000000000000000, -5.303359931070652067 ) ) ;
#2257 = DIRECTION ( 'NONE',  ( 1.000000000000000000, 0.000000000000000000, 0.000000000000000000 ) ) ;
#2258 = APPROVAL ( #551, 'UNSPECIFIED' ) ;
#2259 = ORIENTED_EDGE ( 'NONE', *, *, #3161, .F. ) ;
#2260 = DATE_TIME_ROLE ( 'classification_date' ) ;
#2261 = EDGE_CURVE ( 'NONE', #1318, #1078, #2139, .T. ) ;
#2262 = DIRECTION ( 'NONE',  ( 0.000000000000000000, 0.000000000000000000, -1.000000000000000000 ) ) ;
#2263 = EDGE_LOOP ( 'NONE', ( #3400, #3463 ) ) ;
#2264 = FACE_OUTER_BOUND ( 'NONE', #1019, .T. ) ;
#2265 = DIRECTION ( 'NONE',  ( -0.000000000000000000, -1.000000000000000000, -0.000000000000000000 ) ) ;
#2266 = PERSON_AND_ORGANIZATION ( #3386, #770 ) ;
#2267 = DIRECTION ( 'NONE',  ( 0.000000000000000000, 0.000000000000000000, -1.000000000000000000 ) ) ;
#2268 = DIRECTION ( 'NONE',  ( 0.000000000000000000, 0.000000000000000000, -1.000000000000000000 ) ) ;
#2269 = EDGE_LOOP ( 'NONE', ( #2191, #1912, #1084, #2151 ) ) ;
#2270 = DIRECTION ( 'NONE',  ( 0.000000000000000000, 1.000000000000000000, 0.000000000000000000 ) ) ;
#2271 = EDGE_LOOP ( 'NONE', ( #34, #1154 ) ) ;
#2272 = CARTESIAN_POINT ( 'NONE',  ( 5.432459535739056378, 5.786934341759518929, -0.8483599310706509966 ) ) ;
#2273 = PERSON ( 'UNSPECIFIED', 'UNSPECIFIED', 'UNSPECIFIED', ('UNSPECIFIED'), ('UNSPECIFIED'), ('UNSPECIFIED') ) ;
#2274 = PRODUCT_DEFINITION_SHAPE ( 'NONE', 'NONE',  #3514 ) ;
#2275 = ORIENTED_EDGE ( 'NONE', *, *, #2712, .F. ) ;
#2276 = CONTEXT_DEPENDENT_SHAPE_REPRESENTATION ( #2789, #1930 ) ;
#2277 = APPROVAL ( #3045, 'UNKNOWN' ) ;
#2278 = VECTOR ( 'NONE', #143, 1000.000000000000000 ) ;
#2279 = CARTESIAN_POINT ( 'NONE',  ( 13.43245953573905638, 5.786934341759518929, -16.84835993107065022 ) ) ;
#2280 = DIRECTION ( 'NONE',  ( 0.000000000000000000, -1.000000000000000000, 0.000000000000000000 ) ) ;
#2281 = ORIENTED_EDGE ( 'NONE', *, *, #3201, .T. ) ;
#2282 = CONTEXT_DEPENDENT_SHAPE_REPRESENTATION ( #1711, #1514 ) ;
#2283 = EDGE_CURVE ( 'NONE', #3347, #1671, #2901, .T. ) ;
#2284 = APPROVAL_PERSON_ORGANIZATION ( #2585, #2802, #1507 ) ;
#2285 = CONICAL_SURFACE ( 'NONE', #813, 414.0909090909091788, 0.3925943860341560843 ) ;
#2286 = DIRECTION ( 'NONE',  ( -0.000000000000000000, -1.000000000000000000, -0.000000000000000000 ) ) ;
#2287 = APPROVAL_DATE_TIME ( #1200, #743 ) ;
#2288 = AXIS2_PLACEMENT_3D ( 'NONE', #1130, #279, #1351 ) ;
#2289 = DIRECTION ( 'NONE',  ( -0.9239195927440783107, 0.000000000000000000, 0.3825867040862979684 ) ) ;
#2290 = APPROVAL_PERSON_ORGANIZATION ( #1356, #1758, #1070 ) ;
#2291 = AXIS2_PLACEMENT_3D ( 'NONE', #795, #2187, #831 ) ;
#2292 = LOCAL_TIME ( 17, 6, 26.00000000000000000, #1243 ) ;
#2293 = DIRECTION ( 'NONE',  ( 0.000000000000000000, 0.000000000000000000, -1.000000000000000000 ) ) ;
#2294 = VERTEX_POINT ( 'NONE', #1685 ) ;
#2295 = DIRECTION ( 'NONE',  ( 0.000000000000000000, 0.000000000000000000, 1.000000000000000000 ) ) ;
#2296 = CARTESIAN_POINT ( 'NONE',  ( 17.43245953573905638, 5.786934341759518929, -17.30335993107065207 ) ) ;
#2297 = SECURITY_CLASSIFICATION ( '', '', #141 ) ;
#2298 = DIRECTION ( 'NONE',  ( 0.000000000000000000, 0.000000000000000000, -1.000000000000000000 ) ) ;
#2299 = ORIENTED_EDGE ( 'NONE', *, *, #1335, .F. ) ;
#2300 = ITEM_DEFINED_TRANSFORMATION ( 'NONE', 'NONE', #3367,  #2454 ) ;
#2301 = CARTESIAN_POINT ( 'NONE',  ( 5.432459535739056378, 4.500000000000000888, -17.30335993107065207 ) ) ;
#2302 = DIRECTION ( 'NONE',  ( 0.000000000000000000, 0.000000000000000000, -1.000000000000000000 ) ) ;
#2303 = DIRECTION ( 'NONE',  ( -0.000000000000000000, 1.000000000000000000, -0.000000000000000000 ) ) ;
#2304 = ORIENTED_EDGE ( 'NONE', *, *, #705, .F. ) ;
#2305 = APPROVAL_STATUS ( 'not_yet_approved' ) ;
#2306 = EDGE_CURVE ( 'NONE', #2498, #913, #3019, .T. ) ;
#2307 = CARTESIAN_POINT ( 'NONE',  ( 19.99999999999999645, 2.500000000000000000, 2.000000000000000000 ) ) ;
#2308 = PERSON_AND_ORGANIZATION_ROLE ( 'classification_officer' ) ;
#2309 = DIRECTION ( 'NONE',  ( 0.000000000000000000, -1.000000000000000000, 0.000000000000000000 ) ) ;
#2310 = PRODUCT_DEFINITION_SHAPE ( 'NONE', 'NONE',  #3500 ) ;
#2311 = EDGE_CURVE ( 'NONE', #3061, #1437, #2788, .T. ) ;
#2312 = DIRECTION ( 'NONE',  ( -1.000000000000000000, -0.000000000000000000, -0.000000000000000000 ) ) ;
#2313 = CARTESIAN_POINT ( 'NONE',  ( -0.5400608770634498512, 8.342510335299722968, 11.19249832950654522 ) ) ;
#2314 = CARTESIAN_POINT ( 'NONE',  ( 1.432459535739056156, 2.500000000000000000, -12.84835993107065200 ) ) ;
#2315 = CARTESIAN_POINT ( 'NONE',  ( 0.000000000000000000, 2.500000000000000000, -20.00000000000000000 ) ) ;
#2316 = ORIENTED_EDGE ( 'NONE', *, *, #562, .F. ) ;
#2317 = SECURITY_CLASSIFICATION_LEVEL ( 'unclassified' ) ;
#2318 = FACE_OUTER_BOUND ( 'NONE', #3056, .T. ) ;
#2319 = DIRECTION ( 'NONE',  ( -0.000000000000000000, -1.000000000000000000, -0.000000000000000000 ) ) ;
#2320 = CARTESIAN_POINT ( 'NONE',  ( 17.43245953573905638, 2.500000000000000000, -1.758359931070651250 ) ) ;
#2321 = ORIENTED_EDGE ( 'NONE', *, *, #61, .F. ) ;
#2322 = PERSON ( 'NAUO-PER10', 'UNSPECIFIED', 'UNSPECIFIED', ('UNSPECIFIED'), ('UNSPECIFIED'), ('UNSPECIFIED') ) ;
#2323 = CARTESIAN_POINT ( 'NONE',  ( 5.432459535739056378, 5.786934341759518929, -1.303359931070651179 ) ) ;
#2324 = SECURITY_CLASSIFICATION_LEVEL ( 'unclassified' ) ;
#2325 = CARTESIAN_POINT ( 'NONE',  ( 9.432459535739056378, 5.786934341759518929, -12.84835993107065200 ) ) ;
#2326 = CC_DESIGN_PERSON_AND_ORGANIZATION_ASSIGNMENT ( #454, #2308, ( #2855 ) ) ;
#2327 = CYLINDRICAL_SURFACE ( 'NONE', #3200, 0.4550000000000005151 ) ;
#2328 = DATE_AND_TIME ( #977, #2292 ) ;
#2329 = CYLINDRICAL_SURFACE ( 'NONE', #1081, 0.4550000000000005151 ) ;
#2330 = ADVANCED_FACE ( 'NONE', ( #1402 ), #1880, .T. ) ;
#2331 = CARTESIAN_POINT ( 'NONE',  ( 13.43245953573905638, 2.500000000000000000, -1.303359931070651179 ) ) ;
#2332 = EDGE_CURVE ( 'NONE', #2936, #4, #973, .T. ) ;
#2333 = EDGE_LOOP ( 'NONE', ( #3372, #1189 ) ) ;
#2334 = AXIS2_PLACEMENT_3D ( 'NONE', #2803, #2512, #2528 ) ;
#2335 = EDGE_CURVE ( 'NONE', #89, #2158, #1438, .T. ) ;
#2336 = DIRECTION ( 'NONE',  ( 0.000000000000000000, 0.000000000000000000, -1.000000000000000000 ) ) ;
#2337 = AXIS2_PLACEMENT_3D ( 'NONE', #2048, #1764, #2608 ) ;
#2338 = DIRECTION ( 'NONE',  ( 0.000000000000000000, 0.000000000000000000, -1.000000000000000000 ) ) ;
#2339 = DIRECTION ( 'NONE',  ( -0.000000000000000000, 1.000000000000000000, -0.000000000000000000 ) ) ;
#2340 = ORIENTED_EDGE ( 'NONE', *, *, #326, .T. ) ;
#2341 = DIRECTION ( 'NONE',  ( -0.000000000000000000, -1.000000000000000000, -0.000000000000000000 ) ) ;
#2342 = VECTOR ( 'NONE', #3470, 1000.000000000000000 ) ;
#2343 = CALENDAR_DATE ( 2026, 13, 9 ) ;
#2344 = DIRECTION ( 'NONE',  ( -0.000000000000000000, -1.000000000000000000, -0.000000000000000000 ) ) ;
#2345 = CARTESIAN_POINT ( 'NONE',  ( 0.000000000000000000, 4.500000000000000888, -19.99999999999999645 ) ) ;
#2346 = AXIS2_PLACEMENT_3D ( 'NONE', #1364, #756, #3491 ) ;
#2347 = CC_DESIGN_APPROVAL ( #2839, ( #1489 ) ) ;
#2348 = CALENDAR_DATE ( 2026, 13, 9 ) ;
#2349 = AXIS2_PLACEMENT_3D ( 'NONE', #1228, #426, #2620 ) ;
#2350 = DIRECTION ( 'NONE',  ( -0.000000000000000000, 1.000000000000000000, -0.000000000000000000 ) ) ;
#2351 = CC_DESIGN_APPROVAL ( #1062, ( #304 ) ) ;
#2352 = CC_DESIGN_SECURITY_CLASSIFICATION ( #2456, ( #3510 ) ) ;
#2353 = ADVANCED_FACE ( 'NONE', ( #1970 ), #567, .F. ) ;
#2354 = AXIS2_PLACEMENT_3D ( 'NONE', #3357, #3399, #925 ) ;
#2355 = VERTEX_POINT ( 'NONE', #1387 ) ;
#2356 = ORGANIZATION ( 'NAUO-ORG22', 'UNSPECIFIED', 'UNSPECIFIED' ) ;
#2357 = CARTESIAN_POINT ( 'NONE',  ( 0.000000000000000000, 2.500000000000000000, 0.000000000000000000 ) ) ;
#2358 = CARTESIAN_POINT ( 'NONE',  ( 9.432459535739056378, 4.500000000000000888, -5.303359931070652067 ) ) ;
#2359 = ADVANCED_FACE ( 'NONE', ( #1132 ), #1117, .F. ) ;
#2360 = CARTESIAN_POINT ( 'NONE',  ( 0.000000000000000000, 0.000000000000000000, 0.000000000000000000 ) ) ;
#2361 = EDGE_LOOP ( 'NONE', ( #3241, #1309, #2992, #1168 ) ) ;
#2362 = DIRECTION ( 'NONE',  ( -0.000000000000000000, 1.000000000000000000, -0.000000000000000000 ) ) ;
#2363 = EDGE_LOOP ( 'NONE', ( #2436, #2725, #2758, #3278 ) ) ;
#2364 = CALENDAR_DATE ( 2026, 13, 9 ) ;
#2365 = CARTESIAN_POINT ( 'NONE',  ( 17.43245953573905638, 4.500000000000000888, -1.758359931070651250 ) ) ;
#2366 = DIRECTION ( 'NONE',  ( -1.000000000000000000, -0.000000000000000000, -0.000000000000000000 ) ) ;
#2367 = DATE_TIME_ROLE ( 'classification_date' ) ;
#2368 = CARTESIAN_POINT ( 'NONE',  ( 17.43245953573905638, 2.500000000000000000, -5.758359931070652138 ) ) ;
#2369 = EDGE_LOOP ( 'NONE', ( #444, #853 ) ) ;
#2370 = LINE ( 'NONE', #702, #2394 ) ;
#2371 = CC_DESIGN_DATE_AND_TIME_ASSIGNMENT ( #3182, #1609, ( #244 ) ) ;
#2372 = CARTESIAN_POINT ( 'NONE',  ( 17.43245953573905638, 4.500000000000000888, -17.30335993107065207 ) ) ;
#2373 = CARTESIAN_POINT ( 'NONE',  ( 11.45993912293655015, 8.342510335299722968, 15.19249832950654522 ) ) ;
#2374 = ORIENTED_EDGE ( 'NONE', *, *, #1291, .F. ) ;
#2375 = EDGE_CURVE ( 'NONE', #710, #273, #3057, .T. ) ;
#2376 =( REPRESENTATION_RELATIONSHIP ('NONE','NONE', #1987, #2621 ) REPRESENTATION_RELATIONSHIP_WITH_TRANSFORMATION ( #1753 )SHAPE_REPRESENTATION_RELATIONSHIP( ) );
#2377 = LINE ( 'NONE', #2037, #1996 ) ;
#2378 = ORIENTED_EDGE ( 'NONE', *, *, #1746, .F. ) ;
#2379 = DIRECTION ( 'NONE',  ( 0.000000000000000000, -1.000000000000000000, 0.000000000000000000 ) ) ;
#2380 = LINE ( 'NONE', #2442, #2740 ) ;
#2381 = APPROVAL_ROLE ( '' ) ;
#2382 = CARTESIAN_POINT ( 'NONE',  ( 1.100000000000000089, 0.000000000000000000, 0.000000000000000000 ) ) ;
#2383 = ORIENTED_EDGE ( 'NONE', *, *, #311, .F. ) ;
#2384 = PLANE ( 'NONE',  #1705 ) ;
#2385 = DIRECTION ( 'NONE',  ( 0.000000000000000000, 0.000000000000000000, -1.000000000000000000 ) ) ;
#2386 = CC_DESIGN_DATE_AND_TIME_ASSIGNMENT ( #2715, #2952, ( #2232 ) ) ;
#2387 = EDGE_LOOP ( 'NONE', ( #3191, #1222, #286, #970 ) ) ;
#2388 = DATE_TIME_ROLE ( 'classification_date' ) ;
#2389 = AXIS2_PLACEMENT_3D ( 'NONE', #342, #1445, #1180 ) ;
#2390 = CARTESIAN_POINT ( 'NONE',  ( 20.00000000000000000, 2.500000000000000000, -20.00000000000000000 ) ) ;
#2391 = EDGE_CURVE ( 'NONE', #2472, #525, #3340, .T. ) ;
#2392 = ORIENTED_EDGE ( 'NONE', *, *, #2045, .F. ) ;
#2393 = SECURITY_CLASSIFICATION_LEVEL ( 'unclassified' ) ;
#2394 = VECTOR ( 'NONE', #3160, 1000.000000000000000 ) ;
#2395 = AXIS2_PLACEMENT_3D ( 'NONE', #251, #200, #1263 ) ;
#2396 = CARTESIAN_POINT ( 'NONE',  ( 13.43245953573905638, 5.786934341759518929, -17.30335993107065207 ) ) ;
#2397 = AXIS2_PLACEMENT_3D ( 'NONE', #846, #2466, #3276 ) ;
#2398 = DIRECTION ( 'NONE',  ( -0.000000000000000000, 1.000000000000000000, -0.000000000000000000 ) ) ;
#2399 = EDGE_CURVE ( 'NONE', #2452, #2700, #87, .T. ) ;
#2400 = DATE_AND_TIME ( #3439, #1097 ) ;
#2401 = DIRECTION ( 'NONE',  ( -0.9239195927440783107, 4.685335825556203773E-17, -0.3825867040862979684 ) ) ;
#2402 = VECTOR ( 'NONE', #2319, 1000.000000000000000 ) ;
#2403 = VECTOR ( 'NONE', #2583, 1000.000000000000000 ) ;
#2404 = LOCAL_TIME ( 17, 6, 26.00000000000000000, #2159 ) ;
#2405 = AXIS2_PLACEMENT_3D ( 'NONE', #2428, #2146, #1903 ) ;
#2406 = ORIENTED_EDGE ( 'NONE', *, *, #3180, .T. ) ;
#2407 = DIRECTION ( 'NONE',  ( 0.000000000000000000, -1.000000000000000000, 0.000000000000000000 ) ) ;
#2408 = SECURITY_CLASSIFICATION ( '', '', #1404 ) ;
#2409 = DIRECTION ( 'NONE',  ( -0.000000000000000000, -1.000000000000000000, -0.000000000000000000 ) ) ;
#2410 = PRODUCT_DEFINITION_FORMATION_WITH_SPECIFIED_SOURCE ( 'ANY', '', #761, .NOT_KNOWN. ) ;
#2411 = SECURITY_CLASSIFICATION ( '', '', #933 ) ;
#2412 = ORIENTED_EDGE ( 'NONE', *, *, #1571, .F. ) ;
#2413 = DATE_AND_TIME ( #1326, #2182 ) ;
#2414 = DIRECTION ( 'NONE',  ( 0.000000000000000000, 0.000000000000000000, -1.000000000000000000 ) ) ;
#2415 = ORIENTED_EDGE ( 'NONE', *, *, #1526, .F. ) ;
#2416 = CALENDAR_DATE ( 2026, 13, 9 ) ;
#2417 = APPROVAL ( #427, 'UNSPECIFIED' ) ;
#2418 = CARTESIAN_POINT ( 'NONE',  ( 9.432459535739056378, 2.500000000000000000, -1.303359931070651179 ) ) ;
#2419 = DATE_AND_TIME ( #1627, #2684 ) ;
#2420 = CARTESIAN_POINT ( 'NONE',  ( 1.432459535739056156, 5.786934341759518929, -13.30335993107065207 ) ) ;
#2421 = EDGE_CURVE ( 'NONE', #851, #2184, #2103, .T. ) ;
#2422 = ORIENTED_EDGE ( 'NONE', *, *, #2399, .F. ) ;
#2423 = CARTESIAN_POINT ( 'NONE',  ( 5.432459535739056378, 4.500000000000000888, -5.303359931070652067 ) ) ;
#2424 = VERTEX_POINT ( 'NONE', #643 ) ;
#2425 = CALENDAR_DATE ( 2026, 13, 9 ) ;
#2426 = ORIENTED_EDGE ( 'NONE', *, *, #3161, .T. ) ;
#2427 = DATE_TIME_ROLE ( 'classification_date' ) ;
#2428 = CARTESIAN_POINT ( 'NONE',  ( 9.432459535739056378, 4.500000000000000888, -1.303359931070651179 ) ) ;
#2429 = PERSON_AND_ORGANIZATION_ROLE ( 'creator' ) ;
#2430 = CC_DESIGN_DATE_AND_TIME_ASSIGNMENT ( #3298, #1164, ( #2126 ) ) ;
#2431 = CARTESIAN_POINT ( 'NONE',  ( 9.432459535739056378, 4.500000000000000888, -13.75835993107065214 ) ) ;
#2432 = EDGE_CURVE ( 'NONE', #50, #89, #2210, .T. ) ;
#2433 = VERTEX_POINT ( 'NONE', #624 ) ;
#2434 = CARTESIAN_POINT ( 'NONE',  ( 1.432459535739056156, 2.500000000000000000, -13.30335993107065207 ) ) ;
#2435 = EDGE_CURVE ( 'NONE', #2651, #2955, #3006, .T. ) ;
#2436 = ORIENTED_EDGE ( 'NONE', *, *, #1973, .F. ) ;
#2437 = ITEM_DEFINED_TRANSFORMATION ( 'NONE', 'NONE', #3024,  #2454 ) ;
#2438 = VECTOR ( 'NONE', #964, 1000.000000000000000 ) ;
#2439 = CARTESIAN_POINT ( 'NONE',  ( 13.43245953573905638, 5.786934341759518929, -4.848359931070651108 ) ) ;
#2440 = ORIENTED_EDGE ( 'NONE', *, *, #1481, .F. ) ;
#2441 = DATE_AND_TIME ( #2993, #2965 ) ;
#2442 = CARTESIAN_POINT ( 'NONE',  ( 22.00000000000000000, 4.500000000000000888, 0.000000000000000000 ) ) ;
#2443 = VECTOR ( 'NONE', #3238, 1000.000000000000000 ) ;
#2444 = PERSON_AND_ORGANIZATION ( #2273, #3437 ) ;
#2445 = DIRECTION ( 'NONE',  ( 0.000000000000000000, 0.000000000000000000, -1.000000000000000000 ) ) ;
#2446 = CIRCLE ( 'NONE', #2111, 0.4550000000000005151 ) ;
#2447 = CC_DESIGN_DATE_AND_TIME_ASSIGNMENT ( #1556, #2638, ( #1783 ) ) ;
#2448 = CARTESIAN_POINT ( 'NONE',  ( -5.972520412802502676, 3.909062464593345165, 20.49585826057719729 ) ) ;
#2449 = ORIENTED_EDGE ( 'NONE', *, *, #2150, .F. ) ;
#2450 = DIRECTION ( 'NONE',  ( 0.000000000000000000, -1.000000000000000000, 0.000000000000000000 ) ) ;
#2451 = CIRCLE ( 'NONE', #128, 0.4550000000000001266 ) ;
#2452 = VERTEX_POINT ( 'NONE', #2886 ) ;
#2453 = EDGE_CURVE ( 'NONE', #1131, #727, #1361, .T. ) ;
#2454 = AXIS2_PLACEMENT_3D ( 'NONE', #2727, #2968, #871 ) ;
#2455 = VERTEX_POINT ( 'NONE', #2536 ) ;
#2456 = SECURITY_CLASSIFICATION ( '', '', #505 ) ;
#2457 = CALENDAR_DATE ( 2026, 13, 9 ) ;
#2458 = EDGE_CURVE ( 'NONE', #2455, #642, #3291, .T. ) ;
#2459 = LOCAL_TIME ( 17, 6, 26.00000000000000000, #1579 ) ;
#2460 = LOCAL_TIME ( 17, 6, 26.00000000000000000, #1342 ) ;
#2461 = DIRECTION ( 'NONE',  ( 0.000000000000000000, 0.000000000000000000, -1.000000000000000000 ) ) ;
#2462 = VERTEX_POINT ( 'NONE', #67 ) ;
#2463 = APPROVAL_DATE_TIME ( #3008, #1807 ) ;
#2464 = APPROVAL_PERSON_ORGANIZATION ( #3051, #743, #2002 ) ;
#2465 = DATE_AND_TIME ( #2720, #2234 ) ;
#2466 = DIRECTION ( 'NONE',  ( -0.000000000000000000, 1.000000000000000000, -0.000000000000000000 ) ) ;
#2467 = MANIFOLD_SOLID_BREP ( 'Cut-Extrude2', #1706 ) ;
#2468 = FACE_BOUND ( 'NONE', #1435, .T. ) ;
#2469 = ORIENTED_EDGE ( 'NONE', *, *, #872, .F. ) ;
#2470 = VERTEX_POINT ( 'NONE', #1703 ) ;
#2471 = CARTESIAN_POINT ( 'NONE',  ( -2.000000000000000000, 2.500000000000000000, 0.000000000000000000 ) ) ;
#2472 = VERTEX_POINT ( 'NONE', #102 ) ;
#2473 = SECURITY_CLASSIFICATION_LEVEL ( 'unclassified' ) ;
#2474 = APPROVAL ( #2875, 'UNKNOWN' ) ;
#2475 = CARTESIAN_POINT ( 'NONE',  ( 5.432459535739056378, 5.786934341759518929, -12.84835993107065200 ) ) ;
#2476 = EDGE_LOOP ( 'NONE', ( #374, #589, #2406, #2076, #2774, #1674, #1365, #2975 ) ) ;
#2477 = APPROVAL_DATE_TIME ( #313, #2106 ) ;
#2478 = EDGE_CURVE ( 'NONE', #330, #2294, #1648, .T. ) ;
#2479 = DIRECTION ( 'NONE',  ( 0.000000000000000000, -1.000000000000000000, 0.000000000000000000 ) ) ;
#2480 = PERSON_AND_ORGANIZATION ( #2273, #3437 ) ;
#2481 = DIRECTION ( 'NONE',  ( 0.000000000000000000, 0.000000000000000000, -1.000000000000000000 ) ) ;
#2482 = DIRECTION ( 'NONE',  ( 0.000000000000000000, 0.000000000000000000, -1.000000000000000000 ) ) ;
#2483 = EDGE_LOOP ( 'NONE', ( #1105, #104, #2755, #1811 ) ) ;
#2484 = SHAPE_REPRESENTATION_RELATIONSHIP ( 'NONE' , 'NONE' ,  #2621, #242 ) ;
#2485 = VERTEX_POINT ( 'NONE', #1157 ) ;
#2486 = CARTESIAN_POINT ( 'NONE',  ( 1.109564667602157551, 0.000000000000000000, 0.000000000000000000 ) ) ;
#2487 = ORIENTED_EDGE ( 'NONE', *, *, #2557, .F. ) ;
#2488 = PERSON_AND_ORGANIZATION ( #1172, #2974 ) ;
#2489 = ORIENTED_EDGE ( 'NONE', *, *, #3397, .T. ) ;
#2490 = APPROVAL_ROLE ( '' ) ;
#2491 = EDGE_CURVE ( 'NONE', #1116, #1293, #627, .T. ) ;
#2492 = FACE_OUTER_BOUND ( 'NONE', #192, .T. ) ;
#2493 = APPROVAL_DATE_TIME ( #601, #3323 ) ;
#2494 = CIRCLE ( 'NONE', #569, 0.4550000000000005151 ) ;
#2495 = CARTESIAN_POINT ( 'NONE',  ( 17.43245953573905638, 5.786934341759518929, -16.84835993107065022 ) ) ;
#2496 = EDGE_CURVE ( 'NONE', #2433, #675, #2029, .T. ) ;
#2497 = DIRECTION ( 'NONE',  ( -0.000000000000000000, 1.000000000000000000, -0.000000000000000000 ) ) ;
#2498 = VERTEX_POINT ( 'NONE', #123 ) ;
#2499 = DIRECTION ( 'NONE',  ( 0.000000000000000000, 1.000000000000000000, 0.000000000000000000 ) ) ;
#2500 = ORIENTED_EDGE ( 'NONE', *, *, #2671, .F. ) ;
#2501 = DIRECTION ( 'NONE',  ( 0.000000000000000000, 1.000000000000000000, -0.000000000000000000 ) ) ;
#2502 = AXIS2_PLACEMENT_3D ( 'NONE', #2998, #1412, #1668 ) ;
#2503 = ORIENTED_EDGE ( 'NONE', *, *, #306, .F. ) ;
#2504 = DATE_TIME_ROLE ( 'classification_date' ) ;
#2505 = CIRCLE ( 'NONE', #1424, 0.4550000000000005151 ) ;
#2506 = CC_DESIGN_SECURITY_CLASSIFICATION ( #1601, ( #3500 ) ) ;
#2507 = CIRCLE ( 'NONE', #867, 0.4550000000000005151 ) ;
#2508 = ORIENTED_EDGE ( 'NONE', *, *, #3286, .F. ) ;
#2509 = CONTEXT_DEPENDENT_SHAPE_REPRESENTATION ( #2376, #1448 ) ;
#2510 = AXIS2_PLACEMENT_3D ( 'NONE', #1193, #954, #153 ) ;
#2511 = CC_DESIGN_APPROVAL ( #3193, ( #2408 ) ) ;
#2512 = DIRECTION ( 'NONE',  ( -0.000000000000000000, 1.000000000000000000, -0.000000000000000000 ) ) ;
#2513 = CC_DESIGN_SECURITY_CLASSIFICATION ( #420, ( #2007 ) ) ;
#2514 = APPROVAL_ROLE ( '' ) ;
#2515 = DIRECTION ( 'NONE',  ( 0.000000000000000000, 0.000000000000000000, -1.000000000000000000 ) ) ;
#2516 = EDGE_CURVE ( 'NONE', #3086, #3117, #405, .T. ) ;
#2517 = CARTESIAN_POINT ( 'NONE',  ( 1.432459535739056156, 4.500000000000000888, -9.758359931070652138 ) ) ;
#2518 = ORIENTED_EDGE ( 'NONE', *, *, #3419, .T. ) ;
#2519 = CARTESIAN_POINT ( 'NONE',  ( -0.5400608770634498512, 8.342510335299722968, 7.192498329506545218 ) ) ;
#2520 = CARTESIAN_POINT ( 'NONE',  ( 17.43245953573905638, 5.786934341759518929, -13.30335993107065207 ) ) ;
#2521 = EDGE_CURVE ( 'NONE', #2591, #554, #1876, .T. ) ;
#2522 = DIRECTION ( 'NONE',  ( -0.000000000000000000, -1.000000000000000000, -0.000000000000000000 ) ) ;
#2523 = ORIENTED_EDGE ( 'NONE', *, *, #3465, .T. ) ;
#2524 = ITEM_DEFINED_TRANSFORMATION ( 'NONE', 'NONE', #2122,  #2454 ) ;
#2525 = DIRECTION ( 'NONE',  ( 1.000000000000000000, -0.000000000000000000, 0.000000000000000000 ) ) ;
#2526 = ORIENTED_EDGE ( 'NONE', *, *, #3349, .T. ) ;
#2527 = CONTEXT_DEPENDENT_SHAPE_REPRESENTATION ( #2238, #1802 ) ;
#2528 = DIRECTION ( 'NONE',  ( 0.000000000000000000, 0.000000000000000000, -1.000000000000000000 ) ) ;
#2529 = APPROVAL_STATUS ( 'not_yet_approved' ) ;
#2530 = CARTESIAN_POINT ( 'NONE',  ( 1.432459535739056156, 2.500000000000000000, -9.303359931070652067 ) ) ;
#2531 = CARTESIAN_POINT ( 'NONE',  ( 1.432459535739056156, 2.500000000000000000, -5.303359931070652067 ) ) ;
#2532 = PRODUCT_DEFINITION ( 'UNKNOWN', '', #2007, #256 ) ;
#2533 = VERTEX_POINT ( 'NONE', #1513 ) ;
#2534 = CARTESIAN_POINT ( 'NONE',  ( -0.5400608770634498512, 8.342510335299722968, 19.19249832950654522 ) ) ;
#2535 = ORIENTED_EDGE ( 'NONE', *, *, #3201, .F. ) ;
#2536 = CARTESIAN_POINT ( 'NONE',  ( -2.000000000000000000, 0.000000000000000000, 0.000000000000000000 ) ) ;
#2537 = EDGE_CURVE ( 'NONE', #3332, #710, #456, .T. ) ;
#2538 = ORIENTED_EDGE ( 'NONE', *, *, #1977, .F. ) ;
#2539 = CALENDAR_DATE ( 2026, 13, 9 ) ;
#2540 = DIRECTION ( 'NONE',  ( 0.000000000000000000, 0.000000000000000000, -1.000000000000000000 ) ) ;
#2541 = CARTESIAN_POINT ( 'NONE',  ( 9.432459535739056378, 4.500000000000000888, -9.303359931070652067 ) ) ;
#2542 = EDGE_LOOP ( 'NONE', ( #780, #2785, #598, #308 ) ) ;
#2543 = CALENDAR_DATE ( 2026, 13, 9 ) ;
#2544 = DIRECTION ( 'NONE',  ( 0.000000000000000000, 0.000000000000000000, -1.000000000000000000 ) ) ;
#2545 = COORDINATED_UNIVERSAL_TIME_OFFSET ( 8, 0, .BEHIND. ) ;
#2546 = DIRECTION ( 'NONE',  ( 0.000000000000000000, 0.000000000000000000, -1.000000000000000000 ) ) ;
#2547 =( REPRESENTATION_RELATIONSHIP ('NONE','NONE', #1987, #2621 ) REPRESENTATION_RELATIONSHIP_WITH_TRANSFORMATION ( #3460 )SHAPE_REPRESENTATION_RELATIONSHIP( ) );
#2548 = FACE_BOUND ( 'NONE', #654, .T. ) ;
#2549 = ORIENTED_EDGE ( 'NONE', *, *, #2478, .F. ) ;
#2550 = DIRECTION ( 'NONE',  ( 0.000000000000000000, 1.000000000000000000, 0.000000000000000000 ) ) ;
#2551 = DIRECTION ( 'NONE',  ( 0.000000000000000000, 0.000000000000000000, -1.000000000000000000 ) ) ;
#2552 = FACE_OUTER_BOUND ( 'NONE', #358, .T. ) ;
#2553 = PRODUCT_DEFINITION_SHAPE ( 'NONE', 'NONE',  #3499 ) ;
#2554 = CIRCLE ( 'NONE', #1029, 0.4550000000000005151 ) ;
#2555 = ORIENTED_EDGE ( 'NONE', *, *, #1291, .T. ) ;
#2556 = LINE ( 'NONE', #2357, #3085 ) ;
#2557 = EDGE_CURVE ( 'NONE', #1620, #445, #908, .T. ) ;
#2558 = AXIS2_PLACEMENT_3D ( 'NONE', #2256, #3012, #1146 ) ;
#2559 = DIRECTION ( 'NONE',  ( -0.000000000000000000, -1.000000000000000000, -0.000000000000000000 ) ) ;
#2560 = CARTESIAN_POINT ( 'NONE',  ( 19.99999999999999645, 0.000000000000000000, -19.99999999999999645 ) ) ;
#2561 = ORIENTED_EDGE ( 'NONE', *, *, #413, .F. ) ;
#2562 = ADVANCED_FACE ( 'NONE', ( #696 ), #1747, .F. ) ;
#2563 = CIRCLE ( 'NONE', #1036, 0.4550000000000005151 ) ;
#2564 = FACE_OUTER_BOUND ( 'NONE', #946, .T. ) ;
#2565 = AXIS2_PLACEMENT_3D ( 'NONE', #458, #945, #2025 ) ;
#2566 = CARTESIAN_POINT ( 'NONE',  ( 13.43245953573905638, 2.500000000000000000, -8.848359931070651996 ) ) ;
#2567 = CIRCLE ( 'NONE', #707, 0.4550000000000005151 ) ;
#2568 = CARTESIAN_POINT ( 'NONE',  ( 13.43245953573905638, 4.500000000000000888, -5.303359931070652067 ) ) ;
#2569 = APPROVAL_PERSON_ORGANIZATION ( #110, #1120, #3062 ) ;
#2570 = VECTOR ( 'NONE', #2996, 1000.000000000000000 ) ;
#2571 = LOCAL_TIME ( 17, 6, 26.00000000000000000, #671 ) ;
#2572 = COORDINATED_UNIVERSAL_TIME_OFFSET ( 8, 0, .BEHIND. ) ;
#2573 = LINE ( 'NONE', #3202, #3022 ) ;
#2574 = DIRECTION ( 'NONE',  ( 0.000000000000000000, 1.000000000000000000, 0.000000000000000000 ) ) ;
#2575 = VERTEX_POINT ( 'NONE', #1781 ) ;
#2576 = DIRECTION ( 'NONE',  ( -0.000000000000000000, -1.000000000000000000, -0.000000000000000000 ) ) ;
#2577 = ORIENTED_EDGE ( 'NONE', *, *, #2496, .F. ) ;
#2578 = DIRECTION ( 'NONE',  ( 0.000000000000000000, 0.000000000000000000, -1.000000000000000000 ) ) ;
#2579 = DIRECTION ( 'NONE',  ( -0.000000000000000000, 1.000000000000000000, -0.000000000000000000 ) ) ;
#2580 = CARTESIAN_POINT ( 'NONE',  ( 13.43245953573905638, 5.786934341759518929, -0.8483599310706509966 ) ) ;
#2581 = CC_DESIGN_DATE_AND_TIME_ASSIGNMENT ( #746, #1524, ( #1101 ) ) ;
#2582 = ORIENTED_EDGE ( 'NONE', *, *, #894, .F. ) ;
#2583 = DIRECTION ( 'NONE',  ( -0.000000000000000000, -1.000000000000000000, -0.000000000000000000 ) ) ;
#2584 = EDGE_CURVE ( 'NONE', #1293, #1116, #283, .T. ) ;
#2585 = PERSON_AND_ORGANIZATION ( #1815, #1038 ) ;
#2586 = CARTESIAN_POINT ( 'NONE',  ( 5.432459535739056378, 2.500000000000000000, -4.848359931070651108 ) ) ;
#2587 = DIRECTION ( 'NONE',  ( 0.000000000000000000, 0.000000000000000000, -1.000000000000000000 ) ) ;
#2588 = DATE_TIME_ROLE ( 'creation_date' ) ;
#2589 = EDGE_LOOP ( 'NONE', ( #1102, #3325, #2144, #1010 ) ) ;
#2590 = CARTESIAN_POINT ( 'NONE',  ( 17.43245953573905638, 5.786934341759518929, -9.303359931070652067 ) ) ;
#2591 = VERTEX_POINT ( 'NONE', #429 ) ;
#2592 = PERSON_AND_ORGANIZATION ( #400, #75 ) ;
#2593 = CARTESIAN_POINT ( 'NONE',  ( 1.432459535739056156, 4.500000000000000888, -13.30335993107065207 ) ) ;
#2594 = CARTESIAN_POINT ( 'NONE',  ( 17.43245953573905638, 2.500000000000000000, -5.303359931070652067 ) ) ;
#2595 = DIRECTION ( 'NONE',  ( -0.000000000000000000, 1.000000000000000000, -0.000000000000000000 ) ) ;
#2596 = ORIENTED_EDGE ( 'NONE', *, *, #2773, .T. ) ;
#2597 = CC_DESIGN_PERSON_AND_ORGANIZATION_ASSIGNMENT ( #2592, #3363, ( #2685 ) ) ;
#2598 = LINE ( 'NONE', #2307, #1488 ) ;
#2599 = PERSON_AND_ORGANIZATION_ROLE ( 'classification_officer' ) ;
#2600 = LINE ( 'NONE', #172, #406 ) ;
#2601 = ADVANCED_FACE ( 'NONE', ( #2552 ), #664, .F. ) ;
#2602 = DIRECTION ( 'NONE',  ( -0.000000000000000000, -1.000000000000000000, -0.000000000000000000 ) ) ;
#2603 = PERSON_AND_ORGANIZATION_ROLE ( 'creator' ) ;
#2604 = DIRECTION ( 'NONE',  ( 0.000000000000000000, -1.000000000000000000, 0.000000000000000000 ) ) ;
#2605 = ADVANCED_FACE ( 'NONE', ( #3157 ), #979, .F. ) ;
#2606 = ORIENTED_EDGE ( 'NONE', *, *, #1505, .F. ) ;
#2607 = PERSON_AND_ORGANIZATION_ROLE ( 'classification_officer' ) ;
#2608 = DIRECTION ( 'NONE',  ( 0.000000000000000000, 0.000000000000000000, -1.000000000000000000 ) ) ;
#2609 = FACE_BOUND ( 'NONE', #1400, .T. ) ;
#2610 = AXIS2_PLACEMENT_3D ( 'NONE', #2520, #2865, #428 ) ;
#2611 = DIRECTION ( 'NONE',  ( 0.000000000000000000, 0.000000000000000000, -1.000000000000000000 ) ) ;
#2612 = VERTEX_POINT ( 'NONE', #2826 ) ;
#2613 = VECTOR ( 'NONE', #3068, 1000.000000000000000 ) ;
#2614 = DIRECTION ( 'NONE',  ( 0.000000000000000000, 0.000000000000000000, -1.000000000000000000 ) ) ;
#2615 = AXIS2_PLACEMENT_3D ( 'NONE', #2568, #943, #2267 ) ;
#2616 = ORIENTED_EDGE ( 'NONE', *, *, #2435, .T. ) ;
#2617 = CARTESIAN_POINT ( 'NONE',  ( 17.43245953573905638, 5.786934341759518929, -1.303359931070651179 ) ) ;
#2618 = CIRCLE ( 'NONE', #2858, 0.4550000000000005151 ) ;
#2619 = VECTOR ( 'NONE', #1981, 1000.000000000000000 ) ;
#2620 = DIRECTION ( 'NONE',  ( 0.000000000000000000, 0.000000000000000000, -1.000000000000000000 ) ) ;
#2621 = SHAPE_REPRESENTATION ( 'MNsharp', ( #2454 ), #990 ) ;
#2622 =( GEOMETRIC_REPRESENTATION_CONTEXT ( 3 ) GLOBAL_UNCERTAINTY_ASSIGNED_CONTEXT ( ( #3213 ) ) GLOBAL_UNIT_ASSIGNED_CONTEXT ( ( #3039, #2104, #2751 ) ) REPRESENTATION_CONTEXT ( 'NONE', 'WORKASPACE' ) );
#2623 = LOCAL_TIME ( 17, 6, 26.00000000000000000, #2094 ) ;
#2624 = PERSON_AND_ORGANIZATION ( #2273, #3437 ) ;
#2625 = AXIS2_PLACEMENT_3D ( 'NONE', #447, #1473, #2925 ) ;
#2626 = CC_DESIGN_PERSON_AND_ORGANIZATION_ASSIGNMENT ( #2980, #9, ( #1601 ) ) ;
#2627 = LINE ( 'NONE', #1858, #1367 ) ;
#2628 = SECURITY_CLASSIFICATION ( '', '', #3320 ) ;
#2629 = ORGANIZATION ( 'NAUO-ORG15', 'UNSPECIFIED', 'UNSPECIFIED' ) ;
#2630 = ADVANCED_FACE ( 'NONE', ( #389 ), #3100, .T. ) ;
#2631 = APPROVAL_PERSON_ORGANIZATION ( #2266, #3323, #1181 ) ;
#2632 = ORIENTED_EDGE ( 'NONE', *, *, #2779, .T. ) ;
#2633 = CONTEXT_DEPENDENT_SHAPE_REPRESENTATION ( #1569, #3327 ) ;
#2634 = CARTESIAN_POINT ( 'NONE',  ( 9.432459535739056378, 4.500000000000000888, -17.30335993107065207 ) ) ;
#2635 = FACE_BOUND ( 'NONE', #3304, .T. ) ;
#2636 = DIRECTION ( 'NONE',  ( -0.000000000000000000, 1.000000000000000000, -0.000000000000000000 ) ) ;
#2637 = ORIENTED_EDGE ( 'NONE', *, *, #713, .F. ) ;
#2638 = DATE_TIME_ROLE ( 'classification_date' ) ;
#2639 = FACE_OUTER_BOUND ( 'NONE', #1646, .T. ) ;
#2640 = ORIENTED_EDGE ( 'NONE', *, *, #680, .F. ) ;
#2641 = COORDINATED_UNIVERSAL_TIME_OFFSET ( 8, 0, .BEHIND. ) ;
#2642 = LINE ( 'NONE', #2080, #466 ) ;
#2643 = DIRECTION ( 'NONE',  ( 1.000000000000000000, 0.000000000000000000, 0.000000000000000000 ) ) ;
#2644 = APPROVAL_DATE_TIME ( #214, #1307 ) ;
#2645 = CYLINDRICAL_SURFACE ( 'NONE', #1770, 0.4550000000000001266 ) ;
#2646 = CC_DESIGN_DATE_AND_TIME_ASSIGNMENT ( #26, #791, ( #480 ) ) ;
#2647 = ORIENTED_EDGE ( 'NONE', *, *, #3240, .T. ) ;
#2648 = DIRECTION ( 'NONE',  ( 0.000000000000000000, 0.000000000000000000, -1.000000000000000000 ) ) ;
#2649 = EDGE_CURVE ( 'NONE', #149, #2485, #748, .T. ) ;
#2650 = FACE_OUTER_BOUND ( 'NONE', #2476, .T. ) ;
#2651 = VERTEX_POINT ( 'NONE', #3091 ) ;
#2652 = ADVANCED_FACE ( 'NONE', ( #2492 ), #1396, .F. ) ;
#2653 =( REPRESENTATION_RELATIONSHIP ('NONE','NONE', #1987, #2621 ) REPRESENTATION_RELATIONSHIP_WITH_TRANSFORMATION ( #2524 )SHAPE_REPRESENTATION_RELATIONSHIP( ) );
#2654 = CARTESIAN_POINT ( 'NONE',  ( 1.432459535739056156, 2.500000000000000000, -5.758359931070652138 ) ) ;
#2655 = ORIENTED_EDGE ( 'NONE', *, *, #506, .T. ) ;
#2656 = DATE_TIME_ROLE ( 'classification_date' ) ;
#2657 = CARTESIAN_POINT ( 'NONE',  ( 1.432459535739056156, 2.500000000000000000, -17.30335993107065207 ) ) ;
#2658 = PLANE ( 'NONE',  #930 ) ;
#2659 = PERSON_AND_ORGANIZATION ( #2273, #3437 ) ;
#2660 = CARTESIAN_POINT ( 'NONE',  ( 1.432459535739056156, 5.786934341759518929, -9.758359931070652138 ) ) ;
#2661 = VERTEX_POINT ( 'NONE', #382 ) ;
#2662 = DIRECTION ( 'NONE',  ( 0.000000000000000000, 0.000000000000000000, -1.000000000000000000 ) ) ;
#2663 = AXIS2_PLACEMENT_3D ( 'NONE', #2331, #1493, #3132 ) ;
#2664 = LINE ( 'NONE', #1584, #698 ) ;
#2665 = AXIS2_PLACEMENT_3D ( 'NONE', #1719, #1695, #2233 ) ;
#2666 = ORIENTED_EDGE ( 'NONE', *, *, #2261, .F. ) ;
#2667 = PERSON_AND_ORGANIZATION ( #2694, #2008 ) ;
#2668 = CC_DESIGN_PERSON_AND_ORGANIZATION_ASSIGNMENT ( #1000, #2880, ( #761 ) ) ;
#2669 = EDGE_LOOP ( 'NONE', ( #2449, #2299 ) ) ;
#2670 = APPROVAL_STATUS ( 'not_yet_approved' ) ;
#2671 = EDGE_CURVE ( 'NONE', #3007, #2472, #114, .T. ) ;
#2672 = AXIS2_PLACEMENT_3D ( 'NONE', #2005, #1063, #2115 ) ;
#2673 = CYLINDRICAL_SURFACE ( 'NONE', #1998, 0.4550000000000005151 ) ;
#2674 = APPLICATION_PROTOCOL_DEFINITION ( 'international standard', 'config_control_design', 1994, #492 ) ;
#2675 = DIRECTION ( 'NONE',  ( 0.000000000000000000, 0.000000000000000000, -1.000000000000000000 ) ) ;
#2676 = VECTOR ( 'NONE', #1854, 1000.000000000000000 ) ;
#2677 = VECTOR ( 'NONE', #1460, 1000.000000000000000 ) ;
#2678 = LOCAL_TIME ( 17, 6, 26.00000000000000000, #325 ) ;
#2679 = CIRCLE ( 'NONE', #2405, 0.4550000000000001266 ) ;
#2680 = ORIENTED_EDGE ( 'NONE', *, *, #3245, .F. ) ;
#2681 = AXIS2_PLACEMENT_3D ( 'NONE', #2560, #134, #1276 ) ;
#2682 = CARTESIAN_POINT ( 'NONE',  ( 20.00000000000000000, 2.500000000000000000, 0.000000000000000000 ) ) ;
#2683 = ORGANIZATION ( 'NAUO-ORG13', 'UNSPECIFIED', 'UNSPECIFIED' ) ;
#2684 = LOCAL_TIME ( 17, 6, 26.00000000000000000, #1337 ) ;
#2685 = SECURITY_CLASSIFICATION ( '', '', #2317 ) ;
#2686 = ORIENTED_EDGE ( 'NONE', *, *, #2112, .F. ) ;
#2687 = APPROVAL_STATUS ( 'not_yet_approved' ) ;
#2688 = CC_DESIGN_PERSON_AND_ORGANIZATION_ASSIGNMENT ( #730, #2599, ( #1101 ) ) ;
#2689 = CARTESIAN_POINT ( 'NONE',  ( 13.43245953573905638, 5.786934341759518929, -13.30335993107065207 ) ) ;
#2690 = ORIENTED_EDGE ( 'NONE', *, *, #3165, .T. ) ;
#2691 = DATE_TIME_ROLE ( 'classification_date' ) ;
#2692 = EDGE_CURVE ( 'NONE', #2355, #3450, #1704, .T. ) ;
#2693 = CARTESIAN_POINT ( 'NONE',  ( 5.432459535739056378, 5.786934341759518929, -13.75835993107065214 ) ) ;
#2694 = PERSON ( 'NAUO-PER18', 'UNSPECIFIED', 'UNSPECIFIED', ('UNSPECIFIED'), ('UNSPECIFIED'), ('UNSPECIFIED') ) ;
#2695 = DATE_AND_TIME ( #511, #819 ) ;
#2696 = DIRECTION ( 'NONE',  ( 0.000000000000000000, 0.000000000000000000, -1.000000000000000000 ) ) ;
#2697 = ADVANCED_FACE ( 'NONE', ( #3297 ), #3107, .F. ) ;
#2698 = ORIENTED_EDGE ( 'NONE', *, *, #566, .F. ) ;
#2699 = CARTESIAN_POINT ( 'NONE',  ( 17.43245953573905638, 2.500000000000000000, -0.8483599310706509966 ) ) ;
#2700 = VERTEX_POINT ( 'NONE', #657 ) ;
#2701 = PERSON_AND_ORGANIZATION_ROLE ( 'classification_officer' ) ;
#2702 = CARTESIAN_POINT ( 'NONE',  ( 5.432459535739056378, 5.786934341759518929, -17.30335993107065207 ) ) ;
#2703 = ORIENTED_EDGE ( 'NONE', *, *, #1123, .F. ) ;
#2704 = APPROVAL_ROLE ( '' ) ;
#2705 = CC_DESIGN_PERSON_AND_ORGANIZATION_ASSIGNMENT ( #1356, #2129, ( #2456 ) ) ;
#2706 = PRODUCT_DEFINITION_SHAPE ( 'NONE', 'NONE',  #2532 ) ;
#2707 = DIRECTION ( 'NONE',  ( -0.000000000000000000, 1.000000000000000000, -0.000000000000000000 ) ) ;
#2708 = MECHANICAL_CONTEXT ( 'NONE', #2985, 'mechanical' ) ;
#2709 = DIRECTION ( 'NONE',  ( -0.000000000000000000, -1.000000000000000000, -0.000000000000000000 ) ) ;
#2710 = ADVANCED_FACE ( 'NONE', ( #1427 ), #3376, .F. ) ;
#2711 = ORIENTED_EDGE ( 'NONE', *, *, #2024, .T. ) ;
#2712 = EDGE_CURVE ( 'NONE', #1138, #3218, #2778, .T. ) ;
#2713 = DIRECTION ( 'NONE',  ( -0.000000000000000000, -1.000000000000000000, -0.000000000000000000 ) ) ;
#2714 = ORIENTED_EDGE ( 'NONE', *, *, #266, .F. ) ;
#2715 = DATE_AND_TIME ( #2425, #1844 ) ;
#2716 = CARTESIAN_POINT ( 'NONE',  ( 20.00000000000000000, 2.500000000000000000, 0.000000000000000000 ) ) ;
#2717 = ORIENTED_EDGE ( 'NONE', *, *, #1197, .F. ) ;
#2718 = PERSON_AND_ORGANIZATION ( #368, #759 ) ;
#2719 = CARTESIAN_POINT ( 'NONE',  ( 13.43245953573905638, 4.500000000000000888, -16.84835993107065022 ) ) ;
#2720 = CALENDAR_DATE ( 2026, 13, 9 ) ;
#2721 = DIRECTION ( 'NONE',  ( -0.000000000000000000, -1.000000000000000000, -0.000000000000000000 ) ) ;
#2722 = AXIS2_PLACEMENT_3D ( 'NONE', #1382, #1398, #2481 ) ;
#2723 = DIRECTION ( 'NONE',  ( -0.000000000000000000, -1.000000000000000000, 0.000000000000000000 ) ) ;
#2724 = CC_DESIGN_PERSON_AND_ORGANIZATION_ASSIGNMENT ( #1061, #2188, ( #711 ) ) ;
#2725 = ORIENTED_EDGE ( 'NONE', *, *, #3331, .T. ) ;
#2726 = AXIS2_PLACEMENT_3D ( 'NONE', #608, #928, #353 ) ;
#2727 = CARTESIAN_POINT ( 'NONE',  ( 0.000000000000000000, 0.000000000000000000, 0.000000000000000000 ) ) ;
#2728 = AXIS2_PLACEMENT_3D ( 'NONE', #1441, #3120, #2338 ) ;
#2729 = VERTEX_POINT ( 'NONE', #1198 ) ;
#2730 = DIRECTION ( 'NONE',  ( 0.000000000000000000, 0.000000000000000000, 1.000000000000000000 ) ) ;
#2731 = UNCERTAINTY_MEASURE_WITH_UNIT (LENGTH_MEASURE( 1.000000000000000082E-05 ), #3305, 'distance_accuracy_value', 'NONE');
#2732 = AXIS2_PLACEMENT_3D ( 'NONE', #156, #1826, #1238 ) ;
#2733 = LOCAL_TIME ( 17, 6, 26.00000000000000000, #3282 ) ;
#2734 = AXIS2_PLACEMENT_3D ( 'NONE', #870, #1166, #2253 ) ;
#2735 = EDGE_CURVE ( 'NONE', #2989, #330, #2838, .T. ) ;
#2736 = CIRCLE ( 'NONE', #1212, 0.4550000000000005151 ) ;
#2737 = ORIENTED_EDGE ( 'NONE', *, *, #2478, .T. ) ;
#2738 = SECURITY_CLASSIFICATION ( '', '', #2247 ) ;
#2739 = DATE_AND_TIME ( #2771, #1046 ) ;
#2740 = VECTOR ( 'NONE', #11, 1000.000000000000000 ) ;
#2741 = PRODUCT ( 'MNsharp', 'MNsharp', '', ( #2082 ) ) ;
#2742 = CC_DESIGN_APPROVAL ( #2994, ( #2007 ) ) ;
#2743 = CC_DESIGN_SECURITY_CLASSIFICATION ( #2411, ( #3515 ) ) ;
#2744 = ORIENTED_EDGE ( 'NONE', *, *, #3344, .T. ) ;
#2745 = PERSON_AND_ORGANIZATION ( #2322, #15 ) ;
#2746 = ORGANIZATION ( 'NAUO-ORG2', 'UNSPECIFIED', 'UNSPECIFIED' ) ;
#2747 = FACE_BOUND ( 'NONE', #3374, .T. ) ;
#2748 = COORDINATED_UNIVERSAL_TIME_OFFSET ( 8, 0, .BEHIND. ) ;
#2749 = CARTESIAN_POINT ( 'NONE',  ( 13.43245953573905638, 2.500000000000000000, -16.84835993107065022 ) ) ;
#2750 = DIRECTION ( 'NONE',  ( 0.000000000000000000, 0.000000000000000000, -1.000000000000000000 ) ) ;
#2751 =( NAMED_UNIT ( * ) SI_UNIT ( $, .STERADIAN. ) SOLID_ANGLE_UNIT ( ) );
#2752 = ORIENTED_EDGE ( 'NONE', *, *, #280, .T. ) ;
#2753 = CARTESIAN_POINT ( 'NONE',  ( 13.43245953573905638, 5.786934341759518929, -1.303359931070651179 ) ) ;
#2754 = CC_DESIGN_PERSON_AND_ORGANIZATION_ASSIGNMENT ( #287, #1602, ( #22 ) ) ;
#2755 = ORIENTED_EDGE ( 'NONE', *, *, #3402, .T. ) ;
#2756 = ADVANCED_FACE ( 'NONE', ( #897 ), #3319, .F. ) ;
#2757 = CARTESIAN_POINT ( 'NONE',  ( 17.43245953573905638, 2.500000000000000000, -4.848359931070651108 ) ) ;
#2758 = ORIENTED_EDGE ( 'NONE', *, *, #2712, .T. ) ;
#2759 = SECURITY_CLASSIFICATION_LEVEL ( 'unclassified' ) ;
#2760 = ADVANCED_FACE ( 'NONE', ( #861, #2747 ), #3351, .T. ) ;
#2761 = CARTESIAN_POINT ( 'NONE',  ( 19.99999999999999645, 4.500000000000000888, -19.99999999999999645 ) ) ;
#2762 = APPROVAL_STATUS ( 'not_yet_approved' ) ;
#2763 = DIRECTION ( 'NONE',  ( 0.000000000000000000, -1.000000000000000000, 0.000000000000000000 ) ) ;
#2764 = FACE_BOUND ( 'NONE', #1121, .T. ) ;
#2765 = VERTEX_POINT ( 'NONE', #916 ) ;
#2766 = DIRECTION ( 'NONE',  ( 0.000000000000000000, 0.000000000000000000, 1.000000000000000000 ) ) ;
#2767 = ORIENTED_EDGE ( 'NONE', *, *, #1810, .T. ) ;
#2768 = CARTESIAN_POINT ( 'NONE',  ( 1.432459535739056156, 5.786934341759518929, -4.848359931070651108 ) ) ;
#2769 = DESIGN_CONTEXT ( 'detailed design', #492, 'design' ) ;
#2770 = EDGE_LOOP ( 'NONE', ( #1305, #1886, #786, #2666 ) ) ;
#2771 = CALENDAR_DATE ( 2026, 13, 9 ) ;
#2772 = DIRECTION ( 'NONE',  ( 0.000000000000000000, 0.000000000000000000, -1.000000000000000000 ) ) ;
#2773 = EDGE_CURVE ( 'NONE', #391, #542, #314, .T. ) ;
#2774 = ORIENTED_EDGE ( 'NONE', *, *, #789, .T. ) ;
#2775 = DATE_AND_TIME ( #3087, #816 ) ;
#2776 = AXIS2_PLACEMENT_3D ( 'NONE', #147, #3385, #1761 ) ;
#2777 = DIRECTION ( 'NONE',  ( 0.000000000000000000, 0.000000000000000000, -1.000000000000000000 ) ) ;
#2778 = LINE ( 'NONE', #2250, #3129 ) ;
#2779 = EDGE_CURVE ( 'NONE', #1437, #1065, #78, .T. ) ;
#2780 = COORDINATED_UNIVERSAL_TIME_OFFSET ( 8, 0, .BEHIND. ) ;
#2781 = DIRECTION ( 'NONE',  ( 0.000000000000000000, 0.000000000000000000, -1.000000000000000000 ) ) ;
#2782 = VECTOR ( 'NONE', #517, 1000.000000000000000 ) ;
#2783 = VECTOR ( 'NONE', #1984, 1000.000000000000000 ) ;
#2784 = CARTESIAN_POINT ( 'NONE',  ( 0.000000000000000000, 2.500000000000000000, 0.000000000000000000 ) ) ;
#2785 = ORIENTED_EDGE ( 'NONE', *, *, #137, .T. ) ;
#2786 = ORIENTED_EDGE ( 'NONE', *, *, #3208, .F. ) ;
#2787 = CIRCLE ( 'NONE', #3244, 0.4550000000000005151 ) ;
#2788 = LINE ( 'NONE', #2205, #516 ) ;
#2789 =( REPRESENTATION_RELATIONSHIP ('NONE','NONE', #1987, #2621 ) REPRESENTATION_RELATIONSHIP_WITH_TRANSFORMATION ( #2941 )SHAPE_REPRESENTATION_RELATIONSHIP( ) );
#2790 = VERTEX_POINT ( 'NONE', #1124 ) ;
#2791 = AXIS2_PLACEMENT_3D ( 'NONE', #1224, #1771, #2614 ) ;
#2792 = AXIS2_PLACEMENT_3D ( 'NONE', #3390, #392, #1475 ) ;
#2793 = PLANE ( 'NONE',  #3077 ) ;
#2794 = AXIS2_PLACEMENT_3D ( 'NONE', #538, #1617, #2167 ) ;
#2795 = EDGE_LOOP ( 'NONE', ( #48, #3097, #3105, #163 ) ) ;
#2796 = DIRECTION ( 'NONE',  ( -0.000000000000000000, 1.000000000000000000, -0.000000000000000000 ) ) ;
#2797 = AXIS2_PLACEMENT_3D ( 'NONE', #1543, #1562, #144 ) ;
#2798 = EDGE_LOOP ( 'NONE', ( #2206, #1451 ) ) ;
#2799 = APPROVAL_STATUS ( 'not_yet_approved' ) ;
#2800 = FACE_BOUND ( 'NONE', #154, .T. ) ;
#2801 = CC_DESIGN_SECURITY_CLASSIFICATION ( #416, ( #3505 ) ) ;
#2802 = APPROVAL ( #957, 'UNKNOWN' ) ;
#2803 = CARTESIAN_POINT ( 'NONE',  ( 5.432459535739056378, 4.500000000000000888, -1.303359931070651179 ) ) ;
#2804 = CC_DESIGN_APPROVAL ( #3223, ( #1731 ) ) ;
#2805 = COORDINATED_UNIVERSAL_TIME_OFFSET ( 8, 0, .BEHIND. ) ;
#2806 = DIRECTION ( 'NONE',  ( 0.000000000000000000, 0.000000000000000000, -1.000000000000000000 ) ) ;
#2807 = EDGE_CURVE ( 'NONE', #525, #1623, #3080, .T. ) ;
#2808 = FACE_BOUND ( 'NONE', #2271, .T. ) ;
#2809 = ORIENTED_EDGE ( 'NONE', *, *, #3344, .F. ) ;
#2810 = DIRECTION ( 'NONE',  ( 0.000000000000000000, 0.000000000000000000, 1.000000000000000000 ) ) ;
#2811 = PLANE ( 'NONE',  #2162 ) ;
#2812 = DIRECTION ( 'NONE',  ( 0.000000000000000000, 0.000000000000000000, -1.000000000000000000 ) ) ;
#2813 = ORIENTED_EDGE ( 'NONE', *, *, #1335, .T. ) ;
#2814 = ITEM_DEFINED_TRANSFORMATION ( 'NONE', 'NONE', #248,  #2454 ) ;
#2815 = CARTESIAN_POINT ( 'NONE',  ( 5.432459535739056378, 4.500000000000000888, -9.758359931070652138 ) ) ;
#2816 = ORIENTED_EDGE ( 'NONE', *, *, #2030, .F. ) ;
#2817 = DIRECTION ( 'NONE',  ( 0.000000000000000000, -1.000000000000000000, 0.000000000000000000 ) ) ;
#2818 = COORDINATED_UNIVERSAL_TIME_OFFSET ( 8, 0, .BEHIND. ) ;
#2819 = CC_DESIGN_DATE_AND_TIME_ASSIGNMENT ( #966, #1289, ( #2685 ) ) ;
#2820 = CARTESIAN_POINT ( 'NONE',  ( 9.432459535739056378, 2.500000000000000000, -1.758359931070651250 ) ) ;
#2821 = CARTESIAN_POINT ( 'NONE',  ( 17.43245953573905638, 5.786934341759518929, -1.758359931070651250 ) ) ;
#2822 = EDGE_LOOP ( 'NONE', ( #1497, #235, #1415, #965 ) ) ;
#2823 = DIRECTION ( 'NONE',  ( 0.000000000000000000, 0.000000000000000000, 1.000000000000000000 ) ) ;
#2824 = EDGE_CURVE ( 'NONE', #3181, #1860, #1838, .T. ) ;
#2825 = CYLINDRICAL_SURFACE ( 'NONE', #3418, 0.4550000000000005151 ) ;
#2826 = CARTESIAN_POINT ( 'NONE',  ( 0.000000000000000000, -2.789133085058097225E-17, 0.4555000000000001825 ) ) ;
#2827 = ADVANCED_FACE ( 'NONE', ( #112 ), #757, .F. ) ;
#2828 = ORIENTED_EDGE ( 'NONE', *, *, #311, .T. ) ;
#2829 = CYLINDRICAL_SURFACE ( 'NONE', #2792, 0.4550000000000005151 ) ;
#2830 = CARTESIAN_POINT ( 'NONE',  ( 13.43245953573905638, 2.500000000000000000, -17.75835993107065391 ) ) ;
#2831 = ORIENTED_EDGE ( 'NONE', *, *, #894, .T. ) ;
#2832 = DIRECTION ( 'NONE',  ( 0.000000000000000000, 0.000000000000000000, -1.000000000000000000 ) ) ;
#2833 = SECURITY_CLASSIFICATION_LEVEL ( 'unclassified' ) ;
#2834 = DIRECTION ( 'NONE',  ( 0.000000000000000000, -1.000000000000000000, 0.000000000000000000 ) ) ;
#2835 = CARTESIAN_POINT ( 'NONE',  ( 5.432459535739056378, 4.500000000000000888, -4.848359931070651108 ) ) ;
#2836 = DIRECTION ( 'NONE',  ( 0.000000000000000000, 0.000000000000000000, -1.000000000000000000 ) ) ;
#2837 = CARTESIAN_POINT ( 'NONE',  ( 5.432459535739056378, 5.786934341759518929, -5.303359931070652067 ) ) ;
#2838 = CIRCLE ( 'NONE', #514, 2.000000000000001776 ) ;
#2839 = APPROVAL ( #241, 'UNKNOWN' ) ;
#2840 = AXIS2_PLACEMENT_3D ( 'NONE', #3279, #2407, #1368 ) ;
#2841 = AXIS2_PLACEMENT_3D ( 'NONE', #2962, #2350, #3440 ) ;
#2842 = EDGE_LOOP ( 'NONE', ( #220, #508, #1339, #2577 ) ) ;
#2843 = APPROVAL_ROLE ( '' ) ;
#2844 = CYLINDRICAL_SURFACE ( 'NONE', #1095, 0.4550000000000005151 ) ;
#2845 = CIRCLE ( 'NONE', #2558, 0.4550000000000005151 ) ;
#2846 = EDGE_CURVE ( 'NONE', #2729, #37, #2377, .T. ) ;
#2847 = DIRECTION ( 'NONE',  ( 0.000000000000000000, 0.000000000000000000, -1.000000000000000000 ) ) ;
#2848 = APPLICATION_CONTEXT ( 'configuration controlled 3d designs of mechanical parts and assemblies' ) ;
#2849 = DIRECTION ( 'NONE',  ( -0.000000000000000000, -0.000000000000000000, 1.000000000000000000 ) ) ;
#2850 = CC_DESIGN_SECURITY_CLASSIFICATION ( #1498, ( #3516 ) ) ;
#2851 = VERTEX_POINT ( 'NONE', #1537 ) ;
#2852 = CALENDAR_DATE ( 2026, 13, 9 ) ;
#2853 = VECTOR ( 'NONE', #1642, 1000.000000000000000 ) ;
#2854 = AXIS2_PLACEMENT_3D ( 'NONE', #452, #3449, #2889 ) ;
#2855 = SECURITY_CLASSIFICATION ( '', '', #1853 ) ;
#2856 = DIRECTION ( 'NONE',  ( 0.000000000000000000, 0.000000000000000000, 1.000000000000000000 ) ) ;
#2857 = APPROVAL_DATE_TIME ( #1772, #2802 ) ;
#2858 = AXIS2_PLACEMENT_3D ( 'NONE', #1656, #2208, #1677 ) ;
#2859 = DIRECTION ( 'NONE',  ( -0.000000000000000000, -1.000000000000000000, -0.000000000000000000 ) ) ;
#2860 = APPROVAL_PERSON_ORGANIZATION ( #3318, #2106, #3032 ) ;
#2861 = APPROVAL_PERSON_ORGANIZATION ( #497, #2211, #2381 ) ;
#2862 = CC_DESIGN_APPROVAL ( #656, ( #2685 ) ) ;
#2863 = CARTESIAN_POINT ( 'NONE',  ( 1.432459535739056156, 5.786934341759518929, -5.303359931070652067 ) ) ;
#2864 = SECURITY_CLASSIFICATION_LEVEL ( 'unclassified' ) ;
#2865 = DIRECTION ( 'NONE',  ( -0.000000000000000000, -1.000000000000000000, -0.000000000000000000 ) ) ;
#2866 = DIRECTION ( 'NONE',  ( -0.000000000000000000, 1.000000000000000000, -0.000000000000000000 ) ) ;
#2867 = ORIENTED_EDGE ( 'NONE', *, *, #1762, .F. ) ;
#2868 = APPROVAL_DATE_TIME ( #1819, #656 ) ;
#2869 = DIRECTION ( 'NONE',  ( -0.000000000000000000, -1.000000000000000000, -0.000000000000000000 ) ) ;
#2870 = DIRECTION ( 'NONE',  ( 0.000000000000000000, 0.000000000000000000, -1.000000000000000000 ) ) ;
#2871 = LINE ( 'NONE', #2360, #415 ) ;
#2872 = ORIENTED_EDGE ( 'NONE', *, *, #785, .F. ) ;
#2873 = EDGE_CURVE ( 'NONE', #2951, #3001, #922, .T. ) ;
#2874 = FACE_OUTER_BOUND ( 'NONE', #3246, .T. ) ;
#2875 = APPROVAL_STATUS ( 'not_yet_approved' ) ;
#2876 = ADVANCED_FACE ( 'NONE', ( #2639 ), #1294, .F. ) ;
#2877 = DIRECTION ( 'NONE',  ( 0.000000000000000000, -1.000000000000000000, 0.000000000000000000 ) ) ;
#2878 = PRODUCT_DEFINITION_SHAPE ( 'NONE', 'NONE',  #3513 ) ;
#2879 = CARTESIAN_POINT ( 'NONE',  ( 0.000000000000000000, -0.000000000000000000, 2.000000000000000000 ) ) ;
#2880 = PERSON_AND_ORGANIZATION_ROLE ( 'design_owner' ) ;
#2881 = VERTEX_POINT ( 'NONE', #996 ) ;
#2882 = ORIENTED_EDGE ( 'NONE', *, *, #201, .T. ) ;
#2883 = APPROVAL_STATUS ( 'not_yet_approved' ) ;
#2884 = CARTESIAN_POINT ( 'NONE',  ( 9.432459535739056378, 5.786934341759518929, -4.848359931070651108 ) ) ;
#2885 = DIRECTION ( 'NONE',  ( 0.000000000000000000, 0.000000000000000000, -1.000000000000000000 ) ) ;
#2886 = CARTESIAN_POINT ( 'NONE',  ( 17.43245953573905638, 4.500000000000000888, -17.75835993107065391 ) ) ;
#2887 = ORIENTED_EDGE ( 'NONE', *, *, #201, .F. ) ;
#2888 = EDGE_CURVE ( 'NONE', #595, #2729, #1373, .T. ) ;
#2889 = DIRECTION ( 'NONE',  ( 0.000000000000000000, 0.000000000000000000, -1.000000000000000000 ) ) ;
#2890 = ORIENTED_EDGE ( 'NONE', *, *, #341, .T. ) ;
#2891 = APPROVAL_ROLE ( '' ) ;
#2892 = CARTESIAN_POINT ( 'NONE',  ( 1.432459535739056156, 2.500000000000000000, -1.758359931070651250 ) ) ;
#2893 = EDGE_CURVE ( 'NONE', #642, #2851, #984, .T. ) ;
#2894 = DIRECTION ( 'NONE',  ( 0.000000000000000000, 0.000000000000000000, -1.000000000000000000 ) ) ;
#2895 = PERSON_AND_ORGANIZATION_ROLE ( 'creator' ) ;
#2896 = DIRECTION ( 'NONE',  ( -0.000000000000000000, 1.000000000000000000, -0.000000000000000000 ) ) ;
#2897 = AXIS2_PLACEMENT_3D ( 'NONE', #720, #1801, #2013 ) ;
#2898 = ORIENTED_EDGE ( 'NONE', *, *, #2846, .F. ) ;
#2899 = ITEM_DEFINED_TRANSFORMATION ( 'NONE', 'NONE', #2354,  #2454 ) ;
#2900 = DIRECTION ( 'NONE',  ( 0.000000000000000000, -1.000000000000000000, 0.000000000000000000 ) ) ;
#2901 = CIRCLE ( 'NONE', #1366, 0.4550000000000005151 ) ;
#2902 = CARTESIAN_POINT ( 'NONE',  ( 1.432459535739056156, 5.786934341759518929, -13.75835993107065214 ) ) ;
#2903 = AXIS2_PLACEMENT_3D ( 'NONE', #2043, #695, #1512 ) ;
#2904 = FACE_OUTER_BOUND ( 'NONE', #1371, .T. ) ;
#2905 = EDGE_LOOP ( 'NONE', ( #2717, #1022 ) ) ;
#2906 = CIRCLE ( 'NONE', #2053, 0.4550000000000005151 ) ;
#2907 = CYLINDRICAL_SURFACE ( 'NONE', #2117, 0.4550000000000001266 ) ;
#2908 = ORIENTED_EDGE ( 'NONE', *, *, #3445, .T. ) ;
#2909 = CONTEXT_DEPENDENT_SHAPE_REPRESENTATION ( #3033, #1133 ) ;
#2910 = DIRECTION ( 'NONE',  ( 0.000000000000000000, 0.000000000000000000, -1.000000000000000000 ) ) ;
#2911 = CC_DESIGN_PERSON_AND_ORGANIZATION_ASSIGNMENT ( #3427, #994, ( #1783 ) ) ;
#2912 = AXIS2_PLACEMENT_3D ( 'NONE', #2323, #2341, #437 ) ;
#2913 = APPROVAL_PERSON_ORGANIZATION ( #2019, #277, #2490 ) ;
#2914 = AXIS2_PLACEMENT_3D ( 'NONE', #3398, #3381, #3154 ) ;
#2915 = CARTESIAN_POINT ( 'NONE',  ( -998.8999999999999773, 0.000000000000000000, 0.000000000000000000 ) ) ;
#2916 = VECTOR ( 'NONE', #1503, 1000.000000000000000 ) ;
#2917 = ORGANIZATION ( 'NAUO-ORG19', 'UNSPECIFIED', 'UNSPECIFIED' ) ;
#2918 = COORDINATED_UNIVERSAL_TIME_OFFSET ( 8, 0, .BEHIND. ) ;
#2919 = AXIS2_PLACEMENT_3D ( 'NONE', #2933, #2113, #1347 ) ;
#2920 = DIRECTION ( 'NONE',  ( 0.000000000000000000, 0.000000000000000000, -1.000000000000000000 ) ) ;
#2921 = EDGE_CURVE ( 'NONE', #2881, #1403, #1795, .T. ) ;
#2922 = APPROVAL_PERSON_ORGANIZATION ( #2659, #2417, #751 ) ;
#2923 = LOCAL_TIME ( 17, 6, 26.00000000000000000, #171 ) ;
#2924 = ORIENTED_EDGE ( 'NONE', *, *, #2216, .F. ) ;
#2925 = DIRECTION ( 'NONE',  ( 0.000000000000000000, 0.000000000000000000, -1.000000000000000000 ) ) ;
#2926 = FACE_BOUND ( 'NONE', #1691, .T. ) ;
#2927 = EDGE_LOOP ( 'NONE', ( #2947, #1377 ) ) ;
#2928 = APPROVAL_ROLE ( '' ) ;
#2929 = CARTESIAN_POINT ( 'NONE',  ( 9.432459535739056378, 4.500000000000000888, -9.303359931070652067 ) ) ;
#2930 = ORIENTED_EDGE ( 'NONE', *, *, #1947, .T. ) ;
#2931 = SECURITY_CLASSIFICATION_LEVEL ( 'unclassified' ) ;
#2932 = CARTESIAN_POINT ( 'NONE',  ( 17.43245953573905638, 5.786934341759518929, -17.30335993107065207 ) ) ;
#2933 = CARTESIAN_POINT ( 'NONE',  ( 5.432459535739056378, 2.500000000000000000, -5.303359931070652067 ) ) ;
#2934 = CARTESIAN_POINT ( 'NONE',  ( 13.43245953573905638, 5.786934341759518929, -1.758359931070651250 ) ) ;
#2935 = EDGE_CURVE ( 'NONE', #29, #849, #2451, .T. ) ;
#2936 = VERTEX_POINT ( 'NONE', #3148 ) ;
#2937 = CARTESIAN_POINT ( 'NONE',  ( 1.432459535739056156, 4.500000000000000888, -1.758359931070651250 ) ) ;
#2938 = CARTESIAN_POINT ( 'NONE',  ( 0.000000000000000000, 4.500000000000000888, 0.000000000000000000 ) ) ;
#2939 = ADVANCED_FACE ( 'NONE', ( #2874 ), #2907, .F. ) ;
#2940 = EDGE_LOOP ( 'NONE', ( #352, #2412, #3232, #324 ) ) ;
#2941 = ITEM_DEFINED_TRANSFORMATION ( 'NONE', 'NONE', #762,  #2454 ) ;
#2942 = VERTEX_POINT ( 'NONE', #3125 ) ;
#2943 = ITEM_DEFINED_TRANSFORMATION ( 'NONE', 'NONE', #1269,  #2454 ) ;
#2944 = DIRECTION ( 'NONE',  ( -1.000000000000000000, -0.000000000000000000, -0.000000000000000000 ) ) ;
#2945 = COORDINATED_UNIVERSAL_TIME_OFFSET ( 8, 0, .BEHIND. ) ;
#2946 = DIRECTION ( 'NONE',  ( -0.000000000000000000, -1.000000000000000000, -0.000000000000000000 ) ) ;
#2947 = ORIENTED_EDGE ( 'NONE', *, *, #2824, .F. ) ;
#2948 = DIRECTION ( 'NONE',  ( 0.000000000000000000, 0.000000000000000000, 1.000000000000000000 ) ) ;
#2949 = PRODUCT_RELATED_PRODUCT_CATEGORY ( 'detail', '', ( #2203 ) ) ;
#2950 = PERSON ( 'NAUO-PER13', 'UNSPECIFIED', 'UNSPECIFIED', ('UNSPECIFIED'), ('UNSPECIFIED'), ('UNSPECIFIED') ) ;
#2951 = VERTEX_POINT ( 'NONE', #2052 ) ;
#2952 = DATE_TIME_ROLE ( 'classification_date' ) ;
#2953 = ADVANCED_FACE ( 'NONE', ( #3462 ), #1506, .F. ) ;
#2954 = CYLINDRICAL_SURFACE ( 'NONE', #1941, 0.4550000000000005151 ) ;
#2955 = VERTEX_POINT ( 'NONE', #3409 ) ;
#2956 = DATE_AND_TIME ( #1092, #1997 ) ;
#2957 = CLOSED_SHELL ( 'NONE', ( #1508, #2330, #1832, #1725, #2827 ) ) ;
#2958 = CIRCLE ( 'NONE', #1369, 0.4550000000000005151 ) ;
#2959 = DIRECTION ( 'NONE',  ( -0.000000000000000000, 1.000000000000000000, -0.000000000000000000 ) ) ;
#2960 = APPROVAL_STATUS ( 'not_yet_approved' ) ;
#2961 = LINE ( 'NONE', #2, #399 ) ;
#2962 = CARTESIAN_POINT ( 'NONE',  ( 5.432459535739056378, 4.500000000000000888, -9.303359931070652067 ) ) ;
#2963 = CIRCLE ( 'NONE', #1425, 0.4550000000000005151 ) ;
#2964 = VECTOR ( 'NONE', #92, 1000.000000000000000 ) ;
#2965 = LOCAL_TIME ( 17, 6, 26.00000000000000000, #1913 ) ;
#2966 = CIRCLE ( 'NONE', #3365, 0.4550000000000005151 ) ;
#2967 = EDGE_LOOP ( 'NONE', ( #1902, #3229, #820, #1575 ) ) ;
#2968 = DIRECTION ( 'NONE',  ( 0.000000000000000000, 0.000000000000000000, 1.000000000000000000 ) ) ;
#2969 = ORIENTED_EDGE ( 'NONE', *, *, #2921, .F. ) ;
#2970 = CIRCLE ( 'NONE', #2003, 0.4550000000000005151 ) ;
#2971 = DIRECTION ( 'NONE',  ( -0.000000000000000000, -1.000000000000000000, -0.000000000000000000 ) ) ;
#2972 = LOCAL_TIME ( 17, 6, 26.00000000000000000, #1989 ) ;
#2973 = LOCAL_TIME ( 17, 6, 26.00000000000000000, #3413 ) ;
#2974 = ORGANIZATION ( 'NAUO-ORG21', 'UNSPECIFIED', 'UNSPECIFIED' ) ;
#2975 = ORIENTED_EDGE ( 'NONE', *, *, #2735, .T. ) ;
#2976 = APPROVAL_ROLE ( '' ) ;
#2977 = DIRECTION ( 'NONE',  ( 0.000000000000000000, 0.000000000000000000, -1.000000000000000000 ) ) ;
#2978 = EDGE_CURVE ( 'NONE', #2533, #3038, #2563, .T. ) ;
#2979 = ORIENTED_EDGE ( 'NONE', *, *, #1149, .T. ) ;
#2980 = PERSON_AND_ORGANIZATION ( #835, #3021 ) ;
#2981 = FACE_OUTER_BOUND ( 'NONE', #216, .T. ) ;
#2982 = ADVANCED_FACE ( 'NONE', ( #1523 ), #2107, .F. ) ;
#2983 = SECURITY_CLASSIFICATION_LEVEL ( 'unclassified' ) ;
#2984 = DIRECTION ( 'NONE',  ( 0.000000000000000000, -1.000000000000000000, 0.000000000000000000 ) ) ;
#2985 = APPLICATION_CONTEXT ( 'configuration controlled 3d designs of mechanical parts and assemblies' ) ;
#2986 = VERTEX_POINT ( 'NONE', #729 ) ;
#2987 = ORIENTED_EDGE ( 'NONE', *, *, #3225, .F. ) ;
#2988 = CARTESIAN_POINT ( 'NONE',  ( 0.000000000000000000, 2.500000000000000000, -22.00000000000000000 ) ) ;
#2989 = VERTEX_POINT ( 'NONE', #475 ) ;
#2990 = DATE_AND_TIME ( #1379, #1213 ) ;
#2991 = DIRECTION ( 'NONE',  ( -0.000000000000000000, -1.000000000000000000, -0.000000000000000000 ) ) ;
#2992 = ORIENTED_EDGE ( 'NONE', *, *, #1177, .T. ) ;
#2993 = CALENDAR_DATE ( 2026, 13, 9 ) ;
#2994 = APPROVAL ( #649, 'UNSPECIFIED' ) ;
#2995 = PRODUCT_DEFINITION_SHAPE ( 'NONE', 'NONE',  #196 ) ;
#2996 = DIRECTION ( 'NONE',  ( -1.000000000000000000, 0.000000000000000000, 0.000000000000000000 ) ) ;
#2997 = PERSON_AND_ORGANIZATION_ROLE ( 'classification_officer' ) ;
#2998 = CARTESIAN_POINT ( 'NONE',  ( 13.43245953573905638, 5.786934341759518929, -13.30335993107065207 ) ) ;
#2999 = ADVANCED_FACE ( 'NONE', ( #670 ), #1558, .F. ) ;
#3000 = DIRECTION ( 'NONE',  ( 0.000000000000000000, 0.000000000000000000, -1.000000000000000000 ) ) ;
#3001 = VERTEX_POINT ( 'NONE', #2566 ) ;
#3002 = EDGE_LOOP ( 'NONE', ( #1763, #2051 ) ) ;
#3003 = DIRECTION ( 'NONE',  ( 0.000000000000000000, 0.000000000000000000, -1.000000000000000000 ) ) ;
#3004 = ORIENTED_EDGE ( 'NONE', *, *, #393, .T. ) ;
#3005 = ITEM_DEFINED_TRANSFORMATION ( 'NONE', 'NONE', #2231,  #2454 ) ;
#3006 = CIRCLE ( 'NONE', #336, 0.4550000000000005151 ) ;
#3007 = VERTEX_POINT ( 'NONE', #140 ) ;
#3008 = DATE_AND_TIME ( #3272, #1655 ) ;
#3009 = AXIS2_PLACEMENT_3D ( 'NONE', #1004, #2087, #3457 ) ;
#3010 = COORDINATED_UNIVERSAL_TIME_OFFSET ( 8, 0, .BEHIND. ) ;
#3011 = CC_DESIGN_DATE_AND_TIME_ASSIGNMENT ( #1248, #3137, ( #1498 ) ) ;
#3012 = DIRECTION ( 'NONE',  ( 0.000000000000000000, -1.000000000000000000, 0.000000000000000000 ) ) ;
#3013 = CIRCLE ( 'NONE', #60, 0.4550000000000005151 ) ;
#3014 = PLANE ( 'NONE',  #1430 ) ;
#3015 = EDGE_LOOP ( 'NONE', ( #1808, #418 ) ) ;
#3016 = CIRCLE ( 'NONE', #1546, 0.4550000000000005151 ) ;
#3017 = EDGE_CURVE ( 'NONE', #1467, #2936, #2598, .T. ) ;
#3018 = VERTEX_POINT ( 'NONE', #3394 ) ;
#3019 = LINE ( 'NONE', #1957, #1829 ) ;
#3020 = AXIS2_PLACEMENT_3D ( 'NONE', #3034, #191, #2856 ) ;
#3021 = ORGANIZATION ( 'NAUO-ORG9', 'UNSPECIFIED', 'UNSPECIFIED' ) ;
#3022 = VECTOR ( 'NONE', #1336, 1000.000000000000000 ) ;
#3023 = EDGE_CURVE ( 'NONE', #445, #2790, #3432, .T. ) ;
#3024 = AXIS2_PLACEMENT_3D ( 'NONE', #2534, #2823, #676 ) ;
#3025 = ORIENTED_EDGE ( 'NONE', *, *, #2421, .T. ) ;
#3026 = ORGANIZATION ( 'NAUO-ORG17', 'UNSPECIFIED', 'UNSPECIFIED' ) ;
#3027 = CALENDAR_DATE ( 2026, 13, 9 ) ;
#3028 = APPROVAL_PERSON_ORGANIZATION ( #1904, #2258, #250 ) ;
#3029 = APPROVAL_PERSON_ORGANIZATION ( #1268, #863, #2843 ) ;
#3030 = DIRECTION ( 'NONE',  ( -0.000000000000000000, 1.000000000000000000, -0.000000000000000000 ) ) ;
#3031 = ORIENTED_EDGE ( 'NONE', *, *, #1762, .T. ) ;
#3032 = APPROVAL_ROLE ( '' ) ;
#3033 =( REPRESENTATION_RELATIONSHIP ('NONE','NONE', #1987, #2621 ) REPRESENTATION_RELATIONSHIP_WITH_TRANSFORMATION ( #766 )SHAPE_REPRESENTATION_RELATIONSHIP( ) );
#3034 = CARTESIAN_POINT ( 'NONE',  ( -998.8999999999999773, 0.000000000000000000, 0.000000000000000000 ) ) ;
#3035 = CALENDAR_DATE ( 2026, 13, 9 ) ;
#3036 = CARTESIAN_POINT ( 'NONE',  ( 5.432459535739056378, 5.786934341759518929, -4.848359931070651108 ) ) ;
#3037 = FACE_BOUND ( 'NONE', #1743, .T. ) ;
#3038 = VERTEX_POINT ( 'NONE', #1589 ) ;
#3039 =( LENGTH_UNIT ( ) NAMED_UNIT ( * ) SI_UNIT ( .MILLI., .METRE. ) );
#3040 = ORIENTED_EDGE ( 'NONE', *, *, #61, .T. ) ;
#3041 = DIRECTION ( 'NONE',  ( 0.000000000000000000, 0.000000000000000000, -1.000000000000000000 ) ) ;
#3042 = CC_DESIGN_DATE_AND_TIME_ASSIGNMENT ( #2328, #2367, ( #536 ) ) ;
#3043 = PRODUCT_DEFINITION_SHAPE ( 'NONE', 'NONE',  #3512 ) ;
#3044 = ORIENTED_EDGE ( 'NONE', *, *, #2136, .F. ) ;
#3045 = APPROVAL_STATUS ( 'not_yet_approved' ) ;
#3046 = EDGE_CURVE ( 'NONE', #2612, #2084, #292, .T. ) ;
#3047 = CARTESIAN_POINT ( 'NONE',  ( 13.43245953573905638, 2.500000000000000000, -13.75835993107065214 ) ) ;
#3048 = ORIENTED_EDGE ( 'NONE', *, *, #502, .F. ) ;
#3049 = CALENDAR_DATE ( 2026, 13, 9 ) ;
#3050 = DIRECTION ( 'NONE',  ( -0.000000000000000000, -1.000000000000000000, -0.000000000000000000 ) ) ;
#3051 = PERSON_AND_ORGANIZATION ( #1302, #2746 ) ;
#3052 = CARTESIAN_POINT ( 'NONE',  ( 1.432459535739056156, 5.786934341759518929, -17.75835993107065391 ) ) ;
#3053 = FACE_BOUND ( 'NONE', #3002, .T. ) ;
#3054 = ORIENTED_EDGE ( 'NONE', *, *, #506, .F. ) ;
#3055 = DIRECTION ( 'NONE',  ( 0.000000000000000000, 0.000000000000000000, 1.000000000000000000 ) ) ;
#3056 = EDGE_LOOP ( 'NONE', ( #1002, #3448, #742, #2469 ) ) ;
#3057 = LINE ( 'NONE', #1936, #512 ) ;
#3058 = ORIENTED_EDGE ( 'NONE', *, *, #3067, .F. ) ;
#3059 = COORDINATED_UNIVERSAL_TIME_OFFSET ( 8, 0, .BEHIND. ) ;
#3060 = CC_DESIGN_DATE_AND_TIME_ASSIGNMENT ( #2695, #3252, ( #844 ) ) ;
#3061 = VERTEX_POINT ( 'NONE', #259 ) ;
#3062 = APPROVAL_ROLE ( '' ) ;
#3063 = ADVANCED_FACE ( 'NONE', ( #1622 ), #507, .F. ) ;
#3064 = VECTOR ( 'NONE', #3401, 1000.000000000000000 ) ;
#3065 = DIRECTION ( 'NONE',  ( 1.000000000000000000, 0.000000000000000000, 0.000000000000000000 ) ) ;
#3066 = DIRECTION ( 'NONE',  ( 0.000000000000000000, -1.000000000000000000, 0.000000000000000000 ) ) ;
#3067 = EDGE_CURVE ( 'NONE', #993, #2986, #243, .T. ) ;
#3068 = DIRECTION ( 'NONE',  ( -0.000000000000000000, -1.000000000000000000, -0.000000000000000000 ) ) ;
#3069 = CIRCLE ( 'NONE', #2161, 0.4550000000000005151 ) ;
#3070 = VECTOR ( 'NONE', #797, 1000.000000000000000 ) ;
#3071 = CARTESIAN_POINT ( 'NONE',  ( 9.432459535739056378, 4.500000000000000888, -5.758359931070652138 ) ) ;
#3072 = VERTEX_POINT ( 'NONE', #1911 ) ;
#3073 = CARTESIAN_POINT ( 'NONE',  ( -4.540060877063449851, 8.342510335299722968, 15.19249832950654522 ) ) ;
#3074 = FACE_OUTER_BOUND ( 'NONE', #76, .T. ) ;
#3075 = VECTOR ( 'NONE', #1509, 1000.000000000000000 ) ;
#3076 = DIRECTION ( 'NONE',  ( 0.000000000000000000, 0.000000000000000000, -1.000000000000000000 ) ) ;
#3077 = AXIS2_PLACEMENT_3D ( 'NONE', #935, #2525, #2870 ) ;
#3078 = ORIENTED_EDGE ( 'NONE', *, *, #2491, .F. ) ;
#3079 = APPROVAL_DATE_TIME ( #626, #3193 ) ;
#3080 = CIRCLE ( 'NONE', #864, 0.4550000000000001266 ) ;
#3081 = DIRECTION ( 'NONE',  ( 0.000000000000000000, -1.000000000000000000, 0.000000000000000000 ) ) ;
#3082 = AXIS2_PLACEMENT_3D ( 'NONE', #1983, #64, #402 ) ;
#3083 = LOCAL_TIME ( 17, 6, 26.00000000000000000, #1023 ) ;
#3084 = DIRECTION ( 'NONE',  ( 0.000000000000000000, 0.000000000000000000, -1.000000000000000000 ) ) ;
#3085 = VECTOR ( 'NONE', #3444, 1000.000000000000000 ) ;
#3086 = VERTEX_POINT ( 'NONE', #1308 ) ;
#3087 = CALENDAR_DATE ( 2026, 13, 9 ) ;
#3088 = APPROVAL_PERSON_ORGANIZATION ( #817, #218, #1075 ) ;
#3089 = LOCAL_TIME ( 17, 6, 26.00000000000000000, #2572 ) ;
#3090 = CC_DESIGN_DATE_AND_TIME_ASSIGNMENT ( #1261, #2588, ( #196 ) ) ;
#3091 = CARTESIAN_POINT ( 'NONE',  ( 5.432459535739056378, 2.500000000000000000, -13.75835993107065214 ) ) ;
#3092 = CC_DESIGN_SECURITY_CLASSIFICATION ( #1101, ( #3496 ) ) ;
#3093 = CONTEXT_DEPENDENT_SHAPE_REPRESENTATION ( #124, #1604 ) ;
#3094 = DIRECTION ( 'NONE',  ( 0.000000000000000000, 0.000000000000000000, -1.000000000000000000 ) ) ;
#3095 = ADVANCED_FACE ( 'NONE', ( #2564 ), #7, .F. ) ;
#3096 = FACE_BOUND ( 'NONE', #2263, .T. ) ;
#3097 = ORIENTED_EDGE ( 'NONE', *, *, #3017, .T. ) ;
#3098 =( NAMED_UNIT ( * ) SI_UNIT ( $, .STERADIAN. ) SOLID_ANGLE_UNIT ( ) );
#3099 = EDGE_LOOP ( 'NONE', ( #856, #778 ) ) ;
#3100 = PLANE ( 'NONE',  #2156 ) ;
#3101 = VERTEX_POINT ( 'NONE', #2390 ) ;
#3102 = PERSON_AND_ORGANIZATION_ROLE ( 'classification_officer' ) ;
#3103 = DIRECTION ( 'NONE',  ( 0.000000000000000000, 0.000000000000000000, -1.000000000000000000 ) ) ;
#3104 = CARTESIAN_POINT ( 'NONE',  ( 17.43245953573905638, 4.500000000000000888, -4.848359931070651108 ) ) ;
#3105 = ORIENTED_EDGE ( 'NONE', *, *, #789, .F. ) ;
#3106 = DIRECTION ( 'NONE',  ( 0.000000000000000000, 0.000000000000000000, -1.000000000000000000 ) ) ;
#3107 = CYLINDRICAL_SURFACE ( 'NONE', #1313, 0.4550000000000005151 ) ;
#3108 = CALENDAR_DATE ( 2026, 13, 9 ) ;
#3109 = CARTESIAN_POINT ( 'NONE',  ( 13.43245953573905638, 2.500000000000000000, -0.8483599310706509966 ) ) ;
#3110 = CC_DESIGN_DATE_AND_TIME_ASSIGNMENT ( #618, #343, ( #304 ) ) ;
#3111 = LINE ( 'NONE', #3452, #295 ) ;
#3112 = ORIENTED_EDGE ( 'NONE', *, *, #1794, .F. ) ;
#3113 = DIRECTION ( 'NONE',  ( 0.000000000000000000, 0.000000000000000000, 1.000000000000000000 ) ) ;
#3114 = EDGE_LOOP ( 'NONE', ( #504, #1232, #774, #765 ) ) ;
#3115 = EDGE_CURVE ( 'NONE', #1618, #537, #1057, .T. ) ;
#3116 = CARTESIAN_POINT ( 'NONE',  ( 9.432459535739056378, 5.786934341759518929, -1.758359931070651250 ) ) ;
#3117 = VERTEX_POINT ( 'NONE', #3478 ) ;
#3118 = CALENDAR_DATE ( 2026, 13, 9 ) ;
#3119 = DIRECTION ( 'NONE',  ( -1.000000000000000000, 0.000000000000000000, 0.000000000000000000 ) ) ;
#3120 = DIRECTION ( 'NONE',  ( -0.000000000000000000, -1.000000000000000000, -0.000000000000000000 ) ) ;
#3121 = CARTESIAN_POINT ( 'NONE',  ( 1.432459535739056156, 5.786934341759518929, -17.30335993107065207 ) ) ;
#3122 = ORIENTED_EDGE ( 'NONE', *, *, #1123, .T. ) ;
#3123 = COORDINATED_UNIVERSAL_TIME_OFFSET ( 8, 0, .BEHIND. ) ;
#3124 = PERSON ( 'NAUO-PER24', 'UNSPECIFIED', 'UNSPECIFIED', ('UNSPECIFIED'), ('UNSPECIFIED'), ('UNSPECIFIED') ) ;
#3125 = CARTESIAN_POINT ( 'NONE',  ( 17.43245953573905638, 4.500000000000000888, -9.758359931070652138 ) ) ;
#3126 = CALENDAR_DATE ( 2026, 13, 9 ) ;
#3127 = LINE ( 'NONE', #691, #2278 ) ;
#3128 = CARTESIAN_POINT ( 'NONE',  ( 5.432459535739056378, 2.500000000000000000, -17.30335993107065207 ) ) ;
#3129 = VECTOR ( 'NONE', #3050, 1000.000000000000000 ) ;
#3130 = DIRECTION ( 'NONE',  ( 0.000000000000000000, 0.000000000000000000, 1.000000000000000000 ) ) ;
#3131 = DIRECTION ( 'NONE',  ( 0.000000000000000000, -1.000000000000000000, 0.000000000000000000 ) ) ;
#3132 = DIRECTION ( 'NONE',  ( 0.000000000000000000, 0.000000000000000000, -1.000000000000000000 ) ) ;
#3133 = CIRCLE ( 'NONE', #461, 0.4550000000000005151 ) ;
#3134 = ADVANCED_FACE ( 'NONE', ( #3231 ), #3270, .T. ) ;
#3135 = CIRCLE ( 'NONE', #2840, 0.4550000000000005151 ) ;
#3136 = EDGE_LOOP ( 'NONE', ( #610, #2637 ) ) ;
#3137 = DATE_TIME_ROLE ( 'classification_date' ) ;
#3138 = CARTESIAN_POINT ( 'NONE',  ( 1.432459535739056156, 5.786934341759518929, -13.30335993107065207 ) ) ;
#3139 = CIRCLE ( 'NONE', #2397, 0.4550000000000001266 ) ;
#3140 = CYLINDRICAL_SURFACE ( 'NONE', #3479, 0.4550000000000005151 ) ;
#3141 = ADVANCED_FACE ( 'NONE', ( #1375 ), #2954, .F. ) ;
#3142 = DIRECTION ( 'NONE',  ( 0.000000000000000000, 0.000000000000000000, -1.000000000000000000 ) ) ;
#3143 = ORIENTED_EDGE ( 'NONE', *, *, #1262, .T. ) ;
#3144 = CIRCLE ( 'NONE', #578, 0.4550000000000005151 ) ;
#3145 = CIRCLE ( 'NONE', #2059, 0.4550000000000005151 ) ;
#3146 = APPROVAL_PERSON_ORGANIZATION ( #1444, #103, #365 ) ;
#3147 = CIRCLE ( 'NONE', #1148, 0.4550000000000005151 ) ;
#3148 = CARTESIAN_POINT ( 'NONE',  ( 19.99999999999999645, 4.500000000000000888, 2.000000000000000000 ) ) ;
#3149 = PERSON_AND_ORGANIZATION_ROLE ( 'classification_officer' ) ;
#3150 = DIRECTION ( 'NONE',  ( -0.000000000000000000, 1.000000000000000000, -0.000000000000000000 ) ) ;
#3151 = APPROVAL_PERSON_ORGANIZATION ( #2667, #1188, #2928 ) ;
#3152 = CC_DESIGN_SECURITY_CLASSIFICATION ( #536, ( #2410 ) ) ;
#3153 = LOCAL_TIME ( 17, 6, 26.00000000000000000, #310 ) ;
#3154 = DIRECTION ( 'NONE',  ( 0.000000000000000000, 0.000000000000000000, -1.000000000000000000 ) ) ;
#3155 = PERSON_AND_ORGANIZATION_ROLE ( 'design_owner' ) ;
#3156 = DIRECTION ( 'NONE',  ( -0.000000000000000000, -1.000000000000000000, -0.000000000000000000 ) ) ;
#3157 = FACE_OUTER_BOUND ( 'NONE', #464, .T. ) ;
#3158 = EDGE_LOOP ( 'NONE', ( #605, #1072, #1873, #2209 ) ) ;
#3159 = CONTEXT_DEPENDENT_SHAPE_REPRESENTATION ( #1085, #950 ) ;
#3160 = DIRECTION ( 'NONE',  ( -0.000000000000000000, -1.000000000000000000, -0.000000000000000000 ) ) ;
#3161 = EDGE_CURVE ( 'NONE', #1358, #2424, #28, .T. ) ;
#3162 = CARTESIAN_POINT ( 'NONE',  ( 1.432459535739056156, 2.500000000000000000, -13.75835993107065214 ) ) ;
#3163 = CARTESIAN_POINT ( 'NONE',  ( 9.432459535739056378, 5.786934341759518929, -9.303359931070652067 ) ) ;
#3164 = ORIENTED_EDGE ( 'NONE', *, *, #2432, .F. ) ;
#3165 = EDGE_CURVE ( 'NONE', #3471, #450, #2505, .T. ) ;
#3166 = CARTESIAN_POINT ( 'NONE',  ( 17.43245953573905638, 4.500000000000000888, -1.303359931070651179 ) ) ;
#3167 = DATE_AND_TIME ( #1296, #294 ) ;
#3168 = CARTESIAN_POINT ( 'NONE',  ( 9.432459535739056378, 2.500000000000000000, -9.303359931070652067 ) ) ;
#3169 = CARTESIAN_POINT ( 'NONE',  ( 19.99999999999999645, 2.500000000000000000, 0.000000000000000000 ) ) ;
#3170 = APPLICATION_PROTOCOL_DEFINITION ( 'international standard', 'config_control_design', 1994, #1141 ) ;
#3171 = DIRECTION ( 'NONE',  ( 0.000000000000000000, 0.000000000000000000, -1.000000000000000000 ) ) ;
#3172 = VERTEX_POINT ( 'NONE', #2654 ) ;
#3173 = COORDINATED_UNIVERSAL_TIME_OFFSET ( 8, 0, .BEHIND. ) ;
#3174 = CARTESIAN_POINT ( 'NONE',  ( 17.43245953573905638, 4.500000000000000888, -16.84835993107065022 ) ) ;
#3175 = CARTESIAN_POINT ( 'NONE',  ( 0.000000000000000000, 0.000000000000000000, 2.000000000000000000 ) ) ;
#3176 = LINE ( 'NONE', #2580, #1896 ) ;
#3177 = CC_DESIGN_PERSON_AND_ORGANIZATION_ASSIGNMENT ( #483, #3155, ( #2741 ) ) ;
#3178 = VERTEX_POINT ( 'NONE', #223 ) ;
#3179 = DIRECTION ( 'NONE',  ( 0.000000000000000000, 0.000000000000000000, -1.000000000000000000 ) ) ;
#3180 = EDGE_CURVE ( 'NONE', #1318, #642, #628, .T. ) ;
#3181 = VERTEX_POINT ( 'NONE', #3346 ) ;
#3182 = DATE_AND_TIME ( #3126, #529 ) ;
#3183 = CYLINDRICAL_SURFACE ( 'NONE', #3194, 0.4550000000000005151 ) ;
#3184 = DIRECTION ( 'NONE',  ( 0.000000000000000000, 0.000000000000000000, -1.000000000000000000 ) ) ;
#3185 = APPROVAL_DATE_TIME ( #2400, #2417 ) ;
#3186 = CARTESIAN_POINT ( 'NONE',  ( 17.43245953573905638, 5.786934341759518929, -13.75835993107065214 ) ) ;
#3187 = ORIENTED_EDGE ( 'NONE', *, *, #262, .F. ) ;
#3188 = CARTESIAN_POINT ( 'NONE',  ( 1.432459535739056156, 2.500000000000000000, -9.758359931070652138 ) ) ;
#3189 = LINE ( 'NONE', #1805, #2853 ) ;
#3190 = DIRECTION ( 'NONE',  ( 0.000000000000000000, 0.000000000000000000, 1.000000000000000000 ) ) ;
#3191 = ORIENTED_EDGE ( 'NONE', *, *, #2072, .T. ) ;
#3192 = AXIS2_PLACEMENT_3D ( 'NONE', #2200, #884, #1362 ) ;
#3193 = APPROVAL ( #3343, 'UNKNOWN' ) ;
#3194 = AXIS2_PLACEMENT_3D ( 'NONE', #2396, #1797, #2110 ) ;
#3195 = EDGE_LOOP ( 'NONE', ( #2240, #101 ) ) ;
#3196 = CONTEXT_DEPENDENT_SHAPE_REPRESENTATION ( #309, #975 ) ;
#3197 = DIRECTION ( 'NONE',  ( -0.000000000000000000, -1.000000000000000000, -0.000000000000000000 ) ) ;
#3198 = AXIS2_PLACEMENT_3D ( 'NONE', #1330, #523, #2414 ) ;
#3199 = APPROVAL_PERSON_ORGANIZATION ( #2745, #3441, #2704 ) ;
#3200 = AXIS2_PLACEMENT_3D ( 'NONE', #2863, #2602, #3184 ) ;
#3201 = EDGE_CURVE ( 'NONE', #2470, #1131, #1974, .T. ) ;
#3202 = CARTESIAN_POINT ( 'NONE',  ( 1.432459535739056156, 5.786934341759518929, -16.84835993107065022 ) ) ;
#3203 = CIRCLE ( 'NONE', #1660, 0.4550000000000005151 ) ;
#3204 = LOCAL_TIME ( 17, 6, 26.00000000000000000, #3059 ) ;
#3205 = APPROVAL_DATE_TIME ( #2114, #2211 ) ;
#3206 = VECTOR ( 'NONE', #724, 1000.000000000000000 ) ;
#3207 = LINE ( 'NONE', #2495, #1317 ) ;
#3208 = EDGE_CURVE ( 'NONE', #1572, #1634, #1145, .T. ) ;
#3209 = LOCAL_TIME ( 17, 6, 26.00000000000000000, #79 ) ;
#3210 = CC_DESIGN_APPROVAL ( #2086, ( #3378 ) ) ;
#3211 = ORIENTED_EDGE ( 'NONE', *, *, #1155, .F. ) ;
#3212 = DIRECTION ( 'NONE',  ( 0.000000000000000000, 0.000000000000000000, -1.000000000000000000 ) ) ;
#3213 = UNCERTAINTY_MEASURE_WITH_UNIT (LENGTH_MEASURE( 1.000000000000000082E-05 ), #3039, 'distance_accuracy_value', 'NONE');
#3214 = FACE_BOUND ( 'NONE', #837, .T. ) ;
#3215 = EDGE_LOOP ( 'NONE', ( #2223, #2606 ) ) ;
#3216 = APPROVAL_DATE_TIME ( #2990, #499 ) ;
#3217 = PERSON ( 'NAUO-PER1', 'UNSPECIFIED', 'UNSPECIFIED', ('UNSPECIFIED'), ('UNSPECIFIED'), ('UNSPECIFIED') ) ;
#3218 = VERTEX_POINT ( 'NONE', #3047 ) ;
#3219 = DATE_AND_TIME ( #1899, #2404 ) ;
#3220 = LINE ( 'NONE', #782, #300 ) ;
#3221 =( REPRESENTATION_RELATIONSHIP ('NONE','NONE', #1987, #2621 ) REPRESENTATION_RELATIONSHIP_WITH_TRANSFORMATION ( #2943 )SHAPE_REPRESENTATION_RELATIONSHIP( ) );
#3222 = APPROVAL_STATUS ( 'not_yet_approved' ) ;
#3223 = APPROVAL ( #3395, 'UNKNOWN' ) ;
#3224 = DIRECTION ( 'NONE',  ( -0.000000000000000000, -1.000000000000000000, -0.000000000000000000 ) ) ;
#3225 = EDGE_CURVE ( 'NONE', #2485, #2955, #1137, .T. ) ;
#3226 = EDGE_LOOP ( 'NONE', ( #1608, #1109 ) ) ;
#3227 = CARTESIAN_POINT ( 'NONE',  ( -2.000000000000000000, 2.500000000000000000, -19.99999999999999645 ) ) ;
#3228 = FACE_BOUND ( 'NONE', #881, .T. ) ;
#3229 = ORIENTED_EDGE ( 'NONE', *, *, #2391, .T. ) ;
#3230 = CONTEXT_DEPENDENT_SHAPE_REPRESENTATION ( #736, #1393 ) ;
#3231 = FACE_OUTER_BOUND ( 'NONE', #2483, .T. ) ;
#3232 = ORIENTED_EDGE ( 'NONE', *, *, #3402, .F. ) ;
#3233 = APPROVAL_ROLE ( '' ) ;
#3234 = CARTESIAN_POINT ( 'NONE',  ( 9.432459535739056378, 4.500000000000000888, -12.84835993107065200 ) ) ;
#3235 = PERSON_AND_ORGANIZATION ( #2273, #3437 ) ;
#3236 = CARTESIAN_POINT ( 'NONE',  ( 1.432459535739056156, 5.786934341759518929, -0.8483599310706509966 ) ) ;
#3237 = EDGE_LOOP ( 'NONE', ( #2809, #3058 ) ) ;
#3238 = DIRECTION ( 'NONE',  ( -0.000000000000000000, -1.000000000000000000, 0.000000000000000000 ) ) ;
#3239 = AXIS2_PLACEMENT_3D ( 'NONE', #2064, #2866, #3416 ) ;
#3240 = EDGE_CURVE ( 'NONE', #450, #3471, #3145, .T. ) ;
#3241 = ORIENTED_EDGE ( 'NONE', *, *, #3115, .F. ) ;
#3242 = CONTEXT_DEPENDENT_SHAPE_REPRESENTATION ( #1279, #337 ) ;
#3243 = VECTOR ( 'NONE', #217, 1000.000000000000000 ) ;
#3244 = AXIS2_PLACEMENT_3D ( 'NONE', #1315, #1869, #1529 ) ;
#3245 = EDGE_CURVE ( 'NONE', #2942, #2498, #1599, .T. ) ;
#3246 = EDGE_LOOP ( 'NONE', ( #1184, #3031, #668, #2190 ) ) ;
#3247 = CONTEXT_DEPENDENT_SHAPE_REPRESENTATION ( #425, #912 ) ;
#3248 = CIRCLE ( 'NONE', #1596, 0.4550000000000005151 ) ;
#3249 = AXIS2_PLACEMENT_3D ( 'NONE', #2486, #1732, #2730 ) ;
#3250 = CIRCLE ( 'NONE', #2222, 0.4550000000000005151 ) ;
#3251 = CARTESIAN_POINT ( 'NONE',  ( 13.43245953573905638, 4.500000000000000888, -4.848359931070651108 ) ) ;
#3252 = DATE_TIME_ROLE ( 'creation_date' ) ;
#3253 = AXIS2_PLACEMENT_3D ( 'NONE', #882, #1680, #2544 ) ;
#3254 = DIRECTION ( 'NONE',  ( 0.000000000000000000, -1.000000000000000000, 0.000000000000000000 ) ) ;
#3255 = VECTOR ( 'NONE', #2409, 1000.000000000000000 ) ;
#3256 = PERSON ( 'NAUO-PER23', 'UNSPECIFIED', 'UNSPECIFIED', ('UNSPECIFIED'), ('UNSPECIFIED'), ('UNSPECIFIED') ) ;
#3257 = AXIS2_PLACEMENT_3D ( 'NONE', #2027, #3055, #1153 ) ;
#3258 = APPROVAL_PERSON_ORGANIZATION ( #730, #2474, #3464 ) ;
#3259 = AXIS2_PLACEMENT_3D ( 'NONE', #3169, #1814, #2293 ) ;
#3260 = ORIENTED_EDGE ( 'NONE', *, *, #2261, .T. ) ;
#3261 = CARTESIAN_POINT ( 'NONE',  ( 7.459939122936550149, 8.342510335299722968, 15.19249832950654522 ) ) ;
#3262 = ORIENTED_EDGE ( 'NONE', *, *, #1066, .F. ) ;
#3263 = CC_DESIGN_APPROVAL ( #2211, ( #2532 ) ) ;
#3264 = LINE ( 'NONE', #2682, #3243 ) ;
#3265 = CC_DESIGN_SECURITY_CLASSIFICATION ( #22, ( #3508 ) ) ;
#3266 = APPROVAL_PERSON_ORGANIZATION ( #211, #3223, #1796 ) ;
#3267 = ORIENTED_EDGE ( 'NONE', *, *, #1410, .F. ) ;
#3268 = COORDINATED_UNIVERSAL_TIME_OFFSET ( 8, 0, .BEHIND. ) ;
#3269 = CC_DESIGN_PERSON_AND_ORGANIZATION_ASSIGNMENT ( #2585, #558, ( #244 ) ) ;
#3270 = PLANE ( 'NONE',  #3483 ) ;
#3271 = ORIENTED_EDGE ( 'NONE', *, *, #2873, .T. ) ;
#3272 = CALENDAR_DATE ( 2026, 13, 9 ) ;
#3273 = EDGE_CURVE ( 'NONE', #1597, #2433, #3425, .T. ) ;
#3274 = CARTESIAN_POINT ( 'NONE',  ( 1.432459535739056156, 4.500000000000000888, -1.303359931070651179 ) ) ;
#3275 = PERSON_AND_ORGANIZATION_ROLE ( 'creator' ) ;
#3276 = DIRECTION ( 'NONE',  ( 0.000000000000000000, 0.000000000000000000, -1.000000000000000000 ) ) ;
#3277 = DIRECTION ( 'NONE',  ( 0.000000000000000000, 0.000000000000000000, 1.000000000000000000 ) ) ;
#3278 = ORIENTED_EDGE ( 'NONE', *, *, #1958, .T. ) ;
#3279 = CARTESIAN_POINT ( 'NONE',  ( 1.432459535739056156, 2.500000000000000000, -17.30335993107065207 ) ) ;
#3280 = ORIENTED_EDGE ( 'NONE', *, *, #713, .T. ) ;
#3281 = ORIENTED_EDGE ( 'NONE', *, *, #749, .T. ) ;
#3282 = COORDINATED_UNIVERSAL_TIME_OFFSET ( 8, 0, .BEHIND. ) ;
#3283 = EDGE_CURVE ( 'NONE', #2533, #72, #574, .T. ) ;
#3284 = PERSON_AND_ORGANIZATION ( #2273, #3437 ) ;
#3285 = CYLINDRICAL_SURFACE ( 'NONE', #1422, 0.4550000000000005151 ) ;
#3286 = EDGE_CURVE ( 'NONE', #2452, #1959, #2618, .T. ) ;
#3287 = CARTESIAN_POINT ( 'NONE',  ( 0.000000000000000000, 2.500000000000000000, 0.000000000000000000 ) ) ;
#3288 = EDGE_LOOP ( 'NONE', ( #2500, #515 ) ) ;
#3289 = SHAPE_REPRESENTATION_RELATIONSHIP ( 'NONE' , 'NONE' ,  #2016, #799 ) ;
#3290 = VERTEX_POINT ( 'NONE', #2757 ) ;
#3291 = LINE ( 'NONE', #2471, #228 ) ;
#3292 = ORIENTED_EDGE ( 'NONE', *, *, #419, .T. ) ;
#3293 = COORDINATED_UNIVERSAL_TIME_OFFSET ( 8, 0, .BEHIND. ) ;
#3294 = ORIENTED_EDGE ( 'NONE', *, *, #178, .F. ) ;
#3295 = COORDINATED_UNIVERSAL_TIME_OFFSET ( 8, 0, .BEHIND. ) ;
#3296 = CIRCLE ( 'NONE', #232, 0.4550000000000001266 ) ;
#3297 = FACE_OUTER_BOUND ( 'NONE', #2121, .T. ) ;
#3298 = DATE_AND_TIME ( #113, #3209 ) ;
#3299 = DIRECTION ( 'NONE',  ( 0.000000000000000000, 0.000000000000000000, -1.000000000000000000 ) ) ;
#3300 = ADVANCED_FACE ( 'NONE', ( #323 ), #1405, .F. ) ;
#3301 = CIRCLE ( 'NONE', #2722, 0.4550000000000001266 ) ;
#3302 = FACE_BOUND ( 'NONE', #3015, .T. ) ;
#3303 = CC_DESIGN_APPROVAL ( #863, ( #2411 ) ) ;
#3304 = EDGE_LOOP ( 'NONE', ( #1069, #2046 ) ) ;
#3305 =( LENGTH_UNIT ( ) NAMED_UNIT ( * ) SI_UNIT ( .MILLI., .METRE. ) );
#3306 = EDGE_LOOP ( 'NONE', ( #3459, #2321 ) ) ;
#3307 = ADVANCED_FACE ( 'NONE', ( #2904 ), #468, .F. ) ;
#3308 = DIRECTION ( 'NONE',  ( 0.000000000000000000, -1.000000000000000000, 0.000000000000000000 ) ) ;
#3309 = VECTOR ( 'NONE', #545, 1000.000000000000000 ) ;
#3310 = ORGANIZATION ( 'NAUO-ORG6', 'UNSPECIFIED', 'UNSPECIFIED' ) ;
#3311 = CIRCLE ( 'NONE', #2734, 0.4550000000000005151 ) ;
#3312 = AXIS2_PLACEMENT_3D ( 'NONE', #992, #2075, #449 ) ;
#3313 = ORIENTED_EDGE ( 'NONE', *, *, #915, .T. ) ;
#3314 = ORGANIZATION ( 'NAUO-ORG14', 'UNSPECIFIED', 'UNSPECIFIED' ) ;
#3315 = APPROVAL_PERSON_ORGANIZATION ( #459, #1307, #1049 ) ;
#3316 = APPROVAL_PERSON_ORGANIZATION ( #1688, #2086, #1119 ) ;
#3317 = EDGE_LOOP ( 'NONE', ( #2582, #2014 ) ) ;
#3318 = PERSON_AND_ORGANIZATION ( #2950, #2683 ) ;
#3319 = CYLINDRICAL_SURFACE ( 'NONE', #1205, 0.4550000000000005151 ) ;
#3320 = SECURITY_CLASSIFICATION_LEVEL ( 'unclassified' ) ;
#3321 = DIRECTION ( 'NONE',  ( 0.000000000000000000, -1.000000000000000000, 0.000000000000000000 ) ) ;
#3322 = FACE_BOUND ( 'NONE', #3136, .T. ) ;
#3323 = APPROVAL ( #2529, 'UNKNOWN' ) ;
#3324 = ORIENTED_EDGE ( 'NONE', *, *, #2873, .F. ) ;
#3325 = ORIENTED_EDGE ( 'NONE', *, *, #2195, .T. ) ;
#3326 = DIRECTION ( 'NONE',  ( 0.000000000000000000, 0.000000000000000000, -1.000000000000000000 ) ) ;
#3327 = PRODUCT_DEFINITION_SHAPE ( 'NONE', 'NONE',  #3517 ) ;
#3328 = EDGE_CURVE ( 'NONE', #3117, #3061, #2871, .T. ) ;
#3329 = ORIENTED_EDGE ( 'NONE', *, *, #773, .T. ) ;
#3330 = COORDINATED_UNIVERSAL_TIME_OFFSET ( 8, 0, .BEHIND. ) ;
#3331 = EDGE_CURVE ( 'NONE', #1407, #1138, #2567, .T. ) ;
#3332 = VERTEX_POINT ( 'NONE', #3104 ) ;
#3333 = CARTESIAN_POINT ( 'NONE',  ( 17.43245953573905638, 5.786934341759518929, -5.303359931070652067 ) ) ;
#3334 = PERSON_AND_ORGANIZATION ( #2273, #3437 ) ;
#3335 = DIRECTION ( 'NONE',  ( 0.000000000000000000, -1.000000000000000000, 0.000000000000000000 ) ) ;
#3336 = CARTESIAN_POINT ( 'NONE',  ( -2.000000000000000000, 4.500000000000000888, -19.99999999999999645 ) ) ;
#3337 = VERTEX_POINT ( 'NONE', #2830 ) ;
#3338 = DIRECTION ( 'NONE',  ( 0.000000000000000000, 0.000000000000000000, 1.000000000000000000 ) ) ;
#3339 = ORIENTED_EDGE ( 'NONE', *, *, #594, .F. ) ;
#3340 = LINE ( 'NONE', #2272, #2214 ) ;
#3341 = CC_DESIGN_PERSON_AND_ORGANIZATION_ASSIGNMENT ( #110, #2249, ( #416 ) ) ;
#3342 = EDGE_LOOP ( 'NONE', ( #3339, #338 ) ) ;
#3343 = APPROVAL_STATUS ( 'not_yet_approved' ) ;
#3344 = EDGE_CURVE ( 'NONE', #2986, #993, #1946, .T. ) ;
#3345 = CARTESIAN_POINT ( 'NONE',  ( 5.432459535739056378, 2.500000000000000000, -16.84835993107065022 ) ) ;
#3346 = CARTESIAN_POINT ( 'NONE',  ( 9.432459535739056378, 4.500000000000000888, -17.75835993107065391 ) ) ;
#3347 = VERTEX_POINT ( 'NONE', #667 ) ;
#3348 = SECURITY_CLASSIFICATION_LEVEL ( 'unclassified' ) ;
#3349 = EDGE_CURVE ( 'NONE', #565, #1403, #2970, .T. ) ;
#3350 = AXIS2_PLACEMENT_3D ( 'NONE', #1416, #2244, #3003 ) ;
#3351 = PLANE ( 'NONE',  #13 ) ;
#3352 = ITEM_DEFINED_TRANSFORMATION ( 'NONE', 'NONE', #354,  #2454 ) ;
#3353 = DIRECTION ( 'NONE',  ( 0.000000000000000000, -1.000000000000000000, 0.000000000000000000 ) ) ;
#3354 = CIRCLE ( 'NONE', #117, 0.4550000000000005151 ) ;
#3355 = FACE_BOUND ( 'NONE', #2333, .T. ) ;
#3356 = ORIENTED_EDGE ( 'NONE', *, *, #594, .T. ) ;
#3357 = CARTESIAN_POINT ( 'NONE',  ( -4.540060877063449851, 8.342510335299722968, 3.192498329506545662 ) ) ;
#3358 = DIRECTION ( 'NONE',  ( 0.000000000000000000, 0.000000000000000000, -1.000000000000000000 ) ) ;
#3359 = CIRCLE ( 'NONE', #3192, 0.4550000000000005151 ) ;
#3360 = DIRECTION ( 'NONE',  ( -0.000000000000000000, -1.000000000000000000, -0.000000000000000000 ) ) ;
#3361 = AXIS2_PLACEMENT_3D ( 'NONE', #2932, #226, #212 ) ;
#3362 = ORIENTED_EDGE ( 'NONE', *, *, #3414, .T. ) ;
#3363 = PERSON_AND_ORGANIZATION_ROLE ( 'classification_officer' ) ;
#3364 = LOCAL_TIME ( 17, 6, 26.00000000000000000, #77 ) ;
#3365 = AXIS2_PLACEMENT_3D ( 'NONE', #2358, #1006, #2088 ) ;
#3366 = DIRECTION ( 'NONE',  ( -0.000000000000000000, -1.000000000000000000, -0.000000000000000000 ) ) ;
#3367 = AXIS2_PLACEMENT_3D ( 'NONE', #145, #2241, #2499 ) ;
#3368 = CC_DESIGN_SECURITY_CLASSIFICATION ( #480, ( #3507 ) ) ;
#3369 = DIRECTION ( 'NONE',  ( -0.000000000000000000, 1.000000000000000000, -0.000000000000000000 ) ) ;
#3370 = AXIS2_PLACEMENT_3D ( 'NONE', #2176, #2944, #510 ) ;
#3371 = APPROVAL ( #12, 'UNSPECIFIED' ) ;
#3372 = ORIENTED_EDGE ( 'NONE', *, *, #1456, .F. ) ;
#3373 = APPROVAL_DATE_TIME ( #1462, #277 ) ;
#3374 = EDGE_LOOP ( 'NONE', ( #1988, #822, #1944, #2632 ) ) ;
#3375 = LOCAL_TIME ( 17, 6, 26.00000000000000000, #2032 ) ;
#3376 = CYLINDRICAL_SURFACE ( 'NONE', #2665, 0.4550000000000005151 ) ;
#3377 = EDGE_CURVE ( 'NONE', #4, #2128, #167, .T. ) ;
#3378 = SECURITY_CLASSIFICATION ( '', '', #2473 ) ;
#3379 = PERSON_AND_ORGANIZATION_ROLE ( 'classification_officer' ) ;
#3380 = DIRECTION ( 'NONE',  ( -0.000000000000000000, -1.000000000000000000, -0.000000000000000000 ) ) ;
#3381 = DIRECTION ( 'NONE',  ( 0.000000000000000000, -1.000000000000000000, 0.000000000000000000 ) ) ;
#3382 = ORIENTED_EDGE ( 'NONE', *, *, #375, .F. ) ;
#3383 = CARTESIAN_POINT ( 'NONE',  ( 3.459939122936550149, 8.342510335299722968, 7.192498329506545218 ) ) ;
#3384 = CARTESIAN_POINT ( 'NONE',  ( 5.432459535739056378, 2.500000000000000000, -13.30335993107065207 ) ) ;
#3385 = DIRECTION ( 'NONE',  ( -0.000000000000000000, 1.000000000000000000, -0.000000000000000000 ) ) ;
#3386 = PERSON ( 'NAUO-PER3', 'UNSPECIFIED', 'UNSPECIFIED', ('UNSPECIFIED'), ('UNSPECIFIED'), ('UNSPECIFIED') ) ;
#3387 = ORIENTED_EDGE ( 'NONE', *, *, #981, .T. ) ;
#3388 = APPROVAL_STATUS ( 'not_yet_approved' ) ;
#3389 = DIRECTION ( 'NONE',  ( 0.000000000000000000, 0.000000000000000000, -1.000000000000000000 ) ) ;
#3390 = CARTESIAN_POINT ( 'NONE',  ( 5.432459535739056378, 5.786934341759518929, -9.303359931070652067 ) ) ;
#3391 = CARTESIAN_POINT ( 'NONE',  ( 13.43245953573905638, 4.500000000000000888, -9.303359931070652067 ) ) ;
#3392 = ORIENTED_EDGE ( 'NONE', *, *, #2978, .T. ) ;
#3393 = CC_DESIGN_DATE_AND_TIME_ASSIGNMENT ( #907, #650, ( #2408 ) ) ;
#3394 = CARTESIAN_POINT ( 'NONE',  ( 0.000000000000000000, 2.500000000000000000, 0.000000000000000000 ) ) ;
#3395 = APPROVAL_STATUS ( 'not_yet_approved' ) ;
#3396 = DIRECTION ( 'NONE',  ( 0.000000000000000000, 0.000000000000000000, -1.000000000000000000 ) ) ;
#3397 = EDGE_CURVE ( 'NONE', #3408, #554, #3176, .T. ) ;
#3398 = CARTESIAN_POINT ( 'NONE',  ( 13.43245953573905638, 2.500000000000000000, -1.303359931070651179 ) ) ;
#3399 = DIRECTION ( 'NONE',  ( 0.000000000000000000, 0.000000000000000000, 1.000000000000000000 ) ) ;
#3400 = ORIENTED_EDGE ( 'NONE', *, *, #239, .F. ) ;
#3401 = DIRECTION ( 'NONE',  ( -0.000000000000000000, -1.000000000000000000, -0.000000000000000000 ) ) ;
#3402 = EDGE_CURVE ( 'NONE', #2661, #3101, #709, .T. ) ;
#3403 = ORIENTED_EDGE ( 'NONE', *, *, #462, .F. ) ;
#3404 = COORDINATED_UNIVERSAL_TIME_OFFSET ( 8, 0, .BEHIND. ) ;
#3405 = DIRECTION ( 'NONE',  ( 0.000000000000000000, -1.000000000000000000, 0.000000000000000000 ) ) ;
#3406 = CARTESIAN_POINT ( 'NONE',  ( 13.43245953573905638, 4.500000000000000888, -13.75835993107065214 ) ) ;
#3407 = DIRECTION ( 'NONE',  ( -0.000000000000000000, -1.000000000000000000, -0.000000000000000000 ) ) ;
#3408 = VERTEX_POINT ( 'NONE', #1236 ) ;
#3409 = CARTESIAN_POINT ( 'NONE',  ( 5.432459535739056378, 2.500000000000000000, -12.84835993107065200 ) ) ;
#3410 = APPROVAL_DATE_TIME ( #423, #3223 ) ;
#3411 = FACE_OUTER_BOUND ( 'NONE', #2166, .T. ) ;
#3412 = DIRECTION ( 'NONE',  ( 0.000000000000000000, 0.000000000000000000, -1.000000000000000000 ) ) ;
#3413 = COORDINATED_UNIVERSAL_TIME_OFFSET ( 8, 0, .BEHIND. ) ;
#3414 = EDGE_CURVE ( 'NONE', #2031, #2470, #1432, .T. ) ;
#3415 = ORIENTED_EDGE ( 'NONE', *, *, #1266, .F. ) ;
#3416 = DIRECTION ( 'NONE',  ( 0.000000000000000000, 0.000000000000000000, -1.000000000000000000 ) ) ;
#3417 = VECTOR ( 'NONE', #2713, 1000.000000000000000 ) ;
#3418 = AXIS2_PLACEMENT_3D ( 'NONE', #2296, #1186, #2836 ) ;
#3419 = EDGE_CURVE ( 'NONE', #83, #955, #2736, .T. ) ;
#3420 = ORIENTED_EDGE ( 'NONE', *, *, #375, .T. ) ;
#3421 = CARTESIAN_POINT ( 'NONE',  ( 0.000000000000000000, 2.500000000000000000, 0.000000000000000000 ) ) ;
#3422 = CIRCLE ( 'NONE', #1885, 0.4550000000000005151 ) ;
#3423 = DIRECTION ( 'NONE',  ( 0.000000000000000000, 0.000000000000000000, -1.000000000000000000 ) ) ;
#3424 = CARTESIAN_POINT ( 'NONE',  ( 9.432459535739056378, 4.500000000000000888, -9.758359931070652138 ) ) ;
#3425 = CIRCLE ( 'NONE', #1888, 0.4550000000000001266 ) ;
#3426 = VERTEX_POINT ( 'NONE', #2320 ) ;
#3427 = PERSON_AND_ORGANIZATION ( #68, #2629 ) ;
#3428 = PERSON ( 'NAUO-PER22', 'UNSPECIFIED', 'UNSPECIFIED', ('UNSPECIFIED'), ('UNSPECIFIED'), ('UNSPECIFIED') ) ;
#3429 = AXIS2_PLACEMENT_3D ( 'NONE', #2702, #272, #1357 ) ;
#3430 = CC_DESIGN_APPROVAL ( #103, ( #411 ) ) ;
#3431 = CIRCLE ( 'NONE', #2914, 0.4550000000000001266 ) ;
#3432 = LINE ( 'NONE', #956, #3309 ) ;
#3433 = APPROVAL_DATE_TIME ( #1828, #2474 ) ;
#3434 = AXIS2_PLACEMENT_3D ( 'NONE', #2448, #3277, #1644 ) ;
#3435 = FACE_OUTER_BOUND ( 'NONE', #2542, .T. ) ;
#3436 = CC_DESIGN_SECURITY_CLASSIFICATION ( #2232, ( #3509 ) ) ;
#3437 = ORGANIZATION ( 'UNSPECIFIED', 'UNSPECIFIED', '' ) ;
#3438 = DIRECTION ( 'NONE',  ( -0.000000000000000000, 1.000000000000000000, -0.000000000000000000 ) ) ;
#3439 = CALENDAR_DATE ( 2026, 13, 9 ) ;
#3440 = DIRECTION ( 'NONE',  ( 0.000000000000000000, 0.000000000000000000, -1.000000000000000000 ) ) ;
#3441 = APPROVAL ( #811, 'UNKNOWN' ) ;
#3442 = ORIENTED_EDGE ( 'NONE', *, *, #262, .T. ) ;
#3443 = SECURITY_CLASSIFICATION_LEVEL ( 'unclassified' ) ;
#3444 = DIRECTION ( 'NONE',  ( 1.000000000000000000, 0.000000000000000000, 0.000000000000000000 ) ) ;
#3445 = EDGE_CURVE ( 'NONE', #2729, #595, #71, .T. ) ;
#3446 = CARTESIAN_POINT ( 'NONE',  ( 9.432459535739056378, 2.500000000000000000, -13.30335993107065207 ) ) ;
#3447 = CARTESIAN_POINT ( 'NONE',  ( 1.432459535739056156, 2.500000000000000000, -17.75835993107065391 ) ) ;
#3448 = ORIENTED_EDGE ( 'NONE', *, *, #2458, .F. ) ;
#3449 = DIRECTION ( 'NONE',  ( -0.000000000000000000, -1.000000000000000000, -0.000000000000000000 ) ) ;
#3450 = VERTEX_POINT ( 'NONE', #969 ) ;
#3451 = FACE_OUTER_BOUND ( 'NONE', #53, .T. ) ;
#3452 = CARTESIAN_POINT ( 'NONE',  ( 0.000000000000000000, 0.000000000000000000, -20.00000000000000000 ) ) ;
#3453 = APPROVAL_DATE_TIME ( #1856, #1929 ) ;
#3454 = LINE ( 'NONE', #460, #858 ) ;
#3455 = ORIENTED_EDGE ( 'NONE', *, *, #3486, .T. ) ;
#3456 = CC_DESIGN_PERSON_AND_ORGANIZATION_ASSIGNMENT ( #1175, #1939, ( #2738 ) ) ;
#3457 = DIRECTION ( 'NONE',  ( 0.000000000000000000, 0.000000000000000000, -1.000000000000000000 ) ) ;
#3458 = FACE_OUTER_BOUND ( 'NONE', #2770, .T. ) ;
#3459 = ORIENTED_EDGE ( 'NONE', *, *, #2435, .F. ) ;
#3460 = ITEM_DEFINED_TRANSFORMATION ( 'NONE', 'NONE', #1842,  #2454 ) ;
#3461 = EDGE_CURVE ( 'NONE', #3450, #2355, #297, .T. ) ;
#3462 = FACE_OUTER_BOUND ( 'NONE', #2589, .T. ) ;
#3463 = ORIENTED_EDGE ( 'NONE', *, *, #2807, .F. ) ;
#3464 = APPROVAL_ROLE ( '' ) ;
#3465 = EDGE_CURVE ( 'NONE', #3178, #1478, #3203, .T. ) ;
#3466 = DIRECTION ( 'NONE',  ( 0.000000000000000000, -1.000000000000000000, 0.000000000000000000 ) ) ;
#3467 = CARTESIAN_POINT ( 'NONE',  ( 5.432459535739056378, 5.786934341759518929, -1.758359931070651250 ) ) ;
#3468 =( REPRESENTATION_RELATIONSHIP ('NONE','NONE', #1987, #2016 ) REPRESENTATION_RELATIONSHIP_WITH_TRANSFORMATION ( #2236 )SHAPE_REPRESENTATION_RELATIONSHIP( ) );
#3469 = CALENDAR_DATE ( 2026, 13, 9 ) ;
#3470 = DIRECTION ( 'NONE',  ( -0.000000000000000000, -1.000000000000000000, -0.000000000000000000 ) ) ;
#3471 = VERTEX_POINT ( 'NONE', #3424 ) ;
#3472 = CARTESIAN_POINT ( 'NONE',  ( 22.00000000000000000, 2.500000000000000000, 0.000000000000000000 ) ) ;
#3473 = DIRECTION ( 'NONE',  ( 0.000000000000000000, 0.000000000000000000, -1.000000000000000000 ) ) ;
#3474 = ORIENTED_EDGE ( 'NONE', *, *, #3180, .F. ) ;
#3475 = COORDINATED_UNIVERSAL_TIME_OFFSET ( 8, 0, .BEHIND. ) ;
#3476 = CIRCLE ( 'NONE', #237, 0.4550000000000005151 ) ;
#3477 = CC_DESIGN_DATE_AND_TIME_ASSIGNMENT ( #1255, #2656, ( #1731 ) ) ;
#3478 = CARTESIAN_POINT ( 'NONE',  ( 0.000000000000000000, 0.000000000000000000, -20.00000000000000000 ) ) ;
#3479 = AXIS2_PLACEMENT_3D ( 'NONE', #953, #666, #2540 ) ;
#3480 = ORIENTED_EDGE ( 'NONE', *, *, #1693, .T. ) ;
#3481 = COORDINATED_UNIVERSAL_TIME_OFFSET ( 8, 0, .BEHIND. ) ;
#3482 = DIRECTION ( 'NONE',  ( 0.000000000000000000, 0.000000000000000000, -1.000000000000000000 ) ) ;
#3483 = AXIS2_PLACEMENT_3D ( 'NONE', #2716, #1071, #793 ) ;
#3484 = CARTESIAN_POINT ( 'NONE',  ( 9.432459535739056378, 4.500000000000000888, -4.848359931070651108 ) ) ;
#3485 = AXIS2_PLACEMENT_3D ( 'NONE', #3274, #814, #1074 ) ;
#3486 = EDGE_CURVE ( 'NONE', #1138, #1407, #1327, .T. ) ;
#3487 = CARTESIAN_POINT ( 'NONE',  ( 17.43245953573905638, 2.500000000000000000, -13.75835993107065214 ) ) ;
#3488 = AXIS2_PLACEMENT_3D ( 'NONE', #1490, #387, #100 ) ;
#3489 = CC_DESIGN_APPROVAL ( #769, ( #1783 ) ) ;
#3490 = PERSON_AND_ORGANIZATION ( #2273, #3437 ) ;
#3491 = DIRECTION ( 'NONE',  ( 0.000000000000000000, 1.000000000000000000, 0.000000000000000000 ) ) ;
#3492 = NEXT_ASSEMBLY_USAGE_OCCURRENCE ( 'NAUO1', ' ', ' ', #196, #844, $ ) ;
#3493 = NEXT_ASSEMBLY_USAGE_OCCURRENCE ( 'NAUO2', ' ', ' ', #196, #2532, $ ) ;
#3494 = NEXT_ASSEMBLY_USAGE_OCCURRENCE ( 'NAUO3', ' ', ' ', #196, #2532, $ ) ;
#3495 = NEXT_ASSEMBLY_USAGE_OCCURRENCE ( 'NAUO4', ' ', ' ', #196, #2532, $ ) ;
#3496 = NEXT_ASSEMBLY_USAGE_OCCURRENCE ( 'NAUO5', ' ', ' ', #196, #2532, $ ) ;
#3497 = NEXT_ASSEMBLY_USAGE_OCCURRENCE ( 'NAUO6', ' ', ' ', #196, #2532, $ ) ;
#3498 = NEXT_ASSEMBLY_USAGE_OCCURRENCE ( 'NAUO7', ' ', ' ', #196, #2532, $ ) ;
#3499 = NEXT_ASSEMBLY_USAGE_OCCURRENCE ( 'NAUO8', ' ', ' ', #196, #2532, $ ) ;
#3500 = NEXT_ASSEMBLY_USAGE_OCCURRENCE ( 'NAUO9', ' ', ' ', #196, #2532, $ ) ;
#3501 = NEXT_ASSEMBLY_USAGE_OCCURRENCE ( 'NAUO10', ' ', ' ', #196, #2532, $ ) ;
#3502 = NEXT_ASSEMBLY_USAGE_OCCURRENCE ( 'NAUO11', ' ', ' ', #196, #2532, $ ) ;
#3503 = NEXT_ASSEMBLY_USAGE_OCCURRENCE ( 'NAUO12', ' ', ' ', #196, #2532, $ ) ;
#3504 = NEXT_ASSEMBLY_USAGE_OCCURRENCE ( 'NAUO13', ' ', ' ', #196, #2532, $ ) ;
#3505 = NEXT_ASSEMBLY_USAGE_OCCURRENCE ( 'NAUO14', ' ', ' ', #196, #2532, $ ) ;
#3506 = NEXT_ASSEMBLY_USAGE_OCCURRENCE ( 'NAUO15', ' ', ' ', #196, #2532, $ ) ;
#3507 = NEXT_ASSEMBLY_USAGE_OCCURRENCE ( 'NAUO16', ' ', ' ', #196, #2532, $ ) ;
#3508 = NEXT_ASSEMBLY_USAGE_OCCURRENCE ( 'NAUO17', ' ', ' ', #196, #2532, $ ) ;
#3509 = NEXT_ASSEMBLY_USAGE_OCCURRENCE ( 'NAUO18', ' ', ' ', #196, #2532, $ ) ;
#3510 = NEXT_ASSEMBLY_USAGE_OCCURRENCE ( 'NAUO19', ' ', ' ', #196, #2532, $ ) ;
#3511 = NEXT_ASSEMBLY_USAGE_OCCURRENCE ( 'NAUO20', ' ', ' ', #196, #2532, $ ) ;
#3512 = NEXT_ASSEMBLY_USAGE_OCCURRENCE ( 'NAUO21', ' ', ' ', #196, #2532, $ ) ;
#3513 = NEXT_ASSEMBLY_USAGE_OCCURRENCE ( 'NAUO22', ' ', ' ', #196, #2532, $ ) ;
#3514 = NEXT_ASSEMBLY_USAGE_OCCURRENCE ( 'NAUO23', ' ', ' ', #196, #2532, $ ) ;
#3515 = NEXT_ASSEMBLY_USAGE_OCCURRENCE ( 'NAUO24', ' ', ' ', #196, #2532, $ ) ;
#3516 = NEXT_ASSEMBLY_USAGE_OCCURRENCE ( 'NAUO25', ' ', ' ', #196, #2532, $ ) ;
#3517 = NEXT_ASSEMBLY_USAGE_OCCURRENCE ( 'NAUO26', ' ', ' ', #196, #2532, $ ) ;
ENDSEC;
END-ISO-10303-21;
