ISO-10303-21;
HEADER;
FILE_DESCRIPTION (( 'STEP AP203' ),
    '1' );
FILE_NAME ('MN2.STEP',
    '2026-09-12T06:42:43',
    ( '' ),
    ( '' ),
    'SwSTEP 2.0',
    'SolidWorks 2024',
    '' );
FILE_SCHEMA (( 'CONFIG_CONTROL_DESIGN' ));
ENDSEC;

DATA;
#1 = VECTOR ( 'NONE', #743, 100.0000000000000000 ) ;
#2 = VECTOR ( 'NONE', #1038, 100.0000000000000000 ) ;
#3 = CARTESIAN_POINT ( 'NONE',  ( 2.199999999999999734, 0.000000000000000000, 0.000000000000000000 ) ) ;
#4 = LOCAL_TIME ( 23, 42, 43.00000000000000000, #1327 ) ;
#5 = DATE_AND_TIME ( #1623, #760 ) ;
#6 = PERSON_AND_ORGANIZATION ( #305, #147 ) ;
#7 = CC_DESIGN_SECURITY_CLASSIFICATION ( #123, ( #1657 ) ) ;
#8 = CC_DESIGN_DATE_AND_TIME_ASSIGNMENT ( #435, #1052, ( #806 ) ) ;
#9 = CARTESIAN_POINT ( 'NONE',  ( 0.000000000000000000, 0.2500000000000000000, 0.000000000000000000 ) ) ;
#10 = APPROVAL_PERSON_ORGANIZATION ( #381, #1162, #1016 ) ;
#11 = FACE_BOUND ( 'NONE', #1571, .T. ) ;
#12 = LOCAL_TIME ( 23, 42, 43.00000000000000000, #1508 ) ;
#13 = CARTESIAN_POINT ( 'NONE',  ( 1.999999999999999778, 0.4500000000000000666, 0.000000000000000000 ) ) ;
#14 = PERSON_AND_ORGANIZATION ( #1416, #1105 ) ;
#15 = DATE_AND_TIME ( #1511, #842 ) ;
#16 = DIRECTION ( 'NONE',  ( 0.2803638829204861960, 3.433467318150966093E-17, 0.9598937926425757938 ) ) ;
#17 = DATE_AND_TIME ( #145, #887 ) ;
#18 = PLANE ( 'NONE',  #592 ) ;
#19 = DATE_TIME_ROLE ( 'classification_date' ) ;
#20 = CLOSED_SHELL ( 'NONE', ( #110, #923, #638, #629, #1240, #1542, #847, #226, #1090, #1312, #802, #885, #25, #1060, #763 ) ) ;
#21 = DIRECTION ( 'NONE',  ( 0.000000000000000000, -1.000000000000000000, 0.000000000000000000 ) ) ;
#22 = EDGE_CURVE ( 'NONE', #1458, #167, #504, .T. ) ;
#23 = APPROVAL_ROLE ( '' ) ;
#24 = PERSON_AND_ORGANIZATION ( #1573, #808 ) ;
#25 = ADVANCED_FACE ( 'NONE', ( #1435 ), #635, .T. ) ;
#26 = ORIENTED_EDGE ( 'NONE', *, *, #342, .T. ) ;
#27 = APPROVAL_DATE_TIME ( #328, #484 ) ;
#28 = VECTOR ( 'NONE', #1482, 100.0000000000000000 ) ;
#29 = CARTESIAN_POINT ( 'NONE',  ( 2.000000000000000000, 0.2500000000000000000, -2.000000000000000000 ) ) ;
#30 = CC_DESIGN_PERSON_AND_ORGANIZATION_ASSIGNMENT ( #658, #1035, ( #143 ) ) ;
#31 = CARTESIAN_POINT ( 'NONE',  ( 0.1109564667602157551, 2.828687929808904051E-19, -0.002309798981860196072 ) ) ;
#32 = AXIS2_PLACEMENT_3D ( 'NONE', #577, #1085, #963 ) ;
#33 = CARTESIAN_POINT ( 'NONE',  ( -0.4789879083910081325, 0.8409062464593344277, 0.2581218473503232858 ) ) ;
#34 = APPROVAL_STATUS ( 'not_yet_approved' ) ;
#35 = ORIENTED_EDGE ( 'NONE', *, *, #1473, .T. ) ;
#36 = CC_DESIGN_APPROVAL ( #1429, ( #1075 ) ) ;
#37 = COORDINATED_UNIVERSAL_TIME_OFFSET ( 8, 0, .BEHIND. ) ;
#38 = DIRECTION ( 'NONE',  ( 0.000000000000000000, 0.000000000000000000, -1.000000000000000000 ) ) ;
#39 = CC_DESIGN_SECURITY_CLASSIFICATION ( #290, ( #1650 ) ) ;
#40 = EDGE_LOOP ( 'NONE', ( #924, #408, #846, #932 ) ) ;
#41 = DIRECTION ( 'NONE',  ( 0.2803638829204861960, 3.433467318150966093E-17, 0.9598937926425757938 ) ) ;
#42 = EDGE_CURVE ( 'NONE', #317, #671, #1154, .T. ) ;
#43 = CC_DESIGN_SECURITY_CLASSIFICATION ( #242, ( #1222 ) ) ;
#44 = APPLICATION_CONTEXT ( 'configuration controlled 3d designs of mechanical parts and assemblies' ) ;
#45 = CONTEXT_DEPENDENT_SHAPE_REPRESENTATION ( #1006, #81 ) ;
#46 = PRODUCT_DEFINITION_SHAPE ( 'NONE', 'NONE',  #1642 ) ;
#47 = ORIENTED_EDGE ( 'NONE', *, *, #662, .F. ) ;
#48 = ITEM_DEFINED_TRANSFORMATION ( 'NONE', 'NONE', #344,  #935 ) ;
#49 = CC_DESIGN_DATE_AND_TIME_ASSIGNMENT ( #562, #350, ( #359 ) ) ;
#50 = CARTESIAN_POINT ( 'NONE',  ( -99.89000000000000057, 0.000000000000000000, 0.000000000000000000 ) ) ;
#51 = APPROVAL_ROLE ( '' ) ;
#52 = CARTESIAN_POINT ( 'NONE',  ( -0.07898790839100813810, 0.8409062464593344277, 1.858121847350323375 ) ) ;
#53 = DATE_TIME_ROLE ( 'classification_date' ) ;
#54 = EDGE_CURVE ( 'NONE', #1590, #322, #1144, .T. ) ;
#55 = ORIENTED_EDGE ( 'NONE', *, *, #1033, .T. ) ;
#56 = CALENDAR_DATE ( 2026, 11, 9 ) ;
#57 = CARTESIAN_POINT ( 'NONE',  ( 0.000000000000000000, -2.789133085058097148E-18, 0.04555000000000002103 ) ) ;
#58 = DATE_AND_TIME ( #728, #1134 ) ;
#59 = PERSON ( 'NAUO-PER13', 'UNSPECIFIED', 'UNSPECIFIED', ('UNSPECIFIED'), ('UNSPECIFIED'), ('UNSPECIFIED') ) ;
#60 = COORDINATED_UNIVERSAL_TIME_OFFSET ( 8, 0, .BEHIND. ) ;
#61 = ORIENTED_EDGE ( 'NONE', *, *, #905, .F. ) ;
#62 = DIRECTION ( 'NONE',  ( -1.224646799147356165E-16, 1.000000000000000000, 9.737627722079633203E-32 ) ) ;
#63 = PRODUCT_DEFINITION_SHAPE ( 'NONE', 'NONE',  #210 ) ;
#64 = AXIS2_PLACEMENT_3D ( 'NONE', #1211, #819, #1331 ) ;
#65 = VECTOR ( 'NONE', #1254, 100.0000000000000000 ) ;
#66 = CONTEXT_DEPENDENT_SHAPE_REPRESENTATION ( #1466, #833 ) ;
#67 = ORIENTED_EDGE ( 'NONE', *, *, #1087, .T. ) ;
#68 = APPROVAL ( #482, 'UNKNOWN' ) ;
#69 = LINE ( 'NONE', #29, #28 ) ;
#70 = LOCAL_TIME ( 23, 42, 43.00000000000000000, #931 ) ;
#71 = COORDINATED_UNIVERSAL_TIME_OFFSET ( 8, 0, .BEHIND. ) ;
#72 = ORGANIZATION ( 'NAUO-ORG3', 'UNSPECIFIED', 'UNSPECIFIED' ) ;
#73 = EDGE_LOOP ( 'NONE', ( #177, #186, #418, #1067 ) ) ;
#74 = CC_DESIGN_SECURITY_CLASSIFICATION ( #208, ( #1653 ) ) ;
#75 = DIRECTION ( 'NONE',  ( -1.224646799147356165E-16, 1.000000000000000000, 9.737627722079633203E-32 ) ) ;
#76 = LOCAL_TIME ( 23, 42, 43.00000000000000000, #830 ) ;
#77 = APPROVAL_DATE_TIME ( #1218, #870 ) ;
#78 = LOCAL_TIME ( 23, 42, 43.00000000000000000, #1098 ) ;
#79 = DATE_TIME_ROLE ( 'classification_date' ) ;
#80 = DIRECTION ( 'NONE',  ( 1.000000000000000000, -0.000000000000000000, 0.000000000000000000 ) ) ;
#81 = PRODUCT_DEFINITION_SHAPE ( 'NONE', 'NONE',  #1656 ) ;
#82 = ORIENTED_EDGE ( 'NONE', *, *, #1410, .T. ) ;
#83 = CARTESIAN_POINT ( 'NONE',  ( -0.4789879083910081325, 0.8409062464593344277, 1.458121847350323241 ) ) ;
#84 = CC_DESIGN_DATE_AND_TIME_ASSIGNMENT ( #5, #1003, ( #242 ) ) ;
#85 = DATE_AND_TIME ( #1096, #1599 ) ;
#86 = EDGE_CURVE ( 'NONE', #322, #1492, #460, .T. ) ;
#87 = APPROVAL_DATE_TIME ( #1358, #1212 ) ;
#88 =( REPRESENTATION_RELATIONSHIP ('NONE','NONE', #364, #1503 ) REPRESENTATION_RELATIONSHIP_WITH_TRANSFORMATION ( #990 )SHAPE_REPRESENTATION_RELATIONSHIP( ) );
#89 = CONTEXT_DEPENDENT_SHAPE_REPRESENTATION ( #467, #820 ) ;
#90 = FACE_OUTER_BOUND ( 'NONE', #73, .T. ) ;
#91 = PERSON_AND_ORGANIZATION ( #1249, #475 ) ;
#92 = ORIENTED_EDGE ( 'NONE', *, *, #694, .F. ) ;
#93 = APPROVAL ( #1440, 'UNKNOWN' ) ;
#94 = DATE_AND_TIME ( #1356, #1079 ) ;
#95 = PERSON_AND_ORGANIZATION_ROLE ( 'classification_officer' ) ;
#96 = AXIS2_PLACEMENT_3D ( 'NONE', #447, #329, #202 ) ;
#97 = AXIS2_PLACEMENT_3D ( 'NONE', #822, #788, #1058 ) ;
#98 = APPROVAL_DATE_TIME ( #1512, #976 ) ;
#99 = APPROVAL_STATUS ( 'not_yet_approved' ) ;
#100 = DIRECTION ( 'NONE',  ( -0.000000000000000000, 1.000000000000000000, -0.000000000000000000 ) ) ;
#101 = PERSON_AND_ORGANIZATION ( #1249, #475 ) ;
#102 = CC_DESIGN_SECURITY_CLASSIFICATION ( #236, ( #1643 ) ) ;
#103 = LOCAL_TIME ( 23, 42, 43.00000000000000000, #579 ) ;
#104 = LOCAL_TIME ( 23, 42, 43.00000000000000000, #241 ) ;
#105 = APPROVAL_ROLE ( '' ) ;
#106 = COORDINATED_UNIVERSAL_TIME_OFFSET ( 8, 0, .BEHIND. ) ;
#107 = CARTESIAN_POINT ( 'NONE',  ( 0.000000000000000000, 0.000000000000000000, 0.000000000000000000 ) ) ;
#108 = CC_DESIGN_DATE_AND_TIME_ASSIGNMENT ( #827, #340, ( #1299 ) ) ;
#109 = COORDINATED_UNIVERSAL_TIME_OFFSET ( 8, 0, .BEHIND. ) ;
#110 = ADVANCED_FACE ( 'NONE', ( #499, #11 ), #1286, .T. ) ;
#111 = APPROVAL_ROLE ( '' ) ;
#112 = CC_DESIGN_PERSON_AND_ORGANIZATION_ASSIGNMENT ( #506, #1281, ( #376 ) ) ;
#113 = UNCERTAINTY_MEASURE_WITH_UNIT (LENGTH_MEASURE( 1.000000000000000082E-05 ), #1300, 'distance_accuracy_value', 'NONE');
#114 = AXIS2_PLACEMENT_3D ( 'NONE', #946, #1460, #574 ) ;
#115 = CALENDAR_DATE ( 2026, 11, 9 ) ;
#116 = DIRECTION ( 'NONE',  ( 0.000000000000000000, -0.000000000000000000, -1.000000000000000000 ) ) ;
#117 = APPROVAL_STATUS ( 'not_yet_approved' ) ;
#118 = ITEM_DEFINED_TRANSFORMATION ( 'NONE', 'NONE', #1205,  #935 ) ;
#119 = DATE_TIME_ROLE ( 'classification_date' ) ;
#120 = DIRECTION ( 'NONE',  ( 0.000000000000000000, 0.000000000000000000, -1.000000000000000000 ) ) ;
#121 = AXIS2_PLACEMENT_3D ( 'NONE', #13, #256, #898 ) ;
#122 = VECTOR ( 'NONE', #902, 100.0000000000000000 ) ;
#123 = SECURITY_CLASSIFICATION ( '', '', #1431 ) ;
#124 = PRODUCT ( 'MNsharp', 'MNsharp', '', ( #331 ) ) ;
#125 = CONTEXT_DEPENDENT_SHAPE_REPRESENTATION ( #407, #683 ) ;
#126 = PERSON_AND_ORGANIZATION_ROLE ( 'classification_officer' ) ;
#127 = CALENDAR_DATE ( 2026, 11, 9 ) ;
#128 = DIRECTION ( 'NONE',  ( 0.000000000000000000, 0.000000000000000000, -1.000000000000000000 ) ) ;
#129 = CC_DESIGN_APPROVAL ( #1264, ( #1222 ) ) ;
#130 = ORIENTED_EDGE ( 'NONE', *, *, #541, .T. ) ;
#131 = EDGE_CURVE ( 'NONE', #1458, #164, #879, .T. ) ;
#132 = DATE_AND_TIME ( #248, #1047 ) ;
#133 = CARTESIAN_POINT ( 'NONE',  ( 1.999999999999999778, 0.2500000000000000000, 0.000000000000000000 ) ) ;
#134 = DIRECTION ( 'NONE',  ( -0.000000000000000000, -1.000000000000000000, 0.000000000000000000 ) ) ;
#135 = CC_DESIGN_PERSON_AND_ORGANIZATION_ASSIGNMENT ( #261, #126, ( #568 ) ) ;
#136 = DATE_AND_TIME ( #213, #1296 ) ;
#137 = PERSON ( 'NAUO-PER2', 'UNSPECIFIED', 'UNSPECIFIED', ('UNSPECIFIED'), ('UNSPECIFIED'), ('UNSPECIFIED') ) ;
#138 = PERSON_AND_ORGANIZATION ( #1249, #475 ) ;
#139 = LINE ( 'NONE', #1130, #487 ) ;
#140 = AXIS2_PLACEMENT_3D ( 'NONE', #844, #1116, #1513 ) ;
#141 = CARTESIAN_POINT ( 'NONE',  ( 0.000000000000000000, 0.000000000000000000, 0.000000000000000000 ) ) ;
#142 = ORGANIZATION ( 'NAUO-ORG19', 'UNSPECIFIED', 'UNSPECIFIED' ) ;
#143 = SECURITY_CLASSIFICATION ( '', '', #786 ) ;
#144 = COORDINATED_UNIVERSAL_TIME_OFFSET ( 8, 0, .BEHIND. ) ;
#145 = CALENDAR_DATE ( 2026, 11, 9 ) ;
#146 = EDGE_CURVE ( 'NONE', #1590, #1492, #660, .T. ) ;
#147 = ORGANIZATION ( 'NAUO-ORG12', 'UNSPECIFIED', 'UNSPECIFIED' ) ;
#148 = DIRECTION ( 'NONE',  ( -1.000000000000000000, 0.000000000000000000, 0.000000000000000000 ) ) ;
#149 = CC_DESIGN_SECURITY_CLASSIFICATION ( #376, ( #1663 ) ) ;
#150 = CC_DESIGN_PERSON_AND_ORGANIZATION_ASSIGNMENT ( #858, #772, ( #210 ) ) ;
#151 = CC_DESIGN_SECURITY_CLASSIFICATION ( #1299, ( #866 ) ) ;
#152 = CARTESIAN_POINT ( 'NONE',  ( 0.000000000000000000, 0.4500000000000000666, 0.2000000000000000111 ) ) ;
#153 = DIRECTION ( 'NONE',  ( -1.224646799147356165E-16, 1.000000000000000000, 9.737627722079633203E-32 ) ) ;
#154 = CC_DESIGN_DATE_AND_TIME_ASSIGNMENT ( #823, #1366, ( #975 ) ) ;
#155 = DATE_AND_TIME ( #304, #1243 ) ;
#156 = DIRECTION ( 'NONE',  ( -0.000000000000000000, -0.000000000000000000, 1.000000000000000000 ) ) ;
#157 = VERTEX_POINT ( 'NONE', #254 ) ;
#158 = CALENDAR_DATE ( 2026, 11, 9 ) ;
#159 = CARTESIAN_POINT ( 'NONE',  ( 0.000000000000000000, 0.000000000000000000, 0.000000000000000000 ) ) ;
#160 =( LENGTH_UNIT ( ) NAMED_UNIT ( * ) SI_UNIT ( .CENTI., .METRE. ) );
#161 =( REPRESENTATION_RELATIONSHIP ('NONE','NONE', #364, #1503 ) REPRESENTATION_RELATIONSHIP_WITH_TRANSFORMATION ( #1069 )SHAPE_REPRESENTATION_RELATIONSHIP( ) );
#162 = APPROVAL_STATUS ( 'not_yet_approved' ) ;
#163 = APPROVAL_STATUS ( 'not_yet_approved' ) ;
#164 = VERTEX_POINT ( 'NONE', #176 ) ;
#165 = CONTEXT_DEPENDENT_SHAPE_REPRESENTATION ( #591, #297 ) ;
#166 = DIRECTION ( 'NONE',  ( -1.000000000000000000, 0.000000000000000000, -0.000000000000000000 ) ) ;
#167 = VERTEX_POINT ( 'NONE', #1337 ) ;
#168 = DIRECTION ( 'NONE',  ( -1.224646799147356165E-16, 1.000000000000000000, 9.737627722079633203E-32 ) ) ;
#169 =( GEOMETRIC_REPRESENTATION_CONTEXT ( 3 ) GLOBAL_UNCERTAINTY_ASSIGNED_CONTEXT ( ( #1400 ) ) GLOBAL_UNIT_ASSIGNED_CONTEXT ( ( #160, #636, #1014 ) ) REPRESENTATION_CONTEXT ( 'NONE', 'WORKASPACE' ) );
#170 = SECURITY_CLASSIFICATION_LEVEL ( 'unclassified' ) ;
#171 = CC_DESIGN_APPROVAL ( #1212, ( #236 ) ) ;
#172 = VERTEX_POINT ( 'NONE', #680 ) ;
#173 =( REPRESENTATION_RELATIONSHIP ('NONE','NONE', #364, #1503 ) REPRESENTATION_RELATIONSHIP_WITH_TRANSFORMATION ( #387 )SHAPE_REPRESENTATION_RELATIONSHIP( ) );
#174 = DATE_AND_TIME ( #1197, #316 ) ;
#175 = CC_DESIGN_APPROVAL ( #668, ( #1153 ) ) ;
#176 = CARTESIAN_POINT ( 'NONE',  ( 0.000000000000000000, 0.000000000000000000, 0.2000000000000000111 ) ) ;
#177 = ORIENTED_EDGE ( 'NONE', *, *, #507, .T. ) ;
#178 = CARTESIAN_POINT ( 'NONE',  ( 0.3210120916089918564, 0.8409062464593344277, 0.6581218473503233080 ) ) ;
#179 = ADVANCED_FACE ( 'NONE', ( #1190 ), #689, .F. ) ;
#180 = DIRECTION ( 'NONE',  ( -1.224646799147356165E-16, 1.000000000000000000, 9.737627722079633203E-32 ) ) ;
#181 = COORDINATED_UNIVERSAL_TIME_OFFSET ( 8, 0, .BEHIND. ) ;
#182 = ORIENTED_EDGE ( 'NONE', *, *, #1217, .F. ) ;
#183 = APPROVAL_ROLE ( '' ) ;
#184 = FACE_OUTER_BOUND ( 'NONE', #1602, .T. ) ;
#185 = APPROVAL_DATE_TIME ( #962, #930 ) ;
#186 = ORIENTED_EDGE ( 'NONE', *, *, #1620, .T. ) ;
#187 = DIRECTION ( 'NONE',  ( 1.000000000000000000, 0.000000000000000000, 0.000000000000000000 ) ) ;
#188 = VECTOR ( 'NONE', #134, 100.0000000000000000 ) ;
#189 = APPROVAL ( #34, 'UNKNOWN' ) ;
#190 = CALENDAR_DATE ( 2026, 11, 9 ) ;
#191 = EDGE_LOOP ( 'NONE', ( #697, #1093, #1303 ) ) ;
#192 = APPROVAL_DATE_TIME ( #1572, #1070 ) ;
#193 = CARTESIAN_POINT ( 'NONE',  ( 0.000000000000000000, 0.4500000000000000666, -2.199999999999999734 ) ) ;
#194 = CALENDAR_DATE ( 2026, 11, 9 ) ;
#195 = PERSON_AND_ORGANIZATION ( #1249, #475 ) ;
#196 = VERTEX_POINT ( 'NONE', #793 ) ;
#197 = CARTESIAN_POINT ( 'NONE',  ( 0.3210120916089918564, 0.8409062464593344277, 1.058121847350323330 ) ) ;
#198 = AXIS2_PLACEMENT_3D ( 'NONE', #804, #1322, #682 ) ;
#199 = CONICAL_SURFACE ( 'NONE', #1125, 0.002309798981860196072, 0.3925943860341560843 ) ;
#200 = PERSON_AND_ORGANIZATION ( #589, #1521 ) ;
#201 = CALENDAR_DATE ( 2026, 11, 9 ) ;
#202 = DIRECTION ( 'NONE',  ( 0.000000000000000000, 0.000000000000000000, -1.000000000000000000 ) ) ;
#203 = PERSON_AND_ORGANIZATION_ROLE ( 'classification_officer' ) ;
#204 = CC_DESIGN_SECURITY_CLASSIFICATION ( #1155, ( #1660 ) ) ;
#205 = LOCAL_TIME ( 23, 42, 43.00000000000000000, #367 ) ;
#206 = ORIENTED_EDGE ( 'NONE', *, *, #694, .T. ) ;
#207 = LOCAL_TIME ( 23, 42, 43.00000000000000000, #805 ) ;
#208 = SECURITY_CLASSIFICATION ( '', '', #1137 ) ;
#209 = DIRECTION ( 'NONE',  ( 0.2803638829204861960, 3.433467318150966093E-17, 0.9598937926425757938 ) ) ;
#210 = PRODUCT_DEFINITION ( 'UNKNOWN', '', #866, #1385 ) ;
#211 = APPROVAL_PERSON_ORGANIZATION ( #890, #993, #609 ) ;
#212 = PRODUCT_DEFINITION_SHAPE ( 'NONE', 'NONE',  #495 ) ;
#213 = CALENDAR_DATE ( 2026, 11, 9 ) ;
#214 = LOCAL_TIME ( 23, 42, 43.00000000000000000, #71 ) ;
#215 = PERSON_AND_ORGANIZATION ( #137, #1318 ) ;
#216 = PLANE ( 'NONE',  #311 ) ;
#217 = SECURITY_CLASSIFICATION_LEVEL ( 'unclassified' ) ;
#218 = CC_DESIGN_DATE_AND_TIME_ASSIGNMENT ( #1562, #605, ( #622 ) ) ;
#219 = PERSON_AND_ORGANIZATION ( #1249, #475 ) ;
#220 = ORIENTED_EDGE ( 'NONE', *, *, #1419, .F. ) ;
#221 = COORDINATED_UNIVERSAL_TIME_OFFSET ( 8, 0, .BEHIND. ) ;
#222 = CALENDAR_DATE ( 2026, 11, 9 ) ;
#223 = ITEM_DEFINED_TRANSFORMATION ( 'NONE', 'NONE', #535,  #935 ) ;
#224 = CARTESIAN_POINT ( 'NONE',  ( 2.199999999999999734, 0.000000000000000000, -1.999999999999999778 ) ) ;
#225 = COORDINATED_UNIVERSAL_TIME_OFFSET ( 8, 0, .BEHIND. ) ;
#226 = ADVANCED_FACE ( 'NONE', ( #699 ), #301, .T. ) ;
#227 = PERSON ( 'NAUO-PER6', 'UNSPECIFIED', 'UNSPECIFIED', ('UNSPECIFIED'), ('UNSPECIFIED'), ('UNSPECIFIED') ) ;
#228 = DATE_AND_TIME ( #1609, #76 ) ;
#229 = APPROVAL_ROLE ( '' ) ;
#230 = AXIS2_PLACEMENT_3D ( 'NONE', #1506, #1613, #379 ) ;
#231 = CC_DESIGN_DATE_AND_TIME_ASSIGNMENT ( #816, #1339, ( #546 ) ) ;
#232 = AXIS2_PLACEMENT_3D ( 'NONE', #1478, #1202, #187 ) ;
#233 = CALENDAR_DATE ( 2026, 11, 9 ) ;
#234 = CARTESIAN_POINT ( 'NONE',  ( 0.1100000000000000006, 0.000000000000000000, 0.000000000000000000 ) ) ;
#235 = SECURITY_CLASSIFICATION_LEVEL ( 'unclassified' ) ;
#236 = SECURITY_CLASSIFICATION ( '', '', #481 ) ;
#237 = CC_DESIGN_PERSON_AND_ORGANIZATION_ASSIGNMENT ( #381, #1250, ( #811 ) ) ;
#238 = ORGANIZATION ( 'NAUO-ORG25', 'UNSPECIFIED', 'UNSPECIFIED' ) ;
#239 = CC_DESIGN_SECURITY_CLASSIFICATION ( #471, ( #1659 ) ) ;
#240 = SECURITY_CLASSIFICATION ( '', '', #751 ) ;
#241 = COORDINATED_UNIVERSAL_TIME_OFFSET ( 8, 0, .BEHIND. ) ;
#242 = SECURITY_CLASSIFICATION ( '', '', #235 ) ;
#243 = APPROVAL_DATE_TIME ( #400, #436 ) ;
#244 = CYLINDRICAL_SURFACE ( 'NONE', #1015, 0.2000000000000000111 ) ;
#245 = PERSON_AND_ORGANIZATION ( #1249, #475 ) ;
#246 = DATE_AND_TIME ( #624, #1437 ) ;
#247 = AXIS2_PLACEMENT_3D ( 'NONE', #1411, #264, #397 ) ;
#248 = CALENDAR_DATE ( 2026, 11, 9 ) ;
#249 = LINE ( 'NONE', #755, #729 ) ;
#251 = VECTOR ( 'NONE', #1198, 100.0000000000000000 ) ;
#250 = CALENDAR_DATE ( 2026, 11, 9 ) ;
#252 = COORDINATED_UNIVERSAL_TIME_OFFSET ( 8, 0, .BEHIND. ) ;
#253 = CARTESIAN_POINT ( 'NONE',  ( 0.1100000000000000006, 0.000000000000000000, 0.000000000000000000 ) ) ;
#254 = CARTESIAN_POINT ( 'NONE',  ( -0.2000000000000000111, 0.000000000000000000, 0.000000000000000000 ) ) ;
#255 =( REPRESENTATION_RELATIONSHIP ('NONE','NONE', #364, #1503 ) REPRESENTATION_RELATIONSHIP_WITH_TRANSFORMATION ( #1235 )SHAPE_REPRESENTATION_RELATIONSHIP( ) );
#256 = DIRECTION ( 'NONE',  ( -0.000000000000000000, 1.000000000000000000, -0.000000000000000000 ) ) ;
#257 = ADVANCED_FACE ( 'NONE', ( #1309, #554 ), #826, .F. ) ;
#258 = LOCAL_TIME ( 23, 42, 43.00000000000000000, #610 ) ;
#259 = CONTEXT_DEPENDENT_SHAPE_REPRESENTATION ( #723, #796 ) ;
#260 = ORGANIZATION ( 'NAUO-ORG9', 'UNSPECIFIED', 'UNSPECIFIED' ) ;
#261 = PERSON_AND_ORGANIZATION ( #1191, #349 ) ;
#262 = CARTESIAN_POINT ( 'NONE',  ( 0.000000000000000000, 0.000000000000000000, -2.000000000000000000 ) ) ;
#263 = LOCAL_TIME ( 23, 42, 43.00000000000000000, #109 ) ;
#264 = DIRECTION ( 'NONE',  ( 0.000000000000000000, -1.000000000000000000, 0.000000000000000000 ) ) ;
#265 = PRODUCT_DEFINITION_SHAPE ( 'NONE', 'NONE',  #359 ) ;
#266 = CC_DESIGN_DATE_AND_TIME_ASSIGNMENT ( #1142, #1018, ( #1353 ) ) ;
#267 = CARTESIAN_POINT ( 'NONE',  ( 2.199999999999999734, 0.4500000000000000666, 0.000000000000000000 ) ) ;
#268 = APPROVAL_STATUS ( 'not_yet_approved' ) ;
#269 = APPROVAL_ROLE ( '' ) ;
#270 = DIRECTION ( 'NONE',  ( 1.000000000000000000, 0.000000000000000000, 0.000000000000000000 ) ) ;
#271 = ORIENTED_EDGE ( 'NONE', *, *, #86, .F. ) ;
#272 = APPROVAL_ROLE ( '' ) ;
#273 = CALENDAR_DATE ( 2026, 11, 9 ) ;
#274 = ADVANCED_BREP_SHAPE_REPRESENTATION ( '', ( #1369, #935 ), #169 ) ;
#275 = APPROVAL_DATE_TIME ( #1372, #1444 ) ;
#276 = COORDINATED_UNIVERSAL_TIME_OFFSET ( 8, 0, .BEHIND. ) ;
#277 = PRODUCT_DEFINITION_SHAPE ( 'NONE', 'NONE',  #1658 ) ;
#278 = APPROVAL ( #583, 'UNKNOWN' ) ;
#279 = DIRECTION ( 'NONE',  ( 0.000000000000000000, 0.000000000000000000, 1.000000000000000000 ) ) ;
#280 = AXIS2_PLACEMENT_3D ( 'NONE', #1341, #547, #714 ) ;
#281 = CARTESIAN_POINT ( 'NONE',  ( 0.000000000000000000, 0.2500000000000000000, 0.2000000000000000111 ) ) ;
#282 = AXIS2_PLACEMENT_3D ( 'NONE', #498, #1549, #634 ) ;
#283 = EDGE_CURVE ( 'NONE', #172, #1334, #1474, .T. ) ;
#284 = DIRECTION ( 'NONE',  ( 0.000000000000000000, -1.000000000000000000, 0.000000000000000000 ) ) ;
#285 = CC_DESIGN_PERSON_AND_ORGANIZATION_ASSIGNMENT ( #1078, #1227, ( #975 ) ) ;
#286 = LOCAL_TIME ( 23, 42, 43.00000000000000000, #1423 ) ;
#287 = LOCAL_TIME ( 23, 42, 43.00000000000000000, #37 ) ;
#288 = CARTESIAN_POINT ( 'NONE',  ( 0.000000000000000000, 0.000000000000000000, 0.000000000000000000 ) ) ;
#289 = CONTEXT_DEPENDENT_SHAPE_REPRESENTATION ( #1633, #717 ) ;
#290 = SECURITY_CLASSIFICATION ( '', '', #978 ) ;
#291 = LINE ( 'NONE', #1302, #122 ) ;
#292 = CC_DESIGN_APPROVAL ( #993, ( #781 ) ) ;
#293 = COORDINATED_UNIVERSAL_TIME_OFFSET ( 8, 0, .BEHIND. ) ;
#294 = CARTESIAN_POINT ( 'NONE',  ( 0.000000000000000000, 0.000000000000000000, 0.000000000000000000 ) ) ;
#295 = LOCAL_TIME ( 23, 42, 43.00000000000000000, #1593 ) ;
#296 = LINE ( 'NONE', #778, #406 ) ;
#297 = PRODUCT_DEFINITION_SHAPE ( 'NONE', 'NONE',  #1645 ) ;
#298 = APPLICATION_PROTOCOL_DEFINITION ( 'international standard', 'config_control_design', 1994, #312 ) ;
#299 = CALENDAR_DATE ( 2026, 11, 9 ) ;
#300 = VERTEX_POINT ( 'NONE', #193 ) ;
#301 = PLANE ( 'NONE',  #608 ) ;
#302 = DIRECTION ( 'NONE',  ( -1.224646799147356165E-16, 1.000000000000000000, 9.737627722079633203E-32 ) ) ;
#303 = CARTESIAN_POINT ( 'NONE',  ( 0.3210120916089918564, 0.8409062464593344277, 0.2581218473503232858 ) ) ;
#304 = CALENDAR_DATE ( 2026, 11, 9 ) ;
#305 = PERSON ( 'NAUO-PER12', 'UNSPECIFIED', 'UNSPECIFIED', ('UNSPECIFIED'), ('UNSPECIFIED'), ('UNSPECIFIED') ) ;
#306 = VERTEX_POINT ( 'NONE', #1063 ) ;
#307 = DIRECTION ( 'NONE',  ( 0.000000000000000000, 0.000000000000000000, -1.000000000000000000 ) ) ;
#308 = EDGE_CURVE ( 'NONE', #558, #551, #438, .T. ) ;
#309 = APPROVAL_DATE_TIME ( #1475, #1535 ) ;
#310 = ORIENTED_EDGE ( 'NONE', *, *, #1101, .F. ) ;
#311 = AXIS2_PLACEMENT_3D ( 'NONE', #719, #348, #116 ) ;
#312 = APPLICATION_CONTEXT ( 'configuration controlled 3d designs of mechanical parts and assemblies' ) ;
#313 = CARTESIAN_POINT ( 'NONE',  ( -0.4789879083910081325, 0.8409062464593344277, 0.6581218473503233080 ) ) ;
#314 = AXIS2_PLACEMENT_3D ( 'NONE', #303, #782, #153 ) ;
#315 = DATE_AND_TIME ( #783, #1267 ) ;
#316 = LOCAL_TIME ( 23, 42, 43.00000000000000000, #687 ) ;
#317 = VERTEX_POINT ( 'NONE', #1082 ) ;
#318 = LOCAL_TIME ( 23, 42, 43.00000000000000000, #1502 ) ;
#319 = CC_DESIGN_APPROVAL ( #1162, ( #811 ) ) ;
#320 = CARTESIAN_POINT ( 'NONE',  ( 0.000000000000000000, 0.2500000000000000000, 0.000000000000000000 ) ) ;
#321 = CALENDAR_DATE ( 2026, 11, 9 ) ;
#322 = VERTEX_POINT ( 'NONE', #936 ) ;
#323 = CC_DESIGN_DATE_AND_TIME_ASSIGNMENT ( #1195, #1570, ( #1384 ) ) ;
#324 = DIRECTION ( 'NONE',  ( 0.2803638829204861960, 3.433467318150966093E-17, 0.9598937926425757938 ) ) ;
#325 = LOCAL_TIME ( 23, 42, 43.00000000000000000, #1092 ) ;
#326 = PRODUCT_DEFINITION_SHAPE ( 'NONE', 'NONE',  #1667 ) ;
#327 = ORIENTED_EDGE ( 'NONE', *, *, #146, .T. ) ;
#328 = DATE_AND_TIME ( #1451, #287 ) ;
#329 = DIRECTION ( 'NONE',  ( -0.000000000000000000, 1.000000000000000000, -0.000000000000000000 ) ) ;
#330 = APPROVAL_DATE_TIME ( #948, #278 ) ;
#331 = MECHANICAL_CONTEXT ( 'NONE', #44, 'mechanical' ) ;
#332 = DIRECTION ( 'NONE',  ( -1.224646799147356165E-16, 1.000000000000000000, 9.737627722079633203E-32 ) ) ;
#333 = VECTOR ( 'NONE', #1443, 100.0000000000000000 ) ;
#334 = ITEM_DEFINED_TRANSFORMATION ( 'NONE', 'NONE', #1404,  #935 ) ;
#335 =( REPRESENTATION_RELATIONSHIP ('NONE','NONE', #364, #1503 ) REPRESENTATION_RELATIONSHIP_WITH_TRANSFORMATION ( #442 )SHAPE_REPRESENTATION_RELATIONSHIP( ) );
#336 = ORIENTED_EDGE ( 'NONE', *, *, #1033, .F. ) ;
#337 = APPROVAL_STATUS ( 'not_yet_approved' ) ;
#338 = APPROVAL ( #99, 'UNKNOWN' ) ;
#339 = LINE ( 'NONE', #1043, #1171 ) ;
#340 = DATE_TIME_ROLE ( 'classification_date' ) ;
#341 = ORIENTED_EDGE ( 'NONE', *, *, #86, .T. ) ;
#342 = EDGE_CURVE ( 'NONE', #585, #1455, #527, .T. ) ;
#343 = PRODUCT_DEFINITION_SHAPE ( 'NONE', 'NONE',  #1644 ) ;
#344 = AXIS2_PLACEMENT_3D ( 'NONE', #1584, #459, #168 ) ;
#345 = ITEM_DEFINED_TRANSFORMATION ( 'NONE', 'NONE', #97,  #935 ) ;
#346 = APPROVAL ( #1237, 'UNKNOWN' ) ;
#347 = APPROVAL_DATE_TIME ( #1629, #68 ) ;
#348 = DIRECTION ( 'NONE',  ( 0.000000000000000000, -1.000000000000000000, 0.000000000000000000 ) ) ;
#349 = ORGANIZATION ( 'NAUO-ORG14', 'UNSPECIFIED', 'UNSPECIFIED' ) ;
#350 = DATE_TIME_ROLE ( 'creation_date' ) ;
#351 = LOCAL_TIME ( 23, 42, 43.00000000000000000, #293 ) ;
#352 = ORIENTED_EDGE ( 'NONE', *, *, #1013, .T. ) ;
#353 = LOCAL_TIME ( 23, 42, 43.00000000000000000, #1481 ) ;
#354 = COORDINATED_UNIVERSAL_TIME_OFFSET ( 8, 0, .BEHIND. ) ;
#355 = CC_DESIGN_APPROVAL ( #398, ( #1299 ) ) ;
#356 = EDGE_CURVE ( 'NONE', #590, #1365, #1170, .T. ) ;
#357 = DIRECTION ( 'NONE',  ( 0.000000000000000000, 0.000000000000000000, -1.000000000000000000 ) ) ;
#358 = APPROVAL_ROLE ( '' ) ;
#359 = PRODUCT_DEFINITION ( 'UNKNOWN', '', #1275, #1258 ) ;
#360 = PERSON_AND_ORGANIZATION ( #883, #142 ) ;
#361 = CALENDAR_DATE ( 2026, 11, 9 ) ;
#362 = DIRECTION ( 'NONE',  ( 1.000000000000000000, 0.000000000000000000, 0.000000000000000000 ) ) ;
#363 = CALENDAR_DATE ( 2026, 11, 9 ) ;
#364 = SHAPE_REPRESENTATION ( 'MN2', ( #1314, #232, #972, #1148, #1039, #1619, #344, #1346, #64, #1262, #703, #535, #752, #280, #995, #32, #1536, #593, #198, #1404, #669, #97, #881, #1205, #314, #1100, #390 ), #615 ) ;
#365 = EDGE_CURVE ( 'NONE', #1334, #306, #659, .T. ) ;
#366 = COORDINATED_UNIVERSAL_TIME_OFFSET ( 8, 0, .BEHIND. ) ;
#367 = COORDINATED_UNIVERSAL_TIME_OFFSET ( 8, 0, .BEHIND. ) ;
#368 = AXIS2_PLACEMENT_3D ( 'NONE', #133, #878, #1164 ) ;
#369 = PERSON_AND_ORGANIZATION ( #513, #1076 ) ;
#370 = CARTESIAN_POINT ( 'NONE',  ( 0.000000000000000000, 0.2500000000000000000, -2.199999999999999734 ) ) ;
#371 = APPROVAL_ROLE ( '' ) ;
#372 = APPROVAL_STATUS ( 'not_yet_approved' ) ;
#373 = CARTESIAN_POINT ( 'NONE',  ( 0.000000000000000000, 8.367399255174292598E-18, -0.04555000000000002103 ) ) ;
#374 = CC_DESIGN_SECURITY_CLASSIFICATION ( #1216, ( #1652 ) ) ;
#375 = CC_DESIGN_PERSON_AND_ORGANIZATION_ASSIGNMENT ( #789, #1163, ( #1384 ) ) ;
#376 = SECURITY_CLASSIFICATION ( '', '', #1618 ) ;
#377 = CC_DESIGN_APPROVAL ( #1444, ( #210 ) ) ;
#378 = CALENDAR_DATE ( 2026, 11, 9 ) ;
#379 = DIRECTION ( 'NONE',  ( 0.000000000000000000, 0.000000000000000000, -1.000000000000000000 ) ) ;
#380 = DATE_AND_TIME ( #1027, #263 ) ;
#381 = PERSON_AND_ORGANIZATION ( #1501, #738 ) ;
#382 = CARTESIAN_POINT ( 'NONE',  ( 2.000000000000000000, 0.2500000000000000000, 0.000000000000000000 ) ) ;
#383 = CC_DESIGN_PERSON_AND_ORGANIZATION_ASSIGNMENT ( #138, #607, ( #242 ) ) ;
#384 = EDGE_CURVE ( 'NONE', #157, #450, #536, .T. ) ;
#385 = DIRECTION ( 'NONE',  ( 0.000000000000000000, -1.000000000000000000, 0.000000000000000000 ) ) ;
#386 = APPROVAL_ROLE ( '' ) ;
#387 = ITEM_DEFINED_TRANSFORMATION ( 'NONE', 'NONE', #280,  #935 ) ;
#388 = APPROVAL ( #877, 'UNKNOWN' ) ;
#389 = CARTESIAN_POINT ( 'NONE',  ( 0.1109564667602157551, 0.000000000000000000, 0.000000000000000000 ) ) ;
#390 = AXIS2_PLACEMENT_3D ( 'NONE', #1172, #1332, #531 ) ;
#391 =( NAMED_UNIT ( * ) SI_UNIT ( $, .STERADIAN. ) SOLID_ANGLE_UNIT ( ) );
#392 = APPROVAL_PERSON_ORGANIZATION ( #1308, #484, #791 ) ;
#393 = ORIENTED_EDGE ( 'NONE', *, *, #1445, .T. ) ;
#394 = PERSON_AND_ORGANIZATION ( #643, #238 ) ;
#395 = ITEM_DEFINED_TRANSFORMATION ( 'NONE', 'NONE', #32,  #935 ) ;
#396 = DIRECTION ( 'NONE',  ( -0.000000000000000000, 1.000000000000000000, -0.000000000000000000 ) ) ;
#397 = DIRECTION ( 'NONE',  ( 0.000000000000000000, 0.000000000000000000, -1.000000000000000000 ) ) ;
#398 = APPROVAL ( #1230, 'UNSPECIFIED' ) ;
#399 = APPLICATION_PROTOCOL_DEFINITION ( 'international standard', 'config_control_design', 1994, #1180 ) ;
#400 = DATE_AND_TIME ( #882, #756 ) ;
#401 = DIRECTION ( 'NONE',  ( 0.000000000000000000, 0.000000000000000000, 1.000000000000000000 ) ) ;
#402 = CC_DESIGN_PERSON_AND_ORGANIZATION_ASSIGNMENT ( #24, #732, ( #471 ) ) ;
#403 =( LENGTH_UNIT ( ) NAMED_UNIT ( * ) SI_UNIT ( .CENTI., .METRE. ) );
#404 = PERSON_AND_ORGANIZATION ( #1277, #1493 ) ;
#405 = LINE ( 'NONE', #1269, #1489 ) ;
#406 = VECTOR ( 'NONE', #410, 100.0000000000000000 ) ;
#407 =( REPRESENTATION_RELATIONSHIP ('NONE','NONE', #364, #1503 ) REPRESENTATION_RELATIONSHIP_WITH_TRANSFORMATION ( #1112 )SHAPE_REPRESENTATION_RELATIONSHIP( ) );
#408 = ORIENTED_EDGE ( 'NONE', *, *, #477, .F. ) ;
#409 = VECTOR ( 'NONE', #156, 100.0000000000000000 ) ;
#410 = DIRECTION ( 'NONE',  ( 0.000000000000000000, 0.000000000000000000, -1.000000000000000000 ) ) ;
#411 = CC_DESIGN_APPROVAL ( #870, ( #1155 ) ) ;
#412 = CC_DESIGN_SECURITY_CLASSIFICATION ( #516, ( #1644 ) ) ;
#413 = PERSON_AND_ORGANIZATION ( #1249, #475 ) ;
#414 = CALENDAR_DATE ( 2026, 11, 9 ) ;
#415 = APPROVAL_PERSON_ORGANIZATION ( #394, #908, #386 ) ;
#416 = CC_DESIGN_APPROVAL ( #68, ( #1183 ) ) ;
#417 = CC_DESIGN_SECURITY_CLASSIFICATION ( #446, ( #1662 ) ) ;
#418 = ORIENTED_EDGE ( 'NONE', *, *, #22, .F. ) ;
#419 = SECURITY_CLASSIFICATION_LEVEL ( 'unclassified' ) ;
#420 = CARTESIAN_POINT ( 'NONE',  ( 1.999999999999999778, -0.000000000000000000, -2.199999999999999734 ) ) ;
#421 = LOCAL_TIME ( 23, 42, 43.00000000000000000, #1099 ) ;
#422 = DIRECTION ( 'NONE',  ( 0.2803638829204861960, 3.433467318150966093E-17, 0.9598937926425757938 ) ) ;
#423 = PRODUCT_DEFINITION_SHAPE ( 'NONE', 'NONE',  #1653 ) ;
#424 = SECURITY_CLASSIFICATION_LEVEL ( 'unclassified' ) ;
#425 = EDGE_CURVE ( 'NONE', #164, #157, #1486, .T. ) ;
#426 = ORIENTED_EDGE ( 'NONE', *, *, #1419, .T. ) ;
#427 = DIRECTION ( 'NONE',  ( 0.000000000000000000, 0.000000000000000000, 1.000000000000000000 ) ) ;
#428 = APPROVAL_ROLE ( '' ) ;
#429 = ORIENTED_EDGE ( 'NONE', *, *, #1233, .F. ) ;
#430 = CARTESIAN_POINT ( 'NONE',  ( 0.7210120916089918230, 0.8409062464593344277, 1.458121847350323241 ) ) ;
#431 =( NAMED_UNIT ( * ) SI_UNIT ( $, .STERADIAN. ) SOLID_ANGLE_UNIT ( ) );
#432 =( REPRESENTATION_RELATIONSHIP ('NONE','NONE', #364, #1503 ) REPRESENTATION_RELATIONSHIP_WITH_TRANSFORMATION ( #967 )SHAPE_REPRESENTATION_RELATIONSHIP( ) );
#433 = COORDINATED_UNIVERSAL_TIME_OFFSET ( 8, 0, .BEHIND. ) ;
#434 = ORIENTED_EDGE ( 'NONE', *, *, #1136, .T. ) ;
#435 = DATE_AND_TIME ( #56, #443 ) ;
#436 = APPROVAL ( #998, 'UNKNOWN' ) ;
#437 = PERSON ( 'NAUO-PER23', 'UNSPECIFIED', 'UNSPECIFIED', ('UNSPECIFIED'), ('UNSPECIFIED'), ('UNSPECIFIED') ) ;
#438 = LINE ( 'NONE', #1349, #1256 ) ;
#439 = CIRCLE ( 'NONE', #1377, 0.04555000000000002103 ) ;
#440 = CARTESIAN_POINT ( 'NONE',  ( 0.7210120916089918230, 0.8409062464593344277, 1.858121847350323375 ) ) ;
#441 = PERSON ( 'NAUO-PER3', 'UNSPECIFIED', 'UNSPECIFIED', ('UNSPECIFIED'), ('UNSPECIFIED'), ('UNSPECIFIED') ) ;
#442 = ITEM_DEFINED_TRANSFORMATION ( 'NONE', 'NONE', #198,  #935 ) ;
#443 = LOCAL_TIME ( 23, 42, 43.00000000000000000, #553 ) ;
#444 = EDGE_LOOP ( 'NONE', ( #1480, #35, #928, #130, #310, #692, #1596, #1073 ) ) ;
#445 = ORGANIZATION ( 'NAUO-ORG13', 'UNSPECIFIED', 'UNSPECIFIED' ) ;
#446 = SECURITY_CLASSIFICATION ( '', '', #716 ) ;
#447 = CARTESIAN_POINT ( 'NONE',  ( 0.000000000000000000, 0.4500000000000000666, -1.999999999999999778 ) ) ;
#448 = CALENDAR_DATE ( 2026, 11, 9 ) ;
#449 = PERSON_AND_ORGANIZATION ( #1249, #475 ) ;
#450 = VERTEX_POINT ( 'NONE', #926 ) ;
#451 = CARTESIAN_POINT ( 'NONE',  ( 0.3210120916089918564, 0.8409062464593344277, 1.458121847350323241 ) ) ;
#452 = CC_DESIGN_SECURITY_CLASSIFICATION ( #546, ( #1275 ) ) ;
#453 = CC_DESIGN_PERSON_AND_ORGANIZATION_ASSIGNMENT ( #596, #1242, ( #1083 ) ) ;
#454 = ORIENTED_EDGE ( 'NONE', *, *, #42, .F. ) ;
#455 = CALENDAR_DATE ( 2026, 11, 9 ) ;
#456 = DIRECTION ( 'NONE',  ( 0.000000000000000000, 0.000000000000000000, -1.000000000000000000 ) ) ;
#457 = APPROVAL_ROLE ( '' ) ;
#458 = ORIENTED_EDGE ( 'NONE', *, *, #594, .F. ) ;
#459 = DIRECTION ( 'NONE',  ( 0.2803638829204861960, 3.433467318150966093E-17, 0.9598937926425757938 ) ) ;
#460 = CIRCLE ( 'NONE', #1396, 0.04825586317211318088 ) ;
#461 = CALENDAR_DATE ( 2026, 11, 9 ) ;
#462 = SECURITY_CLASSIFICATION_LEVEL ( 'unclassified' ) ;
#463 = CARTESIAN_POINT ( 'NONE',  ( 0.000000000000000000, 0.2500000000000000000, -2.000000000000000000 ) ) ;
#464 = COORDINATED_UNIVERSAL_TIME_OFFSET ( 8, 0, .BEHIND. ) ;
#465 = CIRCLE ( 'NONE', #1402, 0.2000000000000001776 ) ;
#466 = EDGE_LOOP ( 'NONE', ( #1188, #1280, #1064, #1319 ) ) ;
#467 =( REPRESENTATION_RELATIONSHIP ('NONE','NONE', #364, #1503 ) REPRESENTATION_RELATIONSHIP_WITH_TRANSFORMATION ( #1375 )SHAPE_REPRESENTATION_RELATIONSHIP( ) );
#468 = PERSON_AND_ORGANIZATION_ROLE ( 'classification_officer' ) ;
#469 = CONTEXT_DEPENDENT_SHAPE_REPRESENTATION ( #161, #1054 ) ;
#470 = CYLINDRICAL_SURFACE ( 'NONE', #230, 0.2000000000000001776 ) ;
#471 = SECURITY_CLASSIFICATION ( '', '', #424 ) ;
#472 = DATE_TIME_ROLE ( 'creation_date' ) ;
#473 = SHAPE_REPRESENTATION ( 'MNbase', ( #935 ), #800 ) ;
#474 = CC_DESIGN_SECURITY_CLASSIFICATION ( #1000, ( #1651 ) ) ;
#475 = ORGANIZATION ( 'UNSPECIFIED', 'UNSPECIFIED', '' ) ;
#476 = DATE_AND_TIME ( #710, #1355 ) ;
#477 = EDGE_CURVE ( 'NONE', #1476, #678, #69, .T. ) ;
#478 = DIRECTION ( 'NONE',  ( -0.000000000000000000, 1.000000000000000000, -0.000000000000000000 ) ) ;
#479 = APPROVAL_ROLE ( '' ) ;
#480 = APPROVAL_DATE_TIME ( #136, #1589 ) ;
#481 = SECURITY_CLASSIFICATION_LEVEL ( 'unclassified' ) ;
#482 = APPROVAL_STATUS ( 'not_yet_approved' ) ;
#483 = FACE_OUTER_BOUND ( 'NONE', #1232, .T. ) ;
#484 = APPROVAL ( #1304, 'UNKNOWN' ) ;
#485 = APPROVAL_DATE_TIME ( #1247, #1284 ) ;
#486 = SECURITY_CLASSIFICATION_LEVEL ( 'unclassified' ) ;
#487 = VECTOR ( 'NONE', #1008, 100.0000000000000000 ) ;
#488 = PLANE ( 'NONE',  #509 ) ;
#489 = APPROVAL_STATUS ( 'not_yet_approved' ) ;
#490 = APPROVAL_PERSON_ORGANIZATION ( #404, #1429, #685 ) ;
#491 = FACE_OUTER_BOUND ( 'NONE', #40, .T. ) ;
#492 =( REPRESENTATION_RELATIONSHIP ('NONE','NONE', #364, #1503 ) REPRESENTATION_RELATIONSHIP_WITH_TRANSFORMATION ( #345 )SHAPE_REPRESENTATION_RELATIONSHIP( ) );
#493 = APPROVAL_PERSON_ORGANIZATION ( #1409, #346, #768 ) ;
#494 = ORGANIZATION ( 'NAUO-ORG23', 'UNSPECIFIED', 'UNSPECIFIED' ) ;
#495 = PRODUCT_DEFINITION ( 'UNKNOWN', '', #1222, #1119 ) ;
#496 = CALENDAR_DATE ( 2026, 11, 9 ) ;
#497 = ITEM_DEFINED_TRANSFORMATION ( 'NONE', 'NONE', #752,  #935 ) ;
#498 = CARTESIAN_POINT ( 'NONE',  ( 0.000000000000000000, 0.2500000000000000000, -2.000000000000000000 ) ) ;
#499 = FACE_OUTER_BOUND ( 'NONE', #444, .T. ) ;
#500 = CC_DESIGN_DATE_AND_TIME_ASSIGNMENT ( #228, #1469, ( #446 ) ) ;
#501 = CC_DESIGN_DATE_AND_TIME_ASSIGNMENT ( #985, #79, ( #290 ) ) ;
#502 = DATE_AND_TIME ( #1527, #807 ) ;
#503 = LINE ( 'NONE', #262, #1313 ) ;
#504 = LINE ( 'NONE', #897, #1166 ) ;
#505 = PRODUCT ( 'MN2', 'MN2', '', ( #1167 ) ) ;
#506 = PERSON_AND_ORGANIZATION ( #1109, #711 ) ;
#507 = EDGE_CURVE ( 'NONE', #164, #681, #339, .T. ) ;
#508 = DATE_AND_TIME ( #1392, #709 ) ;
#509 = AXIS2_PLACEMENT_3D ( 'NONE', #1107, #606, #1388 ) ;
#510 = DIRECTION ( 'NONE',  ( -0.9239195927440781997, 4.685335825556203156E-17, -0.3825867040862979684 ) ) ;
#511 = AXIS2_PLACEMENT_3D ( 'NONE', #141, #1310, #1608 ) ;
#512 =( REPRESENTATION_RELATIONSHIP ('NONE','NONE', #364, #1503 ) REPRESENTATION_RELATIONSHIP_WITH_TRANSFORMATION ( #497 )SHAPE_REPRESENTATION_RELATIONSHIP( ) );
#513 = PERSON ( 'NAUO-PER7', 'UNSPECIFIED', 'UNSPECIFIED', ('UNSPECIFIED'), ('UNSPECIFIED'), ('UNSPECIFIED') ) ;
#514 = CC_DESIGN_PERSON_AND_ORGANIZATION_ASSIGNMENT ( #927, #612, ( #124 ) ) ;
#515 = CARTESIAN_POINT ( 'NONE',  ( 2.000000000000000000, 0.000000000000000000, 0.000000000000000000 ) ) ;
#516 = SECURITY_CLASSIFICATION ( '', '', #1360 ) ;
#517 = CC_DESIGN_APPROVAL ( #189, ( #123 ) ) ;
#518 = CC_DESIGN_SECURITY_CLASSIFICATION ( #811, ( #1665 ) ) ;
#519 = SHAPE_DEFINITION_REPRESENTATION ( #212, #1503 ) ;
#520 = CC_DESIGN_DATE_AND_TIME_ASSIGNMENT ( #94, #1509, ( #376 ) ) ;
#521 = SECURITY_CLASSIFICATION_LEVEL ( 'unclassified' ) ;
#522 = CARTESIAN_POINT ( 'NONE',  ( -0.2000000000000000111, 0.4500000000000000666, 0.000000000000000000 ) ) ;
#523 = APPROVAL_PERSON_ORGANIZATION ( #195, #930, #702 ) ;
#524 = ORIENTED_EDGE ( 'NONE', *, *, #1342, .T. ) ;
#525 = DIRECTION ( 'NONE',  ( 0.000000000000000000, 0.000000000000000000, -1.000000000000000000 ) ) ;
#526 = CARTESIAN_POINT ( 'NONE',  ( 2.199999999999999734, 0.000000000000000000, 0.000000000000000000 ) ) ;
#527 = CIRCLE ( 'NONE', #750, 0.04555000000000002103 ) ;
#528 = APPROVAL_STATUS ( 'not_yet_approved' ) ;
#529 = CARTESIAN_POINT ( 'NONE',  ( 2.199999999999999734, 0.4500000000000000666, -1.999999999999999778 ) ) ;
#530 = AXIS2_PLACEMENT_3D ( 'NONE', #544, #1053, #456 ) ;
#531 = DIRECTION ( 'NONE',  ( -1.224646799147356165E-16, 1.000000000000000000, 9.737627722079633203E-32 ) ) ;
#532 = PRODUCT_DEFINITION_SHAPE ( 'NONE', 'NONE',  #1659 ) ;
#533 = ORIENTED_EDGE ( 'NONE', *, *, #1579, .F. ) ;
#534 = CALENDAR_DATE ( 2026, 11, 9 ) ;
#535 = AXIS2_PLACEMENT_3D ( 'NONE', #952, #1446, #75 ) ;
#536 = LINE ( 'NONE', #1604, #1617 ) ;
#537 = VECTOR ( 'NONE', #857, 100.0000000000000000 ) ;
#538 = ORGANIZATION ( 'NAUO-ORG16', 'UNSPECIFIED', 'UNSPECIFIED' ) ;
#539 =( REPRESENTATION_RELATIONSHIP ('NONE','NONE', #364, #1503 ) REPRESENTATION_RELATIONSHIP_WITH_TRANSFORMATION ( #223 )SHAPE_REPRESENTATION_RELATIONSHIP( ) );
#540 = APPROVAL_PERSON_ORGANIZATION ( #733, #1321, #1228 ) ;
#541 = EDGE_CURVE ( 'NONE', #551, #686, #465, .T. ) ;
#542 = ORIENTED_EDGE ( 'NONE', *, *, #617, .F. ) ;
#543 = ITEM_DEFINED_TRANSFORMATION ( 'NONE', 'NONE', #1619,  #935 ) ;
#544 = CARTESIAN_POINT ( 'NONE',  ( 0.000000000000000000, 0.000000000000000000, 0.000000000000000000 ) ) ;
#545 = ORIENTED_EDGE ( 'NONE', *, *, #1445, .F. ) ;
#546 = SECURITY_CLASSIFICATION ( '', '', #835 ) ;
#547 = DIRECTION ( 'NONE',  ( 0.2803638829204861960, 3.433467318150966093E-17, 0.9598937926425757938 ) ) ;
#548 = CC_DESIGN_PERSON_AND_ORGANIZATION_ASSIGNMENT ( #14, #1438, ( #1153 ) ) ;
#549 = CC_DESIGN_DATE_AND_TIME_ASSIGNMENT ( #1176, #19, ( #143 ) ) ;
#550 = ITEM_DEFINED_TRANSFORMATION ( 'NONE', 'NONE', #1536,  #935 ) ;
#551 = VERTEX_POINT ( 'NONE', #420 ) ;
#552 = APPLICATION_CONTEXT ( 'configuration controlled 3d designs of mechanical parts and assemblies' ) ;
#553 = COORDINATED_UNIVERSAL_TIME_OFFSET ( 8, 0, .BEHIND. ) ;
#554 = FACE_BOUND ( 'NONE', #824, .T. ) ;
#555 = ORIENTED_EDGE ( 'NONE', *, *, #1579, .T. ) ;
#556 = DIRECTION ( 'NONE',  ( -1.224646799147356165E-16, 1.000000000000000000, 9.737627722079633203E-32 ) ) ;
#557 = PERSON_AND_ORGANIZATION ( #739, #538 ) ;
#558 = VERTEX_POINT ( 'NONE', #1317 ) ;
#559 = APPROVAL_ROLE ( '' ) ;
#560 = CARTESIAN_POINT ( 'NONE',  ( 0.000000000000000000, 0.2500000000000000000, -2.000000000000000000 ) ) ;
#561 = PERSON_AND_ORGANIZATION_ROLE ( 'creator' ) ;
#562 = DATE_AND_TIME ( #1210, #625 ) ;
#563 = EDGE_LOOP ( 'NONE', ( #1051, #327, #1463 ) ) ;
#564 = AXIS2_PLACEMENT_3D ( 'NONE', #1034, #396, #128 ) ;
#565 = APPROVAL ( #268, 'UNSPECIFIED' ) ;
#566 = ADVANCED_FACE ( 'NONE', ( #184 ), #1068, .T. ) ;
#567 = DATE_TIME_ROLE ( 'classification_date' ) ;
#568 = SECURITY_CLASSIFICATION ( '', '', #521 ) ;
#569 = APPROVAL_PERSON_ORGANIZATION ( #679, #1550, #559 ) ;
#570 = EDGE_LOOP ( 'NONE', ( #533, #1192, #657, #542 ) ) ;
#571 = LOCAL_TIME ( 23, 42, 43.00000000000000000, #1496 ) ;
#572 = DATE_AND_TIME ( #361, #623 ) ;
#573 = CALENDAR_DATE ( 2026, 11, 9 ) ;
#574 = DIRECTION ( 'NONE',  ( 0.000000000000000000, 0.000000000000000000, -1.000000000000000000 ) ) ;
#575 = DATE_AND_TIME ( #321, #1526 ) ;
#576 = EDGE_LOOP ( 'NONE', ( #271, #47 ) ) ;
#577 = CARTESIAN_POINT ( 'NONE',  ( 0.7210120916089918230, 0.8409062464593344277, 1.058121847350323330 ) ) ;
#578 = CC_DESIGN_SECURITY_CLASSIFICATION ( #1083, ( #1642 ) ) ;
#579 = COORDINATED_UNIVERSAL_TIME_OFFSET ( 8, 0, .BEHIND. ) ;
#580 = PRODUCT_DEFINITION_SHAPE ( 'NONE', 'NONE',  #1646 ) ;
#581 = DATE_TIME_ROLE ( 'classification_date' ) ;
#582 = FACE_OUTER_BOUND ( 'NONE', #1041, .T. ) ;
#583 = APPROVAL_STATUS ( 'not_yet_approved' ) ;
#584 = COORDINATED_UNIVERSAL_TIME_OFFSET ( 8, 0, .BEHIND. ) ;
#585 = VERTEX_POINT ( 'NONE', #57 ) ;
#586 = DIRECTION ( 'NONE',  ( 0.2803638829204861960, 3.433467318150966093E-17, 0.9598937926425757938 ) ) ;
#587 = COORDINATED_UNIVERSAL_TIME_OFFSET ( 8, 0, .BEHIND. ) ;
#588 = FACE_OUTER_BOUND ( 'NONE', #1055, .T. ) ;
#589 = PERSON ( 'NAUO-PER21', 'UNSPECIFIED', 'UNSPECIFIED', ('UNSPECIFIED'), ('UNSPECIFIED'), ('UNSPECIFIED') ) ;
#590 = VERTEX_POINT ( 'NONE', #560 ) ;
#591 =( REPRESENTATION_RELATIONSHIP ('NONE','NONE', #364, #1503 ) REPRESENTATION_RELATIONSHIP_WITH_TRANSFORMATION ( #1442 )SHAPE_REPRESENTATION_RELATIONSHIP( ) );
#592 = AXIS2_PLACEMENT_3D ( 'NONE', #382, #148, #279 ) ;
#593 = AXIS2_PLACEMENT_3D ( 'NONE', #313, #839, #302 ) ;
#594 = EDGE_CURVE ( 'NONE', #300, #317, #798, .T. ) ;
#595 = PERSON ( 'NAUO-PER10', 'UNSPECIFIED', 'UNSPECIFIED', ('UNSPECIFIED'), ('UNSPECIFIED'), ('UNSPECIFIED') ) ;
#596 = PERSON_AND_ORGANIZATION ( #1576, #715 ) ;
#597 = PERSON_AND_ORGANIZATION_ROLE ( 'classification_officer' ) ;
#598 = APPROVAL_PERSON_ORGANIZATION ( #215, #1212, #965 ) ;
#599 = DIRECTION ( 'NONE',  ( 0.000000000000000000, 0.000000000000000000, -1.000000000000000000 ) ) ;
#600 = LOCAL_TIME ( 23, 42, 43.00000000000000000, #748 ) ;
#601 = PERSON_AND_ORGANIZATION ( #1249, #475 ) ;
#602 =( REPRESENTATION_RELATIONSHIP ('NONE','NONE', #364, #1503 ) REPRESENTATION_RELATIONSHIP_WITH_TRANSFORMATION ( #118 )SHAPE_REPRESENTATION_RELATIONSHIP( ) );
#603 = APPROVAL_DATE_TIME ( #85, #818 ) ;
#604 = CC_DESIGN_PERSON_AND_ORGANIZATION_ASSIGNMENT ( #1409, #1127, ( #1216 ) ) ;
#605 = DATE_TIME_ROLE ( 'classification_date' ) ;
#606 = DIRECTION ( 'NONE',  ( -1.000000000000000000, 0.000000000000000000, 0.000000000000000000 ) ) ;
#607 = PERSON_AND_ORGANIZATION_ROLE ( 'classification_officer' ) ;
#608 = AXIS2_PLACEMENT_3D ( 'NONE', #1453, #1582, #166 ) ;
#609 = APPROVAL_ROLE ( '' ) ;
#610 = COORDINATED_UNIVERSAL_TIME_OFFSET ( 8, 0, .BEHIND. ) ;
#611 = DIRECTION ( 'NONE',  ( 0.000000000000000000, -1.000000000000000000, 0.000000000000000000 ) ) ;
#612 = PERSON_AND_ORGANIZATION_ROLE ( 'design_owner' ) ;
#613 = CC_DESIGN_PERSON_AND_ORGANIZATION_ASSIGNMENT ( #215, #95, ( #236 ) ) ;
#614 = ITEM_DEFINED_TRANSFORMATION ( 'NONE', 'NONE', #314,  #935 ) ;
#615 =( GEOMETRIC_REPRESENTATION_CONTEXT ( 3 ) GLOBAL_UNCERTAINTY_ASSIGNED_CONTEXT ( ( #113 ) ) GLOBAL_UNIT_ASSIGNED_CONTEXT ( ( #1300, #684, #431 ) ) REPRESENTATION_CONTEXT ( 'NONE', 'WORKASPACE' ) );
#616 = CIRCLE ( 'NONE', #1146, 0.2000000000000000111 ) ;
#617 = EDGE_CURVE ( 'NONE', #1615, #1560, #712, .T. ) ;
#618 = COORDINATED_UNIVERSAL_TIME_OFFSET ( 8, 0, .BEHIND. ) ;
#619 = CARTESIAN_POINT ( 'NONE',  ( 0.000000000000000000, 0.000000000000000000, -2.000000000000000000 ) ) ;
#620 = CC_DESIGN_SECURITY_CLASSIFICATION ( #1353, ( #1654 ) ) ;
#621 = CC_DESIGN_PERSON_AND_ORGANIZATION_ASSIGNMENT ( #733, #1359, ( #290 ) ) ;
#622 = SECURITY_CLASSIFICATION ( '', '', #1042 ) ;
#623 = LOCAL_TIME ( 23, 42, 43.00000000000000000, #106 ) ;
#624 = CALENDAR_DATE ( 2026, 11, 9 ) ;
#625 = LOCAL_TIME ( 23, 42, 43.00000000000000000, #584 ) ;
#626 = DATE_AND_TIME ( #115, #1494 ) ;
#627 = CYLINDRICAL_SURFACE ( 'NONE', #368, 0.2000000000000000111 ) ;
#628 =( REPRESENTATION_RELATIONSHIP ('NONE','NONE', #364, #1503 ) REPRESENTATION_RELATIONSHIP_WITH_TRANSFORMATION ( #964 )SHAPE_REPRESENTATION_RELATIONSHIP( ) );
#629 = ADVANCED_FACE ( 'NONE', ( #582 ), #488, .F. ) ;
#630 = CARTESIAN_POINT ( 'NONE',  ( 0.000000000000000000, 0.4500000000000000666, 0.000000000000000000 ) ) ;
#631 = SECURITY_CLASSIFICATION_LEVEL ( 'unclassified' ) ;
#632 = APPROVAL_DATE_TIME ( #132, #1019 ) ;
#633 = CC_DESIGN_PERSON_AND_ORGANIZATION_ASSIGNMENT ( #219, #721, ( #1275 ) ) ;
#634 = DIRECTION ( 'NONE',  ( 1.000000000000000000, 0.000000000000000000, -0.000000000000000000 ) ) ;
#635 = CYLINDRICAL_SURFACE ( 'NONE', #247, 0.2000000000000001776 ) ;
#636 =( NAMED_UNIT ( * ) PLANE_ANGLE_UNIT ( ) SI_UNIT ( $, .RADIAN. ) );
#637 = APPROVAL_STATUS ( 'not_yet_approved' ) ;
#638 = ADVANCED_FACE ( 'NONE', ( #90 ), #1238, .F. ) ;
#639 = PERSON_AND_ORGANIZATION ( #1249, #475 ) ;
#640 = PERSON_AND_ORGANIZATION_ROLE ( 'classification_officer' ) ;
#641 = CIRCLE ( 'NONE', #564, 0.2000000000000001776 ) ;
#642 = DIRECTION ( 'NONE',  ( 0.000000000000000000, 0.000000000000000000, 1.000000000000000000 ) ) ;
#643 = PERSON ( 'NAUO-PER25', 'UNSPECIFIED', 'UNSPECIFIED', ('UNSPECIFIED'), ('UNSPECIFIED'), ('UNSPECIFIED') ) ;
#644 = CC_DESIGN_APPROVAL ( #388, ( #1353 ) ) ;
#645 = APPROVAL_PERSON_ORGANIZATION ( #200, #818, #1344 ) ;
#646 = DATE_TIME_ROLE ( 'creation_date' ) ;
#647 = CALENDAR_DATE ( 2026, 11, 9 ) ;
#648 = APPROVAL ( #991, 'UNKNOWN' ) ;
#649 = LINE ( 'NONE', #526, #838 ) ;
#650 = LOCAL_TIME ( 23, 42, 43.00000000000000000, #144 ) ;
#651 = CARTESIAN_POINT ( 'NONE',  ( 0.1109564667602157551, 0.000000000000000000, 0.002309798981860196072 ) ) ;
#652 =( REPRESENTATION_RELATIONSHIP ('NONE','NONE', #364, #1503 ) REPRESENTATION_RELATIONSHIP_WITH_TRANSFORMATION ( #48 )SHAPE_REPRESENTATION_RELATIONSHIP( ) );
#653 =( NAMED_UNIT ( * ) PLANE_ANGLE_UNIT ( ) SI_UNIT ( $, .RADIAN. ) );
#654 = DATE_TIME_ROLE ( 'classification_date' ) ;
#655 = SECURITY_CLASSIFICATION_LEVEL ( 'unclassified' ) ;
#656 = VECTOR ( 'NONE', #1294, 100.0000000000000000 ) ;
#657 = ORIENTED_EDGE ( 'NONE', *, *, #1624, .F. ) ;
#658 = PERSON_AND_ORGANIZATION ( #888, #907 ) ;
#659 = LINE ( 'NONE', #1209, #251 ) ;
#660 = LINE ( 'NONE', #31, #1124 ) ;
#661 = CC_DESIGN_PERSON_AND_ORGANIZATION_ASSIGNMENT ( #101, #1638, ( #1222 ) ) ;
#662 = EDGE_CURVE ( 'NONE', #1492, #322, #1534, .T. ) ;
#663 = DIRECTION ( 'NONE',  ( -1.224646799147356165E-16, 1.000000000000000000, 9.737627722079633203E-32 ) ) ;
#664 = PERSON_AND_ORGANIZATION_ROLE ( 'classification_officer' ) ;
#665 = PRODUCT_DEFINITION_SHAPE ( 'NONE', 'NONE',  #1650 ) ;
#666 = ORIENTED_EDGE ( 'NONE', *, *, #1013, .F. ) ;
#667 = CALENDAR_DATE ( 2026, 11, 9 ) ;
#668 = APPROVAL ( #372, 'UNKNOWN' ) ;
#669 = AXIS2_PLACEMENT_3D ( 'NONE', #1430, #16, #675 ) ;
#670 = CARTESIAN_POINT ( 'NONE',  ( 0.000000000000000000, 0.000000000000000000, 0.000000000000000000 ) ) ;
#671 = VERTEX_POINT ( 'NONE', #969 ) ;
#672 = CC_DESIGN_PERSON_AND_ORGANIZATION_ASSIGNMENT ( #6, #1011, ( #208 ) ) ;
#673 = DIRECTION ( 'NONE',  ( -1.224646799147356165E-16, 1.000000000000000000, 9.737627722079633203E-32 ) ) ;
#674 = CC_DESIGN_APPROVAL ( #851, ( #975 ) ) ;
#675 = DIRECTION ( 'NONE',  ( -1.224646799147356165E-16, 1.000000000000000000, 9.737627722079633203E-32 ) ) ;
#676 = APPROVAL_DATE_TIME ( #155, #93 ) ;
#677 = ORGANIZATION ( 'NAUO-ORG10', 'UNSPECIFIED', 'UNSPECIFIED' ) ;
#678 = VERTEX_POINT ( 'NONE', #727 ) ;
#679 = PERSON_AND_ORGANIZATION ( #227, #1046 ) ;
#680 = CARTESIAN_POINT ( 'NONE',  ( 0.000000000000000000, 0.2500000000000000000, 0.000000000000000000 ) ) ;
#681 = VERTEX_POINT ( 'NONE', #1221 ) ;
#682 = DIRECTION ( 'NONE',  ( -1.224646799147356165E-16, 1.000000000000000000, 9.737627722079633203E-32 ) ) ;
#683 = PRODUCT_DEFINITION_SHAPE ( 'NONE', 'NONE',  #1663 ) ;
#684 =( NAMED_UNIT ( * ) PLANE_ANGLE_UNIT ( ) SI_UNIT ( $, .RADIAN. ) );
#685 = APPROVAL_ROLE ( '' ) ;
#686 = VERTEX_POINT ( 'NONE', #224 ) ;
#687 = COORDINATED_UNIVERSAL_TIME_OFFSET ( 8, 0, .BEHIND. ) ;
#688 = CC_DESIGN_PERSON_AND_ORGANIZATION_ASSIGNMENT ( #961, #203, ( #1299 ) ) ;
#689 = CONICAL_SURFACE ( 'NONE', #1551, 41.40909090909092072, 0.3925943860341560843 ) ;
#690 = CARTESIAN_POINT ( 'NONE',  ( 0.1109564667602157551, 0.000000000000000000, 0.000000000000000000 ) ) ;
#691 = PERSON_AND_ORGANIZATION_ROLE ( 'design_supplier' ) ;
#692 = ORIENTED_EDGE ( 'NONE', *, *, #1624, .T. ) ;
#693 = SHAPE_REPRESENTATION_RELATIONSHIP ( 'NONE' , 'NONE' ,  #1503, #274 ) ;
#694 = EDGE_CURVE ( 'NONE', #196, #300, #874, .T. ) ;
#695 = CC_DESIGN_PERSON_AND_ORGANIZATION_ASSIGNMENT ( #394, #1405, ( #240 ) ) ;
#696 = CALENDAR_DATE ( 2026, 11, 9 ) ;
#697 = ORIENTED_EDGE ( 'NONE', *, *, #1342, .F. ) ;
#698 = APPROVAL_DATE_TIME ( #1387, #648 ) ;
#699 = FACE_OUTER_BOUND ( 'NONE', #1225, .T. ) ;
#700 = PRODUCT_DEFINITION_SHAPE ( 'NONE', 'NONE',  #1661 ) ;
#701 = APPROVAL_DATE_TIME ( #58, #1236 ) ;
#702 = APPROVAL_ROLE ( '' ) ;
#703 = AXIS2_PLACEMENT_3D ( 'NONE', #430, #41, #332 ) ;
#704 = VECTOR ( 'NONE', #510, 100.0000000000000000 ) ;
#705 = CARTESIAN_POINT ( 'NONE',  ( -0.4789879083910081325, 0.8409062464593344277, 1.858121847350323375 ) ) ;
#706 = CONTEXT_DEPENDENT_SHAPE_REPRESENTATION ( #492, #1204 ) ;
#707 = LOCAL_TIME ( 23, 42, 43.00000000000000000, #1448 ) ;
#708 = LOCAL_TIME ( 23, 42, 43.00000000000000000, #1062 ) ;
#709 = LOCAL_TIME ( 23, 42, 43.00000000000000000, #873 ) ;
#710 = CALENDAR_DATE ( 2026, 11, 9 ) ;
#711 = ORGANIZATION ( 'NAUO-ORG22', 'UNSPECIFIED', 'UNSPECIFIED' ) ;
#712 = LINE ( 'NONE', #1361, #65 ) ;
#713 = ORIENTED_EDGE ( 'NONE', *, *, #1497, .F. ) ;
#714 = DIRECTION ( 'NONE',  ( -1.224646799147356165E-16, 1.000000000000000000, 9.737627722079633203E-32 ) ) ;
#715 = ORGANIZATION ( 'NAUO-ORG1', 'UNSPECIFIED', 'UNSPECIFIED' ) ;
#716 = SECURITY_CLASSIFICATION_LEVEL ( 'unclassified' ) ;
#717 = PRODUCT_DEFINITION_SHAPE ( 'NONE', 'NONE',  #1657 ) ;
#718 = COORDINATED_UNIVERSAL_TIME_OFFSET ( 8, 0, .BEHIND. ) ;
#719 = CARTESIAN_POINT ( 'NONE',  ( 0.000000000000000000, 0.2500000000000000000, 0.000000000000000000 ) ) ;
#720 = PERSON_AND_ORGANIZATION ( #1249, #475 ) ;
#721 = PERSON_AND_ORGANIZATION_ROLE ( 'creator' ) ;
#722 = ORIENTED_EDGE ( 'NONE', *, *, #308, .T. ) ;
#723 =( REPRESENTATION_RELATIONSHIP ('NONE','NONE', #364, #1503 ) REPRESENTATION_RELATIONSHIP_WITH_TRANSFORMATION ( #1010 )SHAPE_REPRESENTATION_RELATIONSHIP( ) );
#724 = APPROVAL_STATUS ( 'not_yet_approved' ) ;
#725 = DATE_TIME_ROLE ( 'classification_date' ) ;
#726 = SECURITY_CLASSIFICATION_LEVEL ( 'unclassified' ) ;
#727 = CARTESIAN_POINT ( 'NONE',  ( 2.000000000000000000, 0.000000000000000000, -2.000000000000000000 ) ) ;
#728 = CALENDAR_DATE ( 2026, 11, 9 ) ;
#729 = VECTOR ( 'NONE', #896, 100.0000000000000000 ) ;
#730 = CC_DESIGN_PERSON_AND_ORGANIZATION_ASSIGNMENT ( #895, #640, ( #1353 ) ) ;
#731 = CIRCLE ( 'NONE', #1213, 0.2000000000000000111 ) ;
#732 = PERSON_AND_ORGANIZATION_ROLE ( 'classification_officer' ) ;
#733 = PERSON_AND_ORGANIZATION ( #979, #260 ) ;
#734 = SECURITY_CLASSIFICATION ( '', '', #925 ) ;
#735 = LINE ( 'NONE', #1246, #1040 ) ;
#736 = LOCAL_TIME ( 23, 42, 43.00000000000000000, #1266 ) ;
#737 = DATE_AND_TIME ( #1117, #1567 ) ;
#738 = ORGANIZATION ( 'NAUO-ORG24', 'UNSPECIFIED', 'UNSPECIFIED' ) ;
#739 = PERSON ( 'NAUO-PER16', 'UNSPECIFIED', 'UNSPECIFIED', ('UNSPECIFIED'), ('UNSPECIFIED'), ('UNSPECIFIED') ) ;
#740 = APPROVAL_PERSON_ORGANIZATION ( #867, #1284, #479 ) ;
#741 = APPROVAL_DATE_TIME ( #989, #1162 ) ;
#742 = DATE_TIME_ROLE ( 'classification_date' ) ;
#743 = DIRECTION ( 'NONE',  ( 1.000000000000000000, 0.000000000000000000, 0.000000000000000000 ) ) ;
#744 = PRODUCT_RELATED_PRODUCT_CATEGORY ( 'detail', '', ( #505 ) ) ;
#745 = COORDINATED_UNIVERSAL_TIME_OFFSET ( 8, 0, .BEHIND. ) ;
#746 = COORDINATED_UNIVERSAL_TIME_OFFSET ( 8, 0, .BEHIND. ) ;
#747 = CC_DESIGN_DATE_AND_TIME_ASSIGNMENT ( #997, #1414, ( #811 ) ) ;
#748 = COORDINATED_UNIVERSAL_TIME_OFFSET ( 8, 0, .BEHIND. ) ;
#749 = CARTESIAN_POINT ( 'NONE',  ( 0.000000000000000000, 0.2500000000000000000, -2.199999999999999734 ) ) ;
#750 = AXIS2_PLACEMENT_3D ( 'NONE', #670, #1177, #38 ) ;
#751 = SECURITY_CLASSIFICATION_LEVEL ( 'unclassified' ) ;
#752 = AXIS2_PLACEMENT_3D ( 'NONE', #829, #1575, #1094 ) ;
#753 = VECTOR ( 'NONE', #775, 100.0000000000000000 ) ;
#754 = APPROVAL_ROLE ( '' ) ;
#755 = CARTESIAN_POINT ( 'NONE',  ( 0.000000000000000000, 0.000000000000000000, 0.000000000000000000 ) ) ;
#756 = LOCAL_TIME ( 23, 42, 43.00000000000000000, #1259 ) ;
#757 = LOCAL_TIME ( 23, 42, 43.00000000000000000, #1348 ) ;
#758 = CARTESIAN_POINT ( 'NONE',  ( 2.000000000000000000, 0.2500000000000000000, -2.000000000000000000 ) ) ;
#759 = SECURITY_CLASSIFICATION_LEVEL ( 'unclassified' ) ;
#760 = LOCAL_TIME ( 23, 42, 43.00000000000000000, #987 ) ;
#761 = DATE_TIME_ROLE ( 'classification_date' ) ;
#762 = FACE_OUTER_BOUND ( 'NONE', #1583, .T. ) ;
#763 = ADVANCED_FACE ( 'NONE', ( #1621 ), #244, .T. ) ;
#764 = LINE ( 'NONE', #515, #1428 ) ;
#765 = COORDINATED_UNIVERSAL_TIME_OFFSET ( 8, 0, .BEHIND. ) ;
#766 = UNCERTAINTY_MEASURE_WITH_UNIT (LENGTH_MEASURE( 1.000000000000000082E-05 ), #403, 'distance_accuracy_value', 'NONE');
#767 = PERSON_AND_ORGANIZATION_ROLE ( 'creator' ) ;
#768 = APPROVAL_ROLE ( '' ) ;
#769 = DIRECTION ( 'NONE',  ( 1.000000000000000000, 0.000000000000000000, -0.000000000000000000 ) ) ;
#770 = DIRECTION ( 'NONE',  ( -0.9239195927440781997, 0.000000000000000000, 0.3825867040862979684 ) ) ;
#771 = CC_DESIGN_DATE_AND_TIME_ASSIGNMENT ( #795, #53, ( #1075 ) ) ;
#772 = PERSON_AND_ORGANIZATION_ROLE ( 'creator' ) ;
#773 = APPROVAL_DATE_TIME ( #315, #189 ) ;
#774 = CONICAL_SURFACE ( 'NONE', #996, 41.40909090909092072, 0.3925943860341560843 ) ;
#775 = DIRECTION ( 'NONE',  ( -0.000000000000000000, -1.000000000000000000, -0.000000000000000000 ) ) ;
#776 = ORIENTED_EDGE ( 'NONE', *, *, #821, .T. ) ;
#777 = ORGANIZATION ( 'NAUO-ORG15', 'UNSPECIFIED', 'UNSPECIFIED' ) ;
#778 = CARTESIAN_POINT ( 'NONE',  ( 2.199999999999999734, 0.4500000000000000666, 0.000000000000000000 ) ) ;
#779 = CC_DESIGN_SECURITY_CLASSIFICATION ( #806, ( #1645 ) ) ;
#780 = ORGANIZATION ( 'NAUO-ORG11', 'UNSPECIFIED', 'UNSPECIFIED' ) ;
#781 = SECURITY_CLASSIFICATION ( '', '', #759 ) ;
#782 = DIRECTION ( 'NONE',  ( 0.2803638829204861960, 3.433467318150966093E-17, 0.9598937926425757938 ) ) ;
#783 = CALENDAR_DATE ( 2026, 11, 9 ) ;
#784 = LINE ( 'NONE', #1432, #409 ) ;
#785 = CC_DESIGN_APPROVAL ( #278, ( #1083 ) ) ;
#786 = SECURITY_CLASSIFICATION_LEVEL ( 'unclassified' ) ;
#787 = CC_DESIGN_PERSON_AND_ORGANIZATION_ASSIGNMENT ( #1231, #691, ( #1275 ) ) ;
#788 = DIRECTION ( 'NONE',  ( 0.2803638829204861960, 3.433467318150966093E-17, 0.9598937926425757938 ) ) ;
#789 = PERSON_AND_ORGANIZATION ( #1420, #777 ) ;
#790 = ORIENTED_EDGE ( 'NONE', *, *, #1184, .F. ) ;
#791 = APPROVAL_ROLE ( '' ) ;
#792 = CC_DESIGN_DATE_AND_TIME_ASSIGNMENT ( #572, #1208, ( #1000 ) ) ;
#793 = CARTESIAN_POINT ( 'NONE',  ( 0.000000000000000000, 0.000000000000000000, -2.199999999999999734 ) ) ;
#794 = MANIFOLD_SOLID_BREP ( 'Fillet1', #20 ) ;
#795 = DATE_AND_TIME ( #1588, #70 ) ;
#796 = PRODUCT_DEFINITION_SHAPE ( 'NONE', 'NONE',  #1666 ) ;
#797 = ORIENTED_EDGE ( 'NONE', *, *, #1233, .T. ) ;
#798 = CIRCLE ( 'NONE', #96, 0.2000000000000001776 ) ;
#799 = PERSON_AND_ORGANIZATION_ROLE ( 'classification_officer' ) ;
#800 =( GEOMETRIC_REPRESENTATION_CONTEXT ( 3 ) GLOBAL_UNCERTAINTY_ASSIGNED_CONTEXT ( ( #766 ) ) GLOBAL_UNIT_ASSIGNED_CONTEXT ( ( #403, #653, #391 ) ) REPRESENTATION_CONTEXT ( 'NONE', 'WORKASPACE' ) );
#801 = CARTESIAN_POINT ( 'NONE',  ( 0.000000000000000000, 0.2500000000000000000, -2.000000000000000000 ) ) ;
#802 = ADVANCED_FACE ( 'NONE', ( #588 ), #216, .T. ) ;
#803 = PERSON_AND_ORGANIZATION_ROLE ( 'creator' ) ;
#804 = CARTESIAN_POINT ( 'NONE',  ( -0.07898790839100813810, 0.8409062464593344277, 0.6581218473503233080 ) ) ;
#805 = COORDINATED_UNIVERSAL_TIME_OFFSET ( 8, 0, .BEHIND. ) ;
#806 = SECURITY_CLASSIFICATION ( '', '', #419 ) ;
#807 = LOCAL_TIME ( 23, 42, 43.00000000000000000, #1391 ) ;
#808 = ORGANIZATION ( 'NAUO-ORG18', 'UNSPECIFIED', 'UNSPECIFIED' ) ;
#809 = CC_DESIGN_PERSON_AND_ORGANIZATION_ASSIGNMENT ( #91, #1351, ( #546 ) ) ;
#810 = DATE_TIME_ROLE ( 'classification_date' ) ;
#811 = SECURITY_CLASSIFICATION ( '', '', #486 ) ;
#812 = PERSON ( 'NAUO-PER4', 'UNSPECIFIED', 'UNSPECIFIED', ('UNSPECIFIED'), ('UNSPECIFIED'), ('UNSPECIFIED') ) ;
#813 = ORIENTED_EDGE ( 'NONE', *, *, #594, .T. ) ;
#814 = CALENDAR_DATE ( 2026, 11, 9 ) ;
#815 = DIRECTION ( 'NONE',  ( 0.000000000000000000, 1.000000000000000000, -0.000000000000000000 ) ) ;
#816 = DATE_AND_TIME ( #1594, #421 ) ;
#817 = ORIENTED_EDGE ( 'NONE', *, *, #54, .T. ) ;
#818 = APPROVAL ( #1479, 'UNKNOWN' ) ;
#819 = DIRECTION ( 'NONE',  ( 0.2803638829204861960, 3.433467318150966093E-17, 0.9598937926425757938 ) ) ;
#820 = PRODUCT_DEFINITION_SHAPE ( 'NONE', 'NONE',  #1651 ) ;
#821 = EDGE_CURVE ( 'NONE', #892, #306, #1121, .T. ) ;
#822 = CARTESIAN_POINT ( 'NONE',  ( 1.121012091608992067, 0.8409062464593344277, 0.6581218473503233080 ) ) ;
#823 = DATE_AND_TIME ( #1487, #103 ) ;
#824 = EDGE_LOOP ( 'NONE', ( #26, #836 ) ) ;
#825 = COORDINATED_UNIVERSAL_TIME_OFFSET ( 8, 0, .BEHIND. ) ;
#826 = PLANE ( 'NONE',  #114 ) ;
#827 = DATE_AND_TIME ( #970, #325 ) ;
#828 = ORIENTED_EDGE ( 'NONE', *, *, #477, .T. ) ;
#829 = CARTESIAN_POINT ( 'NONE',  ( -0.4789879083910081325, 0.8409062464593344277, 1.058121847350323330 ) ) ;
#830 = COORDINATED_UNIVERSAL_TIME_OFFSET ( 8, 0, .BEHIND. ) ;
#831 = CALENDAR_DATE ( 2026, 11, 9 ) ;
#832 = DIRECTION ( 'NONE',  ( -1.000000000000000000, -0.000000000000000000, -0.000000000000000000 ) ) ;
#833 = PRODUCT_DEFINITION_SHAPE ( 'NONE', 'NONE',  #1660 ) ;
#834 = COORDINATED_UNIVERSAL_TIME_OFFSET ( 8, 0, .BEHIND. ) ;
#835 = SECURITY_CLASSIFICATION_LEVEL ( 'unclassified' ) ;
#836 = ORIENTED_EDGE ( 'NONE', *, *, #1184, .T. ) ;
#837 =( REPRESENTATION_RELATIONSHIP ('NONE','NONE', #364, #1503 ) REPRESENTATION_RELATIONSHIP_WITH_TRANSFORMATION ( #614 )SHAPE_REPRESENTATION_RELATIONSHIP( ) );
#838 = VECTOR ( 'NONE', #120, 100.0000000000000000 ) ;
#839 = DIRECTION ( 'NONE',  ( 0.2803638829204861960, 3.433467318150966093E-17, 0.9598937926425757938 ) ) ;
#840 = COORDINATED_UNIVERSAL_TIME_OFFSET ( 8, 0, .BEHIND. ) ;
#841 = APPROVAL_PERSON_ORGANIZATION ( #360, #870, #1234 ) ;
#842 = LOCAL_TIME ( 23, 42, 43.00000000000000000, #956 ) ;
#843 = DIRECTION ( 'NONE',  ( 0.000000000000000000, 0.000000000000000000, -1.000000000000000000 ) ) ;
#844 = CARTESIAN_POINT ( 'NONE',  ( 0.000000000000000000, 0.2500000000000000000, 0.2000000000000000111 ) ) ;
#845 = PERSON_AND_ORGANIZATION ( #1249, #475 ) ;
#846 = ORIENTED_EDGE ( 'NONE', *, *, #905, .T. ) ;
#847 = ADVANCED_FACE ( 'NONE', ( #1498 ), #1229, .T. ) ;
#848 = APPROVAL_PERSON_ORGANIZATION ( #245, #1264, #875 ) ;
#849 = DATE_TIME_ROLE ( 'classification_date' ) ;
#850 = DATE_TIME_ROLE ( 'classification_date' ) ;
#851 = APPROVAL ( #1088, 'UNKNOWN' ) ;
#852 = CONTEXT_DEPENDENT_SHAPE_REPRESENTATION ( #432, #665 ) ;
#853 = DIRECTION ( 'NONE',  ( -1.000000000000000000, -0.000000000000000000, -0.000000000000000000 ) ) ;
#854 = CC_DESIGN_PERSON_AND_ORGANIZATION_ASSIGNMENT ( #1308, #799, ( #806 ) ) ;
#855 = COORDINATED_UNIVERSAL_TIME_OFFSET ( 8, 0, .BEHIND. ) ;
#856 = PERSON_AND_ORGANIZATION ( #595, #677 ) ;
#857 = DIRECTION ( 'NONE',  ( -1.000000000000000000, 0.000000000000000000, 0.000000000000000000 ) ) ;
#858 = PERSON_AND_ORGANIZATION ( #1249, #475 ) ;
#859 = AXIS2_PLACEMENT_3D ( 'NONE', #1371, #865, #599 ) ;
#860 = CALENDAR_DATE ( 2026, 11, 9 ) ;
#861 = CC_DESIGN_PERSON_AND_ORGANIZATION_ASSIGNMENT ( #1395, #767, ( #1222 ) ) ;
#862 = CONTEXT_DEPENDENT_SHAPE_REPRESENTATION ( #1379, #1345 ) ;
#863 = APPROVAL_PERSON_ORGANIZATION ( #24, #1224, #899 ) ;
#864 = LOCAL_TIME ( 23, 42, 43.00000000000000000, #1115 ) ;
#865 = DIRECTION ( 'NONE',  ( 1.000000000000000000, -0.000000000000000000, 0.000000000000000000 ) ) ;
#866 = PRODUCT_DEFINITION_FORMATION_WITH_SPECIFIED_SOURCE ( 'ANY', '', #1616, .NOT_KNOWN. ) ;
#867 = PERSON_AND_ORGANIZATION ( #1249, #475 ) ;
#868 = EDGE_CURVE ( 'NONE', #551, #196, #1091, .T. ) ;
#869 = FACE_OUTER_BOUND ( 'NONE', #570, .T. ) ;
#870 = APPROVAL ( #1203, 'UNKNOWN' ) ;
#871 = LOCAL_TIME ( 23, 42, 43.00000000000000000, #834 ) ;
#872 = APPROVAL_STATUS ( 'not_yet_approved' ) ;
#873 = COORDINATED_UNIVERSAL_TIME_OFFSET ( 8, 0, .BEHIND. ) ;
#874 = LINE ( 'NONE', #370, #1514 ) ;
#875 = APPROVAL_ROLE ( '' ) ;
#876 = APPROVAL_DATE_TIME ( #502, #908 ) ;
#877 = APPROVAL_STATUS ( 'not_yet_approved' ) ;
#878 = DIRECTION ( 'NONE',  ( 0.000000000000000000, -1.000000000000000000, 0.000000000000000000 ) ) ;
#879 = LINE ( 'NONE', #281, #656 ) ;
#880 = DATE_TIME_ROLE ( 'classification_date' ) ;
#881 = AXIS2_PLACEMENT_3D ( 'NONE', #33, #1161, #180 ) ;
#882 = CALENDAR_DATE ( 2026, 11, 9 ) ;
#883 = PERSON ( 'NAUO-PER19', 'UNSPECIFIED', 'UNSPECIFIED', ('UNSPECIFIED'), ('UNSPECIFIED'), ('UNSPECIFIED') ) ;
#884 = DIRECTION ( 'NONE',  ( 0.000000000000000000, 0.000000000000000000, -1.000000000000000000 ) ) ;
#885 = ADVANCED_FACE ( 'NONE', ( #1097 ), #470, .T. ) ;
#886 = ORIENTED_EDGE ( 'NONE', *, *, #1136, .F. ) ;
#887 = LOCAL_TIME ( 23, 42, 43.00000000000000000, #1578 ) ;
#888 = PERSON ( 'NAUO-PER5', 'UNSPECIFIED', 'UNSPECIFIED', ('UNSPECIFIED'), ('UNSPECIFIED'), ('UNSPECIFIED') ) ;
#889 = PLANE ( 'NONE',  #1017 ) ;
#890 = PERSON_AND_ORGANIZATION ( #437, #494 ) ;
#891 = DIRECTION ( 'NONE',  ( -0.000000000000000000, 1.000000000000000000, -0.000000000000000000 ) ) ;
#892 = VERTEX_POINT ( 'NONE', #980 ) ;
#893 = CC_DESIGN_PERSON_AND_ORGANIZATION_ASSIGNMENT ( #369, #597, ( #622 ) ) ;
#894 = PERSON_AND_ORGANIZATION ( #1249, #475 ) ;
#895 = PERSON_AND_ORGANIZATION ( #59, #445 ) ;
#896 = DIRECTION ( 'NONE',  ( -0.000000000000000000, -0.000000000000000000, 1.000000000000000000 ) ) ;
#897 = CARTESIAN_POINT ( 'NONE',  ( 0.000000000000000000, 0.4500000000000000666, 0.2000000000000000111 ) ) ;
#898 = DIRECTION ( 'NONE',  ( 0.000000000000000000, 0.000000000000000000, -1.000000000000000000 ) ) ;
#899 = APPROVAL_ROLE ( '' ) ;
#900 = VECTOR ( 'NONE', #1029, 100.0000000000000000 ) ;
#901 = CC_DESIGN_DATE_AND_TIME_ASSIGNMENT ( #1510, #725, ( #236 ) ) ;
#902 = DIRECTION ( 'NONE',  ( 0.000000000000000000, 0.000000000000000000, -1.000000000000000000 ) ) ;
#903 = APPROVAL_DATE_TIME ( #934, #1550 ) ;
#904 = ORIENTED_EDGE ( 'NONE', *, *, #146, .F. ) ;
#905 = EDGE_CURVE ( 'NONE', #1476, #590, #1637, .T. ) ;
#906 = APPROVAL_PERSON_ORGANIZATION ( #789, #93, #1059 ) ;
#907 = ORGANIZATION ( 'NAUO-ORG5', 'UNSPECIFIED', 'UNSPECIFIED' ) ;
#908 = APPROVAL ( #872, 'UNKNOWN' ) ;
#909 = LOCAL_TIME ( 23, 42, 43.00000000000000000, #746 ) ;
#910 = CC_DESIGN_APPROVAL ( #346, ( #1216 ) ) ;
#911 = APPROVAL_PERSON_ORGANIZATION ( #506, #1589, #111 ) ;
#912 = CC_DESIGN_DATE_AND_TIME_ASSIGNMENT ( #1290, #567, ( #471 ) ) ;
#913 = PERSON_AND_ORGANIZATION_ROLE ( 'design_owner' ) ;
#914 = CALENDAR_DATE ( 2026, 11, 9 ) ;
#915 = APPROVAL_PERSON_ORGANIZATION ( #982, #1236, #358 ) ;
#916 = EDGE_LOOP ( 'NONE', ( #886, #1139, #426, #55 ) ) ;
#917 = COORDINATED_UNIVERSAL_TIME_OFFSET ( 8, 0, .BEHIND. ) ;
#918 = DIRECTION ( 'NONE',  ( -1.000000000000000000, -0.000000000000000000, -0.000000000000000000 ) ) ;
#919 = PRODUCT_DEFINITION_SHAPE ( 'NONE', 'NONE',  #1664 ) ;
#920 = CARTESIAN_POINT ( 'NONE',  ( 1.121012091608992067, 0.8409062464593344277, 1.058121847350323330 ) ) ;
#921 = DIRECTION ( 'NONE',  ( 0.000000000000000000, 0.000000000000000000, 1.000000000000000000 ) ) ;
#922 = APPROVAL_STATUS ( 'not_yet_approved' ) ;
#923 = ADVANCED_FACE ( 'NONE', ( #483 ), #992, .F. ) ;
#924 = ORIENTED_EDGE ( 'NONE', *, *, #1087, .F. ) ;
#925 = SECURITY_CLASSIFICATION_LEVEL ( 'unclassified' ) ;
#926 = CARTESIAN_POINT ( 'NONE',  ( -0.2000000000000000111, 0.4500000000000000666, 0.000000000000000000 ) ) ;
#927 = PERSON_AND_ORGANIZATION ( #1249, #475 ) ;
#928 = ORIENTED_EDGE ( 'NONE', *, *, #868, .F. ) ;
#929 = DIRECTION ( 'NONE',  ( -1.224646799147356165E-16, 1.000000000000000000, 9.737627722079633203E-32 ) ) ;
#930 = APPROVAL ( #1483, 'UNSPECIFIED' ) ;
#931 = COORDINATED_UNIVERSAL_TIME_OFFSET ( 8, 0, .BEHIND. ) ;
#932 = ORIENTED_EDGE ( 'NONE', *, *, #356, .T. ) ;
#933 = AXIS2_PLACEMENT_3D ( 'NONE', #986, #80, #1268 ) ;
#934 = DATE_AND_TIME ( #534, #1241 ) ;
#935 = AXIS2_PLACEMENT_3D ( 'NONE', #1421, #1412, #1427 ) ;
#936 = CARTESIAN_POINT ( 'NONE',  ( 0.000000000000000000, 0.000000000000000000, 0.04825586317211318782 ) ) ;
#937 = EDGE_CURVE ( 'NONE', #450, #1458, #616, .T. ) ;
#938 = VERTEX_POINT ( 'NONE', #234 ) ;
#939 = DIRECTION ( 'NONE',  ( 0.2803638829204861960, 3.433467318150966093E-17, 0.9598937926425757938 ) ) ;
#940 = APPROVAL_PERSON_ORGANIZATION ( #596, #278, #229 ) ;
#941 = CC_DESIGN_SECURITY_CLASSIFICATION ( #1153, ( #1667 ) ) ;
#942 = APPROVAL_PERSON_ORGANIZATION ( #261, #436, #1406 ) ;
#943 = CONTEXT_DEPENDENT_SHAPE_REPRESENTATION ( #512, #423 ) ;
#944 = ORIENTED_EDGE ( 'NONE', *, *, #283, .F. ) ;
#945 = APPROVAL_STATUS ( 'not_yet_approved' ) ;
#946 = CARTESIAN_POINT ( 'NONE',  ( 0.000000000000000000, 0.000000000000000000, 0.000000000000000000 ) ) ;
#947 = CC_DESIGN_APPROVAL ( #930, ( #1275 ) ) ;
#948 = DATE_AND_TIME ( #448, #295 ) ;
#949 = CALENDAR_DATE ( 2026, 11, 9 ) ;
#950 = ORIENTED_EDGE ( 'NONE', *, *, #617, .T. ) ;
#951 = CC_DESIGN_DATE_AND_TIME_ASSIGNMENT ( #1532, #742, ( #568 ) ) ;
#952 = CARTESIAN_POINT ( 'NONE',  ( 1.121012091608992067, 0.8409062464593344277, 1.458121847350323241 ) ) ;
#953 = PRODUCT_DEFINITION_SHAPE ( 'NONE', 'NONE',  #1647 ) ;
#954 = APPROVAL_DATE_TIME ( #15, #338 ) ;
#955 = APPROVAL_DATE_TIME ( #1333, #851 ) ;
#956 = COORDINATED_UNIVERSAL_TIME_OFFSET ( 8, 0, .BEHIND. ) ;
#957 = ORIENTED_EDGE ( 'NONE', *, *, #308, .F. ) ;
#958 = PERSON_AND_ORGANIZATION ( #1505, #1565 ) ;
#959 = CLOSED_SHELL ( 'NONE', ( #179, #1397, #257, #566, #1114 ) ) ;
#960 = DIRECTION ( 'NONE',  ( -0.000000000000000000, -1.000000000000000000, -0.000000000000000000 ) ) ;
#961 = PERSON_AND_ORGANIZATION ( #1249, #475 ) ;
#962 = DATE_AND_TIME ( #1364, #983 ) ;
#963 = DIRECTION ( 'NONE',  ( -1.224646799147356165E-16, 1.000000000000000000, 9.737627722079633203E-32 ) ) ;
#964 = ITEM_DEFINED_TRANSFORMATION ( 'NONE', 'NONE', #669,  #935 ) ;
#965 = APPROVAL_ROLE ( '' ) ;
#966 = VECTOR ( 'NONE', #960, 100.0000000000000000 ) ;
#967 = ITEM_DEFINED_TRANSFORMATION ( 'NONE', 'NONE', #1262,  #935 ) ;
#968 = EDGE_CURVE ( 'NONE', #671, #157, #735, .T. ) ;
#969 = CARTESIAN_POINT ( 'NONE',  ( -0.2000000000000000111, -0.000000000000000000, -1.999999999999999778 ) ) ;
#970 = CALENDAR_DATE ( 2026, 11, 9 ) ;
#971 = EDGE_LOOP ( 'NONE', ( #458, #92, #1201, #454 ) ) ;
#972 = AXIS2_PLACEMENT_3D ( 'NONE', #705, #939, #556 ) ;
#973 = CC_DESIGN_PERSON_AND_ORGANIZATION_ASSIGNMENT ( #360, #984, ( #1155 ) ) ;
#974 = COORDINATED_UNIVERSAL_TIME_OFFSET ( 8, 0, .BEHIND. ) ;
#975 = SECURITY_CLASSIFICATION ( '', '', #1374 ) ;
#976 = APPROVAL ( #528, 'UNKNOWN' ) ;
#977 = LOCAL_TIME ( 23, 42, 43.00000000000000000, #1603 ) ;
#978 = SECURITY_CLASSIFICATION_LEVEL ( 'unclassified' ) ;
#979 = PERSON ( 'NAUO-PER9', 'UNSPECIFIED', 'UNSPECIFIED', ('UNSPECIFIED'), ('UNSPECIFIED'), ('UNSPECIFIED') ) ;
#980 = CARTESIAN_POINT ( 'NONE',  ( 0.000000000000000000, 0.000000000000000000, 0.000000000000000000 ) ) ;
#981 = CALENDAR_DATE ( 2026, 11, 9 ) ;
#982 = PERSON_AND_ORGANIZATION ( #1249, #475 ) ;
#983 = LOCAL_TIME ( 23, 42, 43.00000000000000000, #464 ) ;
#984 = PERSON_AND_ORGANIZATION_ROLE ( 'classification_officer' ) ;
#985 = DATE_AND_TIME ( #201, #757 ) ;
#986 = CARTESIAN_POINT ( 'NONE',  ( 0.000000000000000000, 0.2500000000000000000, 0.000000000000000000 ) ) ;
#987 = COORDINATED_UNIVERSAL_TIME_OFFSET ( 8, 0, .BEHIND. ) ;
#988 = CC_DESIGN_DATE_AND_TIME_ASSIGNMENT ( #1378, #472, ( #210 ) ) ;
#989 = DATE_AND_TIME ( #573, #1244 ) ;
#990 = ITEM_DEFINED_TRANSFORMATION ( 'NONE', 'NONE', #972,  #935 ) ;
#991 = APPROVAL_STATUS ( 'not_yet_approved' ) ;
#992 = PLANE ( 'NONE',  #859 ) ;
#993 = APPROVAL ( #637, 'UNKNOWN' ) ;
#994 = PERSON_AND_ORGANIZATION ( #1249, #475 ) ;
#995 = AXIS2_PLACEMENT_3D ( 'NONE', #197, #1056, #1456 ) ;
#996 = AXIS2_PLACEMENT_3D ( 'NONE', #1279, #1393, #401 ) ;
#997 = DATE_AND_TIME ( #250, #104 ) ;
#998 = APPROVAL_STATUS ( 'not_yet_approved' ) ;
#999 = CC_DESIGN_SECURITY_CLASSIFICATION ( #1384, ( #1656 ) ) ;
#1000 = SECURITY_CLASSIFICATION ( '', '', #462 ) ;
#1001 = CARTESIAN_POINT ( 'NONE',  ( 0.000000000000000000, 0.2500000000000000000, 0.000000000000000000 ) ) ;
#1002 = CC_DESIGN_APPROVAL ( #648, ( #1000 ) ) ;
#1003 = DATE_TIME_ROLE ( 'classification_date' ) ;
#1004 = CC_DESIGN_SECURITY_CLASSIFICATION ( #781, ( #1664 ) ) ;
#1005 = APPROVAL_PERSON_ORGANIZATION ( #894, #1444, #1123 ) ;
#1006 =( REPRESENTATION_RELATIONSHIP ('NONE','NONE', #364, #1503 ) REPRESENTATION_RELATIONSHIP_WITH_TRANSFORMATION ( #395 )SHAPE_REPRESENTATION_RELATIONSHIP( ) );
#1007 = CONTEXT_DEPENDENT_SHAPE_REPRESENTATION ( #173, #1556 ) ;
#1008 = DIRECTION ( 'NONE',  ( -1.000000000000000000, 0.000000000000000000, 0.000000000000000000 ) ) ;
#1009 = ORIENTED_EDGE ( 'NONE', *, *, #42, .T. ) ;
#1010 = ITEM_DEFINED_TRANSFORMATION ( 'NONE', 'NONE', #1100,  #935 ) ;
#1011 = PERSON_AND_ORGANIZATION_ROLE ( 'classification_officer' ) ;
#1012 = FACE_OUTER_BOUND ( 'NONE', #563, .T. ) ;
#1013 = EDGE_CURVE ( 'NONE', #686, #1580, #405, .T. ) ;
#1014 =( NAMED_UNIT ( * ) SI_UNIT ( $, .STERADIAN. ) SOLID_ANGLE_UNIT ( ) );
#1015 = AXIS2_PLACEMENT_3D ( 'NONE', #1001, #611, #357 ) ;
#1016 = APPROVAL_ROLE ( '' ) ;
#1017 = AXIS2_PLACEMENT_3D ( 'NONE', #630, #284, #1158 ) ;
#1018 = DATE_TIME_ROLE ( 'classification_date' ) ;
#1019 = APPROVAL ( #1522, 'UNKNOWN' ) ;
#1020 = CARTESIAN_POINT ( 'NONE',  ( 0.000000000000000000, 0.000000000000000000, 0.000000000000000000 ) ) ;
#1021 = APPROVAL_PERSON_ORGANIZATION ( #658, #1070, #183 ) ;
#1022 = APPROVAL_PERSON_ORGANIZATION ( #895, #388, #269 ) ;
#1023 = CC_DESIGN_APPROVAL ( #908, ( #240 ) ) ;
#1024 = DIRECTION ( 'NONE',  ( 0.000000000000000000, 0.000000000000000000, -1.000000000000000000 ) ) ;
#1025 = CALENDAR_DATE ( 2026, 11, 9 ) ;
#1026 = CC_DESIGN_APPROVAL ( #565, ( #495 ) ) ;
#1027 = CALENDAR_DATE ( 2026, 11, 9 ) ;
#1028 = APPROVAL_DATE_TIME ( #1415, #388 ) ;
#1029 = DIRECTION ( 'NONE',  ( 0.000000000000000000, 0.000000000000000000, 1.000000000000000000 ) ) ;
#1030 = DIRECTION ( 'NONE',  ( 0.000000000000000000, -0.000000000000000000, -1.000000000000000000 ) ) ;
#1031 = CC_DESIGN_DATE_AND_TIME_ASSIGNMENT ( #1622, #850, ( #1083 ) ) ;
#1032 = APPROVAL_DATE_TIME ( #17, #1224 ) ;
#1033 = EDGE_CURVE ( 'NONE', #172, #892, #1529, .T. ) ;
#1034 = CARTESIAN_POINT ( 'NONE',  ( 1.999999999999999778, 0.4500000000000000666, -1.999999999999999778 ) ) ;
#1035 = PERSON_AND_ORGANIZATION_ROLE ( 'classification_officer' ) ;
#1036 = CC_DESIGN_DATE_AND_TIME_ASSIGNMENT ( #1141, #1126, ( #781 ) ) ;
#1037 = ORIENTED_EDGE ( 'NONE', *, *, #541, .F. ) ;
#1038 = DIRECTION ( 'NONE',  ( -0.000000000000000000, 1.000000000000000000, -0.000000000000000000 ) ) ;
#1039 = AXIS2_PLACEMENT_3D ( 'NONE', #1226, #324, #929 ) ;
#1040 = VECTOR ( 'NONE', #1641, 100.0000000000000000 ) ;
#1041 = EDGE_LOOP ( 'NONE', ( #1441, #352, #1178, #950 ) ) ;
#1042 = SECURITY_CLASSIFICATION_LEVEL ( 'unclassified' ) ;
#1043 = CARTESIAN_POINT ( 'NONE',  ( 0.000000000000000000, -0.000000000000000000, 0.2000000000000000111 ) ) ;
#1044 = CC_DESIGN_APPROVAL ( #1070, ( #143 ) ) ;
#1045 = CARTESIAN_POINT ( 'NONE',  ( 0.000000000000000000, 0.000000000000000000, -1.999999999999999778 ) ) ;
#1046 = ORGANIZATION ( 'NAUO-ORG6', 'UNSPECIFIED', 'UNSPECIFIED' ) ;
#1047 = LOCAL_TIME ( 23, 42, 43.00000000000000000, #252 ) ;
#1048 = DIRECTION ( 'NONE',  ( 1.000000000000000000, 0.000000000000000000, 0.000000000000000000 ) ) ;
#1049 = CONTEXT_DEPENDENT_SHAPE_REPRESENTATION ( #1530, #277 ) ;
#1050 = APPROVAL_PERSON_ORGANIZATION ( #720, #398, #457 ) ;
#1051 = ORIENTED_EDGE ( 'NONE', *, *, #54, .F. ) ;
#1052 = DATE_TIME_ROLE ( 'classification_date' ) ;
#1053 = DIRECTION ( 'NONE',  ( 0.000000000000000000, -1.000000000000000000, 0.000000000000000000 ) ) ;
#1054 = PRODUCT_DEFINITION_SHAPE ( 'NONE', 'NONE',  #1648 ) ;
#1055 = EDGE_LOOP ( 'NONE', ( #220, #61, #545, #944 ) ) ;
#1056 = DIRECTION ( 'NONE',  ( 0.2803638829204861960, 3.433467318150966093E-17, 0.9598937926425757938 ) ) ;
#1057 = CONTEXT_DEPENDENT_SHAPE_REPRESENTATION ( #1546, #326 ) ;
#1058 = DIRECTION ( 'NONE',  ( -1.224646799147356165E-16, 1.000000000000000000, 9.737627722079633203E-32 ) ) ;
#1059 = APPROVAL_ROLE ( '' ) ;
#1060 = ADVANCED_FACE ( 'NONE', ( #869 ), #627, .T. ) ;
#1061 = ORIENTED_EDGE ( 'NONE', *, *, #968, .T. ) ;
#1062 = COORDINATED_UNIVERSAL_TIME_OFFSET ( 8, 0, .BEHIND. ) ;
#1063 = CARTESIAN_POINT ( 'NONE',  ( 2.000000000000000000, 0.000000000000000000, 0.000000000000000000 ) ) ;
#1064 = ORIENTED_EDGE ( 'NONE', *, *, #425, .F. ) ;
#1065 = DIRECTION ( 'NONE',  ( -1.224646799147356165E-16, 1.000000000000000000, 9.737627722079633203E-32 ) ) ;
#1066 = ITEM_DEFINED_TRANSFORMATION ( 'NONE', 'NONE', #593,  #935 ) ;
#1067 = ORIENTED_EDGE ( 'NONE', *, *, #131, .T. ) ;
#1068 = CONICAL_SURFACE ( 'NONE', #1586, 0.002309798981860196072, 0.3925943860341560843 ) ;
#1069 = ITEM_DEFINED_TRANSFORMATION ( 'NONE', 'NONE', #1346,  #935 ) ;
#1070 = APPROVAL ( #945, 'UNKNOWN' ) ;
#1071 = DIRECTION ( 'NONE',  ( 0.000000000000000000, 0.000000000000000000, 1.000000000000000000 ) ) ;
#1072 = ITEM_DEFINED_TRANSFORMATION ( 'NONE', 'NONE', #232,  #935 ) ;
#1073 = ORIENTED_EDGE ( 'NONE', *, *, #425, .T. ) ;
#1074 = DIRECTION ( 'NONE',  ( -1.224646799147356165E-16, 1.000000000000000000, 9.737627722079633203E-32 ) ) ;
#1075 = SECURITY_CLASSIFICATION ( '', '', #655 ) ;
#1076 = ORGANIZATION ( 'NAUO-ORG7', 'UNSPECIFIED', 'UNSPECIFIED' ) ;
#1077 = CC_DESIGN_SECURITY_CLASSIFICATION ( #1183, ( #1649 ) ) ;
#1078 = PERSON_AND_ORGANIZATION ( #1273, #1357 ) ;
#1079 = LOCAL_TIME ( 23, 42, 43.00000000000000000, #840 ) ;
#1080 = ORIENTED_EDGE ( 'NONE', *, *, #1525, .T. ) ;
#1081 = PERSON_AND_ORGANIZATION_ROLE ( 'classification_officer' ) ;
#1082 = CARTESIAN_POINT ( 'NONE',  ( -0.2000000000000000111, 0.4500000000000000666, -1.999999999999999778 ) ) ;
#1083 = SECURITY_CLASSIFICATION ( '', '', #217 ) ;
#1084 = EDGE_LOOP ( 'NONE', ( #1196, #206, #1607, #722 ) ) ;
#1085 = DIRECTION ( 'NONE',  ( 0.2803638829204861960, 3.433467318150966093E-17, 0.9598937926425757938 ) ) ;
#1086 = PRODUCT_DEFINITION_SHAPE ( 'NONE', 'NONE',  #1652 ) ;
#1087 = EDGE_CURVE ( 'NONE', #678, #1365, #503, .T. ) ;
#1088 = APPROVAL_STATUS ( 'not_yet_approved' ) ;
#1089 =( REPRESENTATION_RELATIONSHIP ('NONE','NONE', #364, #1503 ) REPRESENTATION_RELATIONSHIP_WITH_TRANSFORMATION ( #1283 )SHAPE_REPRESENTATION_RELATIONSHIP( ) );
#1090 = ADVANCED_FACE ( 'NONE', ( #1291 ), #18, .T. ) ;
#1091 = LINE ( 'NONE', #1523, #537 ) ;
#1092 = COORDINATED_UNIVERSAL_TIME_OFFSET ( 8, 0, .BEHIND. ) ;
#1093 = ORIENTED_EDGE ( 'NONE', *, *, #1217, .T. ) ;
#1094 = DIRECTION ( 'NONE',  ( -1.224646799147356165E-16, 1.000000000000000000, 9.737627722079633203E-32 ) ) ;
#1095 = CC_DESIGN_DATE_AND_TIME_ASSIGNMENT ( #1106, #581, ( #1183 ) ) ;
#1096 = CALENDAR_DATE ( 2026, 11, 9 ) ;
#1097 = FACE_OUTER_BOUND ( 'NONE', #971, .T. ) ;
#1098 = COORDINATED_UNIVERSAL_TIME_OFFSET ( 8, 0, .BEHIND. ) ;
#1099 = COORDINATED_UNIVERSAL_TIME_OFFSET ( 8, 0, .BEHIND. ) ;
#1100 = AXIS2_PLACEMENT_3D ( 'NONE', #1569, #1577, #663 ) ;
#1101 = EDGE_CURVE ( 'NONE', #1560, #686, #649, .T. ) ;
#1102 = LOCAL_TIME ( 23, 42, 43.00000000000000000, #825 ) ;
#1103 = COORDINATED_UNIVERSAL_TIME_OFFSET ( 8, 0, .BEHIND. ) ;
#1104 = LOCAL_TIME ( 23, 42, 43.00000000000000000, #1553 ) ;
#1105 = ORGANIZATION ( 'NAUO-ORG26', 'UNSPECIFIED', 'UNSPECIFIED' ) ;
#1106 = DATE_AND_TIME ( #1490, #977 ) ;
#1107 = CARTESIAN_POINT ( 'NONE',  ( 2.199999999999999734, 0.2500000000000000000, 0.000000000000000000 ) ) ;
#1108 = CC_DESIGN_PERSON_AND_ORGANIZATION_ASSIGNMENT ( #413, #913, ( #505 ) ) ;
#1109 = PERSON ( 'NAUO-PER22', 'UNSPECIFIED', 'UNSPECIFIED', ('UNSPECIFIED'), ('UNSPECIFIED'), ('UNSPECIFIED') ) ;
#1110 = APPROVAL_DATE_TIME ( #1282, #1264 ) ;
#1111 = PERSON ( 'NAUO-PER11', 'UNSPECIFIED', 'UNSPECIFIED', ('UNSPECIFIED'), ('UNSPECIFIED'), ('UNSPECIFIED') ) ;
#1112 = ITEM_DEFINED_TRANSFORMATION ( 'NONE', 'NONE', #881,  #935 ) ;
#1113 = APPROVAL_ROLE ( '' ) ;
#1114 = ADVANCED_FACE ( 'NONE', ( #762 ), #774, .F. ) ;
#1115 = COORDINATED_UNIVERSAL_TIME_OFFSET ( 8, 0, .BEHIND. ) ;
#1116 = DIRECTION ( 'NONE',  ( 0.000000000000000000, 0.000000000000000000, -1.000000000000000000 ) ) ;
#1117 = CALENDAR_DATE ( 2026, 11, 9 ) ;
#1118 = AXIS2_PLACEMENT_3D ( 'NONE', #1531, #385, #1030 ) ;
#1119 = DESIGN_CONTEXT ( 'detailed design', #552, 'design' ) ;
#1120 = CALENDAR_DATE ( 2026, 11, 9 ) ;
#1121 = LINE ( 'NONE', #107, #1 ) ;
#1122 = CC_DESIGN_PERSON_AND_ORGANIZATION_ASSIGNMENT ( #404, #1186, ( #1075 ) ) ;
#1123 = APPROVAL_ROLE ( '' ) ;
#1124 = VECTOR ( 'NONE', #1305, 100.0000000000000000 ) ;
#1125 = AXIS2_PLACEMENT_3D ( 'NONE', #389, #1143, #642 ) ;
#1126 = DATE_TIME_ROLE ( 'classification_date' ) ;
#1127 = PERSON_AND_ORGANIZATION_ROLE ( 'classification_officer' ) ;
#1128 = APPROVAL_PERSON_ORGANIZATION ( #557, #189, #1324 ) ;
#1129 = CALENDAR_DATE ( 2026, 11, 9 ) ;
#1130 = CARTESIAN_POINT ( 'NONE',  ( 0.000000000000000000, 0.4500000000000000666, -2.199999999999999734 ) ) ;
#1131 = AXIS2_PLACEMENT_3D ( 'NONE', #749, #1541, #769 ) ;
#1132 = APPROVAL_PERSON_ORGANIZATION ( #1078, #851, #105 ) ;
#1133 = DIRECTION ( 'NONE',  ( 1.000000000000000000, 0.000000000000000000, 0.000000000000000000 ) ) ;
#1134 = LOCAL_TIME ( 23, 42, 43.00000000000000000, #225 ) ;
#1135 = COORDINATED_UNIVERSAL_TIME_OFFSET ( 8, 0, .BEHIND. ) ;
#1136 = EDGE_CURVE ( 'NONE', #1365, #892, #249, .T. ) ;
#1137 = SECURITY_CLASSIFICATION_LEVEL ( 'unclassified' ) ;
#1138 = FACE_OUTER_BOUND ( 'NONE', #1084, .T. ) ;
#1139 = ORIENTED_EDGE ( 'NONE', *, *, #356, .F. ) ;
#1140 = CC_DESIGN_PERSON_AND_ORGANIZATION_ASSIGNMENT ( #1316, #1581, ( #516 ) ) ;
#1141 = DATE_AND_TIME ( #860, #1219 ) ;
#1142 = DATE_AND_TIME ( #496, #736 ) ;
#1143 = DIRECTION ( 'NONE',  ( -1.000000000000000000, -0.000000000000000000, -0.000000000000000000 ) ) ;
#1144 = LINE ( 'NONE', #651, #1610 ) ;
#1145 = CARTESIAN_POINT ( 'NONE',  ( 1.999999999999999778, 0.2500000000000000000, 0.2000000000000000111 ) ) ;
#1146 = AXIS2_PLACEMENT_3D ( 'NONE', #1630, #478, #1376 ) ;
#1147 = COORDINATED_UNIVERSAL_TIME_OFFSET ( 8, 0, .BEHIND. ) ;
#1148 = AXIS2_PLACEMENT_3D ( 'NONE', #52, #1465, #673 ) ;
#1149 = PERSON_AND_ORGANIZATION_ROLE ( 'creator' ) ;
#1150 = SECURITY_CLASSIFICATION_LEVEL ( 'unclassified' ) ;
#1151 = LINE ( 'NONE', #522, #900 ) ;
#1152 = ORGANIZATION ( 'NAUO-ORG4', 'UNSPECIFIED', 'UNSPECIFIED' ) ;
#1153 = SECURITY_CLASSIFICATION ( '', '', #631 ) ;
#1154 = LINE ( 'NONE', #1543, #188 ) ;
#1155 = SECURITY_CLASSIFICATION ( '', '', #1495 ) ;
#1156 = CC_DESIGN_PERSON_AND_ORGANIZATION_ASSIGNMENT ( #994, #1389, ( #1616 ) ) ;
#1157 = CC_DESIGN_SECURITY_CLASSIFICATION ( #240, ( #1666 ) ) ;
#1158 = DIRECTION ( 'NONE',  ( 0.000000000000000000, -0.000000000000000000, -1.000000000000000000 ) ) ;
#1159 = DATE_AND_TIME ( #1025, #1182 ) ;
#1160 = APPROVAL_PERSON_ORGANIZATION ( #601, #565, #371 ) ;
#1161 = DIRECTION ( 'NONE',  ( 0.2803638829204861960, 3.433467318150966093E-17, 0.9598937926425757938 ) ) ;
#1162 = APPROVAL ( #1383, 'UNKNOWN' ) ;
#1163 = PERSON_AND_ORGANIZATION_ROLE ( 'classification_officer' ) ;
#1164 = DIRECTION ( 'NONE',  ( 0.000000000000000000, 0.000000000000000000, -1.000000000000000000 ) ) ;
#1165 = FACE_OUTER_BOUND ( 'NONE', #1471, .T. ) ;
#1166 = VECTOR ( 'NONE', #1425, 100.0000000000000000 ) ;
#1167 = MECHANICAL_CONTEXT ( 'NONE', #1450, 'mechanical' ) ;
#1168 = ORIENTED_EDGE ( 'NONE', *, *, #384, .T. ) ;
#1169 = CONTEXT_DEPENDENT_SHAPE_REPRESENTATION ( #1215, #580 ) ;
#1170 = LINE ( 'NONE', #801, #966 ) ;
#1171 = VECTOR ( 'NONE', #1564, 100.0000000000000000 ) ;
#1172 = CARTESIAN_POINT ( 'NONE',  ( 1.121012091608992067, 0.8409062464593344277, 0.2581218473503232858 ) ) ;
#1173 = CIRCLE ( 'NONE', #121, 0.2000000000000000111 ) ;
#1174 = DATE_AND_TIME ( #414, #1179 ) ;
#1175 = ORIENTED_EDGE ( 'NONE', *, *, #365, .F. ) ;
#1176 = DATE_AND_TIME ( #667, #708 ) ;
#1177 = DIRECTION ( 'NONE',  ( 1.000000000000000000, 0.000000000000000000, 0.000000000000000000 ) ) ;
#1178 = ORIENTED_EDGE ( 'NONE', *, *, #1525, .F. ) ;
#1179 = LOCAL_TIME ( 23, 42, 43.00000000000000000, #181 ) ;
#1180 = APPLICATION_CONTEXT ( 'configuration controlled 3d designs of mechanical parts and assemblies' ) ;
#1181 = DIRECTION ( 'NONE',  ( 0.2803638829204861960, 3.433467318150966093E-17, 0.9598937926425757938 ) ) ;
#1182 = LOCAL_TIME ( 23, 42, 43.00000000000000000, #765 ) ;
#1183 = SECURITY_CLASSIFICATION ( '', '', #1634 ) ;
#1184 = EDGE_CURVE ( 'NONE', #1455, #585, #439, .T. ) ;
#1185 = CARTESIAN_POINT ( 'NONE',  ( -0.07898790839100813810, 0.8409062464593344277, 0.2581218473503232858 ) ) ;
#1186 = PERSON_AND_ORGANIZATION_ROLE ( 'classification_officer' ) ;
#1187 = LOCAL_TIME ( 23, 42, 43.00000000000000000, #745 ) ;
#1188 = ORIENTED_EDGE ( 'NONE', *, *, #937, .F. ) ;
#1189 = DATE_TIME_ROLE ( 'classification_date' ) ;
#1190 = FACE_OUTER_BOUND ( 'NONE', #191, .T. ) ;
#1191 = PERSON ( 'NAUO-PER14', 'UNSPECIFIED', 'UNSPECIFIED', ('UNSPECIFIED'), ('UNSPECIFIED'), ('UNSPECIFIED') ) ;
#1192 = ORIENTED_EDGE ( 'NONE', *, *, #1620, .F. ) ;
#1193 = DIRECTION ( 'NONE',  ( 0.2803638829204861960, 3.433467318150966093E-17, 0.9598937926425757938 ) ) ;
#1194 = CC_DESIGN_PERSON_AND_ORGANIZATION_ASSIGNMENT ( #958, #1612, ( #1183 ) ) ;
#1195 = DATE_AND_TIME ( #299, #286 ) ;
#1196 = ORIENTED_EDGE ( 'NONE', *, *, #868, .T. ) ;
#1197 = CALENDAR_DATE ( 2026, 11, 9 ) ;
#1198 = DIRECTION ( 'NONE',  ( -0.000000000000000000, -1.000000000000000000, -0.000000000000000000 ) ) ;
#1199 = PERSON_AND_ORGANIZATION_ROLE ( 'design_supplier' ) ;
#1200 = APPLICATION_PROTOCOL_DEFINITION ( 'international standard', 'config_control_design', 1994, #44 ) ;
#1201 = ORIENTED_EDGE ( 'NONE', *, *, #1473, .F. ) ;
#1202 = DIRECTION ( 'NONE',  ( 0.000000000000000000, 0.000000000000000000, 1.000000000000000000 ) ) ;
#1203 = APPROVAL_STATUS ( 'not_yet_approved' ) ;
#1204 = PRODUCT_DEFINITION_SHAPE ( 'NONE', 'NONE',  #1662 ) ;
#1205 = AXIS2_PLACEMENT_3D ( 'NONE', #1185, #1447, #1587 ) ;
#1206 = ORIENTED_EDGE ( 'NONE', *, *, #283, .T. ) ;
#1207 = VECTOR ( 'NONE', #1285, 100.0000000000000000 ) ;
#1208 = DATE_TIME_ROLE ( 'classification_date' ) ;
#1209 = CARTESIAN_POINT ( 'NONE',  ( 2.000000000000000000, 0.2500000000000000000, 0.000000000000000000 ) ) ;
#1210 = CALENDAR_DATE ( 2026, 11, 9 ) ;
#1211 = CARTESIAN_POINT ( 'NONE',  ( -0.07898790839100813810, 0.8409062464593344277, 1.458121847350323241 ) ) ;
#1212 = APPROVAL ( #1611, 'UNKNOWN' ) ;
#1213 = AXIS2_PLACEMENT_3D ( 'NONE', #1557, #21, #1287 ) ;
#1214 = CC_DESIGN_APPROVAL ( #484, ( #806 ) ) ;
#1215 =( REPRESENTATION_RELATIONSHIP ('NONE','NONE', #364, #1503 ) REPRESENTATION_RELATIONSHIP_WITH_TRANSFORMATION ( #543 )SHAPE_REPRESENTATION_RELATIONSHIP( ) );
#1216 = SECURITY_CLASSIFICATION ( '', '', #726 ) ;
#1217 = EDGE_CURVE ( 'NONE', #938, #1455, #1424, .T. ) ;
#1218 = DATE_AND_TIME ( #190, #1597 ) ;
#1219 = LOCAL_TIME ( 23, 42, 43.00000000000000000, #366 ) ;
#1220 = ITEM_DEFINED_TRANSFORMATION ( 'NONE', 'NONE', #64,  #935 ) ;
#1221 = CARTESIAN_POINT ( 'NONE',  ( 1.999999999999999778, 0.000000000000000000, 0.2000000000000000111 ) ) ;
#1222 = PRODUCT_DEFINITION_FORMATION_WITH_SPECIFIED_SOURCE ( 'ANY', '', #124, .NOT_KNOWN. ) ;
#1223 = APPROVAL_DATE_TIME ( #1350, #398 ) ;
#1224 = APPROVAL ( #922, 'UNKNOWN' ) ;
#1225 = EDGE_LOOP ( 'NONE', ( #1325, #336, #1206, #1352 ) ) ;
#1226 = CARTESIAN_POINT ( 'NONE',  ( 0.3210120916089918564, 0.8409062464593344277, 1.858121847350323375 ) ) ;
#1227 = PERSON_AND_ORGANIZATION_ROLE ( 'classification_officer' ) ;
#1228 = APPROVAL_ROLE ( '' ) ;
#1229 = PLANE ( 'NONE',  #933 ) ;
#1230 = APPROVAL_STATUS ( 'not_yet_approved' ) ;
#1231 = PERSON_AND_ORGANIZATION ( #1249, #475 ) ;
#1232 = EDGE_LOOP ( 'NONE', ( #1484, #1009, #1061, #1168 ) ) ;
#1233 = EDGE_CURVE ( 'NONE', #1580, #558, #641, .T. ) ;
#1234 = APPROVAL_ROLE ( '' ) ;
#1235 = ITEM_DEFINED_TRANSFORMATION ( 'NONE', 'NONE', #1148,  #935 ) ;
#1236 = APPROVAL ( #489, 'UNSPECIFIED' ) ;
#1237 = APPROVAL_STATUS ( 'not_yet_approved' ) ;
#1238 = PLANE ( 'NONE',  #140 ) ;
#1239 = CALENDAR_DATE ( 2026, 11, 9 ) ;
#1240 = ADVANCED_FACE ( 'NONE', ( #1138 ), #1408, .F. ) ;
#1241 = LOCAL_TIME ( 23, 42, 43.00000000000000000, #917 ) ;
#1242 = PERSON_AND_ORGANIZATION_ROLE ( 'classification_officer' ) ;
#1243 = LOCAL_TIME ( 23, 42, 43.00000000000000000, #433 ) ;
#1244 = LOCAL_TIME ( 23, 42, 43.00000000000000000, #1135 ) ;
#1245 = APPROVAL_ROLE ( '' ) ;
#1246 = CARTESIAN_POINT ( 'NONE',  ( -0.2000000000000000111, -0.000000000000000000, 0.000000000000000000 ) ) ;
#1247 = DATE_AND_TIME ( #1500, #12 ) ;
#1248 = APPROVAL_PERSON_ORGANIZATION ( #1306, #1413, #51 ) ;
#1249 = PERSON ( 'UNSPECIFIED', 'UNSPECIFIED', 'UNSPECIFIED', ('UNSPECIFIED'), ('UNSPECIFIED'), ('UNSPECIFIED') ) ;
#1250 = PERSON_AND_ORGANIZATION_ROLE ( 'classification_officer' ) ;
#1251 = CALENDAR_DATE ( 2026, 11, 9 ) ;
#1252 = CC_DESIGN_PERSON_AND_ORGANIZATION_ASSIGNMENT ( #557, #664, ( #123 ) ) ;
#1253 = COORDINATED_UNIVERSAL_TIME_OFFSET ( 8, 0, .BEHIND. ) ;
#1254 = DIRECTION ( 'NONE',  ( 0.000000000000000000, -1.000000000000000000, 0.000000000000000000 ) ) ;
#1255 = MECHANICAL_CONTEXT ( 'NONE', #1180, 'mechanical' ) ;
#1256 = VECTOR ( 'NONE', #1592, 100.0000000000000000 ) ;
#1257 = CALENDAR_DATE ( 2026, 11, 9 ) ;
#1258 = DESIGN_CONTEXT ( 'detailed design', #312, 'design' ) ;
#1259 = COORDINATED_UNIVERSAL_TIME_OFFSET ( 8, 0, .BEHIND. ) ;
#1260 = AXIS2_PLACEMENT_3D ( 'NONE', #1045, #1552, #525 ) ;
#1261 = CARTESIAN_POINT ( 'NONE',  ( 0.1100000000000000006, 0.000000000000000000, 0.000000000000000000 ) ) ;
#1262 = AXIS2_PLACEMENT_3D ( 'NONE', #451, #209, #1598 ) ;
#1263 = VECTOR ( 'NONE', #853, 100.0000000000000000 ) ;
#1264 = APPROVAL ( #1515, 'UNSPECIFIED' ) ;
#1265 = DATE_AND_TIME ( #1257, #909 ) ;
#1266 = COORDINATED_UNIVERSAL_TIME_OFFSET ( 8, 0, .BEHIND. ) ;
#1267 = LOCAL_TIME ( 23, 42, 43.00000000000000000, #276 ) ;
#1268 = DIRECTION ( 'NONE',  ( 0.000000000000000000, 0.000000000000000000, -1.000000000000000000 ) ) ;
#1269 = CARTESIAN_POINT ( 'NONE',  ( 2.199999999999999734, 0.2500000000000000000, -1.999999999999999778 ) ) ;
#1270 = CC_DESIGN_APPROVAL ( #1321, ( #290 ) ) ;
#1271 = ORIENTED_EDGE ( 'NONE', *, *, #937, .T. ) ;
#1272 = CC_DESIGN_DATE_AND_TIME_ASSIGNMENT ( #508, #761, ( #208 ) ) ;
#1273 = PERSON ( 'NAUO-PER20', 'UNSPECIFIED', 'UNSPECIFIED', ('UNSPECIFIED'), ('UNSPECIFIED'), ('UNSPECIFIED') ) ;
#1274 = SHAPE_REPRESENTATION_RELATIONSHIP ( 'NONE' , 'NONE' ,  #473, #1635 ) ;
#1275 = PRODUCT_DEFINITION_FORMATION_WITH_SPECIFIED_SOURCE ( 'ANY', '', #505, .NOT_KNOWN. ) ;
#1276 = ITEM_DEFINED_TRANSFORMATION ( 'NONE', 'NONE', #390,  #935 ) ;
#1277 = PERSON ( 'NAUO-PER17', 'UNSPECIFIED', 'UNSPECIFIED', ('UNSPECIFIED'), ('UNSPECIFIED'), ('UNSPECIFIED') ) ;
#1278 = DATE_AND_TIME ( #378, #1519 ) ;
#1279 = CARTESIAN_POINT ( 'NONE',  ( -99.89000000000000057, 0.000000000000000000, 0.000000000000000000 ) ) ;
#1280 = ORIENTED_EDGE ( 'NONE', *, *, #384, .F. ) ;
#1281 = PERSON_AND_ORGANIZATION_ROLE ( 'classification_officer' ) ;
#1282 = DATE_AND_TIME ( #1239, #1187 ) ;
#1283 = ITEM_DEFINED_TRANSFORMATION ( 'NONE', 'NONE', #995,  #935 ) ;
#1284 = APPROVAL ( #1631, 'UNSPECIFIED' ) ;
#1285 = DIRECTION ( 'NONE',  ( -0.9239195927440781997, 0.000000000000000000, 0.3825867040862979684 ) ) ;
#1286 = PLANE ( 'NONE',  #1118 ) ;
#1287 = DIRECTION ( 'NONE',  ( 0.000000000000000000, 0.000000000000000000, -1.000000000000000000 ) ) ;
#1288 = CC_DESIGN_PERSON_AND_ORGANIZATION_ASSIGNMENT ( #200, #468, ( #446 ) ) ;
#1289 = APPROVAL_DATE_TIME ( #737, #565 ) ;
#1290 = DATE_AND_TIME ( #914, #707 ) ;
#1291 = FACE_OUTER_BOUND ( 'NONE', #1449, .T. ) ;
#1292 = CC_DESIGN_SECURITY_CLASSIFICATION ( #568, ( #1655 ) ) ;
#1293 = APPROVAL_PERSON_ORGANIZATION ( #1316, #338, #272 ) ;
#1294 = DIRECTION ( 'NONE',  ( 0.000000000000000000, -1.000000000000000000, 0.000000000000000000 ) ) ;
#1295 = APPROVAL_PERSON_ORGANIZATION ( #958, #68, #1245 ) ;
#1296 = LOCAL_TIME ( 23, 42, 43.00000000000000000, #1103 ) ;
#1297 = CARTESIAN_POINT ( 'NONE',  ( 0.1165344664968704508, 0.000000000000000000, 0.000000000000000000 ) ) ;
#1298 = APPROVAL_DATE_TIME ( #1545, #668 ) ;
#1299 = SECURITY_CLASSIFICATION ( '', '', #1338 ) ;
#1300 =( LENGTH_UNIT ( ) NAMED_UNIT ( * ) SI_UNIT ( .CENTI., .METRE. ) );
#1301 = APPROVAL_DATE_TIME ( #1174, #1429 ) ;
#1302 = CARTESIAN_POINT ( 'NONE',  ( 2.000000000000000000, 0.2500000000000000000, 0.000000000000000000 ) ) ;
#1303 = ORIENTED_EDGE ( 'NONE', *, *, #342, .F. ) ;
#1304 = APPROVAL_STATUS ( 'not_yet_approved' ) ;
#1305 = DIRECTION ( 'NONE',  ( -0.9239195927440781997, 4.685335825556203156E-17, -0.3825867040862979684 ) ) ;
#1306 = PERSON_AND_ORGANIZATION ( #1249, #475 ) ;
#1307 = ORIENTED_EDGE ( 'NONE', *, *, #1497, .T. ) ;
#1308 = PERSON_AND_ORGANIZATION ( #812, #1152 ) ;
#1309 = FACE_OUTER_BOUND ( 'NONE', #576, .T. ) ;
#1310 = DIRECTION ( 'NONE',  ( 0.000000000000000000, 0.000000000000000000, 1.000000000000000000 ) ) ;
#1311 = PRODUCT_DEFINITION_SHAPE ( 'NONE', 'NONE',  #1655 ) ;
#1312 = ADVANCED_FACE ( 'NONE', ( #491 ), #1417, .T. ) ;
#1313 = VECTOR ( 'NONE', #1403, 100.0000000000000000 ) ;
#1314 = AXIS2_PLACEMENT_3D ( 'NONE', #288, #921, #1048 ) ;
#1315 = ORIENTED_EDGE ( 'NONE', *, *, #1373, .T. ) ;
#1316 = PERSON_AND_ORGANIZATION ( #441, #72 ) ;
#1317 = CARTESIAN_POINT ( 'NONE',  ( 1.999999999999999778, 0.4500000000000000666, -2.199999999999999734 ) ) ;
#1318 = ORGANIZATION ( 'NAUO-ORG2', 'UNSPECIFIED', 'UNSPECIFIED' ) ;
#1319 = ORIENTED_EDGE ( 'NONE', *, *, #131, .F. ) ;
#1320 = CC_DESIGN_APPROVAL ( #93, ( #1384 ) ) ;
#1321 = APPROVAL ( #337, 'UNKNOWN' ) ;
#1322 = DIRECTION ( 'NONE',  ( 0.2803638829204861960, 3.433467318150966093E-17, 0.9598937926425757938 ) ) ;
#1323 = APPLICATION_PROTOCOL_DEFINITION ( 'international standard', 'config_control_design', 1994, #1450 ) ;
#1324 = APPROVAL_ROLE ( '' ) ;
#1325 = ORIENTED_EDGE ( 'NONE', *, *, #821, .F. ) ;
#1326 =( REPRESENTATION_RELATIONSHIP ('NONE','NONE', #364, #473 ) REPRESENTATION_RELATIONSHIP_WITH_TRANSFORMATION ( #1072 )SHAPE_REPRESENTATION_RELATIONSHIP( ) );
#1327 = COORDINATED_UNIVERSAL_TIME_OFFSET ( 8, 0, .BEHIND. ) ;
#1328 = CARTESIAN_POINT ( 'NONE',  ( 1.999999999999999778, 0.000000000000000000, -1.999999999999999778 ) ) ;
#1329 = APPROVAL_STATUS ( 'not_yet_approved' ) ;
#1330 = EDGE_LOOP ( 'NONE', ( #429, #666, #1037, #957 ) ) ;
#1331 = DIRECTION ( 'NONE',  ( -1.224646799147356165E-16, 1.000000000000000000, 9.737627722079633203E-32 ) ) ;
#1332 = DIRECTION ( 'NONE',  ( 0.2803638829204861960, 3.433467318150966093E-17, 0.9598937926425757938 ) ) ;
#1333 = DATE_AND_TIME ( #696, #318 ) ;
#1334 = VERTEX_POINT ( 'NONE', #1533 ) ;
#1335 = CONTEXT_DEPENDENT_SHAPE_REPRESENTATION ( #255, #343 ) ;
#1336 = PRODUCT_RELATED_PRODUCT_CATEGORY ( 'detail', '', ( #124 ) ) ;
#1337 = CARTESIAN_POINT ( 'NONE',  ( 1.999999999999999778, 0.4500000000000000666, 0.2000000000000000111 ) ) ;
#1338 = SECURITY_CLASSIFICATION_LEVEL ( 'unclassified' ) ;
#1339 = DATE_TIME_ROLE ( 'classification_date' ) ;
#1340 = ORIENTED_EDGE ( 'NONE', *, *, #22, .T. ) ;
#1341 = CARTESIAN_POINT ( 'NONE',  ( -0.07898790839100813810, 0.8409062464593344277, 1.058121847350323330 ) ) ;
#1342 = EDGE_CURVE ( 'NONE', #938, #585, #1554, .T. ) ;
#1343 = CC_DESIGN_DATE_AND_TIME_ASSIGNMENT ( #1600, #849, ( #1155 ) ) ;
#1344 = APPROVAL_ROLE ( '' ) ;
#1345 = PRODUCT_DEFINITION_SHAPE ( 'NONE', 'NONE',  #1649 ) ;
#1346 = AXIS2_PLACEMENT_3D ( 'NONE', #83, #1181, #1074 ) ;
#1347 = AXIS2_PLACEMENT_3D ( 'NONE', #294, #362, #1491 ) ;
#1348 = COORDINATED_UNIVERSAL_TIME_OFFSET ( 8, 0, .BEHIND. ) ;
#1349 = CARTESIAN_POINT ( 'NONE',  ( 1.999999999999999778, 0.2500000000000000000, -2.199999999999999734 ) ) ;
#1350 = DATE_AND_TIME ( #194, #871 ) ;
#1351 = PERSON_AND_ORGANIZATION_ROLE ( 'classification_officer' ) ;
#1352 = ORIENTED_EDGE ( 'NONE', *, *, #365, .T. ) ;
#1353 = SECURITY_CLASSIFICATION ( '', '', #1150 ) ;
#1354 = CC_DESIGN_APPROVAL ( #1550, ( #734 ) ) ;
#1355 = LOCAL_TIME ( 23, 42, 43.00000000000000000, #718 ) ;
#1356 = CALENDAR_DATE ( 2026, 11, 9 ) ;
#1357 = ORGANIZATION ( 'NAUO-ORG20', 'UNSPECIFIED', 'UNSPECIFIED' ) ;
#1358 = DATE_AND_TIME ( #1251, #205 ) ;
#1359 = PERSON_AND_ORGANIZATION_ROLE ( 'classification_officer' ) ;
#1360 = SECURITY_CLASSIFICATION_LEVEL ( 'unclassified' ) ;
#1361 = CARTESIAN_POINT ( 'NONE',  ( 2.199999999999999734, 0.2500000000000000000, 0.000000000000000000 ) ) ;
#1362 = CC_DESIGN_APPROVAL ( #1236, ( #866 ) ) ;
#1363 = SHAPE_DEFINITION_REPRESENTATION ( #63, #473 ) ;
#1364 = CALENDAR_DATE ( 2026, 11, 9 ) ;
#1365 = VERTEX_POINT ( 'NONE', #619 ) ;
#1366 = DATE_TIME_ROLE ( 'classification_date' ) ;
#1367 = CONTEXT_DEPENDENT_SHAPE_REPRESENTATION ( #1326, #46 ) ;
#1368 = APPLICATION_CONTEXT ( 'configuration controlled 3d designs of mechanical parts and assemblies' ) ;
#1369 = MANIFOLD_SOLID_BREP ( 'Shell1', #959 ) ;
#1370 = APPROVAL_ROLE ( '' ) ;
#1371 = CARTESIAN_POINT ( 'NONE',  ( -0.2000000000000000111, 0.2500000000000000000, 0.000000000000000000 ) ) ;
#1372 = DATE_AND_TIME ( #363, #1390 ) ;
#1373 = EDGE_CURVE ( 'NONE', #558, #300, #139, .T. ) ;
#1374 = SECURITY_CLASSIFICATION_LEVEL ( 'unclassified' ) ;
#1375 = ITEM_DEFINED_TRANSFORMATION ( 'NONE', 'NONE', #703,  #935 ) ;
#1376 = DIRECTION ( 'NONE',  ( 0.000000000000000000, 0.000000000000000000, -1.000000000000000000 ) ) ;
#1377 = AXIS2_PLACEMENT_3D ( 'NONE', #1020, #270, #884 ) ;
#1378 = DATE_AND_TIME ( #1129, #650 ) ;
#1379 =( REPRESENTATION_RELATIONSHIP ('NONE','NONE', #364, #1503 ) REPRESENTATION_RELATIONSHIP_WITH_TRANSFORMATION ( #1220 )SHAPE_REPRESENTATION_RELATIONSHIP( ) );
#1380 = DATE_AND_TIME ( #1636, #864 ) ;
#1381 = CC_DESIGN_DATE_AND_TIME_ASSIGNMENT ( #1457, #810, ( #123 ) ) ;
#1382 = CC_DESIGN_SECURITY_CLASSIFICATION ( #622, ( #1648 ) ) ;
#1383 = APPROVAL_STATUS ( 'not_yet_approved' ) ;
#1384 = SECURITY_CLASSIFICATION ( '', '', #170 ) ;
#1385 = DESIGN_CONTEXT ( 'detailed design', #1368, 'design' ) ;
#1386 = CC_DESIGN_APPROVAL ( #818, ( #446 ) ) ;
#1387 = DATE_AND_TIME ( #233, #571 ) ;
#1388 = DIRECTION ( 'NONE',  ( 0.000000000000000000, 0.000000000000000000, 1.000000000000000000 ) ) ;
#1389 = PERSON_AND_ORGANIZATION_ROLE ( 'design_owner' ) ;
#1390 = LOCAL_TIME ( 23, 42, 43.00000000000000000, #855 ) ;
#1391 = COORDINATED_UNIVERSAL_TIME_OFFSET ( 8, 0, .BEHIND. ) ;
#1392 = CALENDAR_DATE ( 2026, 11, 9 ) ;
#1393 = DIRECTION ( 'NONE',  ( -1.000000000000000000, -0.000000000000000000, -0.000000000000000000 ) ) ;
#1394 = CC_DESIGN_PERSON_AND_ORGANIZATION_ASSIGNMENT ( #1606, #561, ( #866 ) ) ;
#1395 = PERSON_AND_ORGANIZATION ( #1249, #475 ) ;
#1396 = AXIS2_PLACEMENT_3D ( 'NONE', #159, #1133, #843 ) ;
#1397 = ADVANCED_FACE ( 'NONE', ( #1012 ), #199, .T. ) ;
#1398 = PERSON_AND_ORGANIZATION_ROLE ( 'classification_officer' ) ;
#1399 = CC_DESIGN_DATE_AND_TIME_ASSIGNMENT ( #1265, #880, ( #240 ) ) ;
#1400 = UNCERTAINTY_MEASURE_WITH_UNIT (LENGTH_MEASURE( 1.000000000000000082E-05 ), #160, 'distance_accuracy_value', 'NONE');
#1401 = CC_DESIGN_DATE_AND_TIME_ASSIGNMENT ( #174, #1189, ( #734 ) ) ;
#1402 = AXIS2_PLACEMENT_3D ( 'NONE', #1328, #1574, #307 ) ;
#1403 = DIRECTION ( 'NONE',  ( -1.000000000000000000, -0.000000000000000000, -0.000000000000000000 ) ) ;
#1404 = AXIS2_PLACEMENT_3D ( 'NONE', #178, #1193, #1065 ) ;
#1405 = PERSON_AND_ORGANIZATION_ROLE ( 'classification_officer' ) ;
#1406 = APPROVAL_ROLE ( '' ) ;
#1407 = CC_DESIGN_SECURITY_CLASSIFICATION ( #975, ( #1661 ) ) ;
#1408 = PLANE ( 'NONE',  #1131 ) ;
#1409 = PERSON_AND_ORGANIZATION ( #1111, #780 ) ;
#1410 = EDGE_CURVE ( 'NONE', #317, #450, #1151, .T. ) ;
#1411 = CARTESIAN_POINT ( 'NONE',  ( 1.999999999999999778, 0.2500000000000000000, -1.999999999999999778 ) ) ;
#1412 = DIRECTION ( 'NONE',  ( 0.000000000000000000, 0.000000000000000000, 1.000000000000000000 ) ) ;
#1413 = APPROVAL ( #162, 'UNSPECIFIED' ) ;
#1414 = DATE_TIME_ROLE ( 'classification_date' ) ;
#1415 = DATE_AND_TIME ( #1120, #258 ) ;
#1416 = PERSON ( 'NAUO-PER26', 'UNSPECIFIED', 'UNSPECIFIED', ('UNSPECIFIED'), ('UNSPECIFIED'), ('UNSPECIFIED') ) ;
#1417 = PLANE ( 'NONE',  #282 ) ;
#1418 = CC_DESIGN_DATE_AND_TIME_ASSIGNMENT ( #1159, #654, ( #1153 ) ) ;
#1419 = EDGE_CURVE ( 'NONE', #590, #172, #784, .T. ) ;
#1420 = PERSON ( 'NAUO-PER15', 'UNSPECIFIED', 'UNSPECIFIED', ('UNSPECIFIED'), ('UNSPECIFIED'), ('UNSPECIFIED') ) ;
#1421 = CARTESIAN_POINT ( 'NONE',  ( 0.000000000000000000, 0.000000000000000000, 0.000000000000000000 ) ) ;
#1422 = APPLICATION_PROTOCOL_DEFINITION ( 'international standard', 'config_control_design', 1994, #552 ) ;
#1423 = COORDINATED_UNIVERSAL_TIME_OFFSET ( 8, 0, .BEHIND. ) ;
#1424 = LINE ( 'NONE', #253, #704 ) ;
#1425 = DIRECTION ( 'NONE',  ( 1.000000000000000000, 0.000000000000000000, 0.000000000000000000 ) ) ;
#1426 = PRODUCT_DEFINITION_SHAPE ( 'NONE', 'NONE',  #1665 ) ;
#1427 = DIRECTION ( 'NONE',  ( 1.000000000000000000, 0.000000000000000000, 0.000000000000000000 ) ) ;
#1428 = VECTOR ( 'NONE', #1024, 100.0000000000000000 ) ;
#1429 = APPROVAL ( #163, 'UNKNOWN' ) ;
#1430 = CARTESIAN_POINT ( 'NONE',  ( 0.7210120916089918230, 0.8409062464593344277, 0.6581218473503233080 ) ) ;
#1431 = SECURITY_CLASSIFICATION_LEVEL ( 'unclassified' ) ;
#1432 = CARTESIAN_POINT ( 'NONE',  ( 0.000000000000000000, 0.2500000000000000000, 0.000000000000000000 ) ) ;
#1433 = CC_DESIGN_APPROVAL ( #1224, ( #471 ) ) ;
#1434 = LOCAL_TIME ( 23, 42, 43.00000000000000000, #974 ) ;
#1435 = FACE_OUTER_BOUND ( 'NONE', #1330, .T. ) ;
#1436 = CC_DESIGN_APPROVAL ( #1019, ( #208 ) ) ;
#1437 = LOCAL_TIME ( 23, 42, 43.00000000000000000, #1147 ) ;
#1438 = PERSON_AND_ORGANIZATION_ROLE ( 'classification_officer' ) ;
#1439 = APPROVAL_PERSON_ORGANIZATION ( #449, #1535, #428 ) ;
#1440 = APPROVAL_STATUS ( 'not_yet_approved' ) ;
#1441 = ORIENTED_EDGE ( 'NONE', *, *, #1101, .T. ) ;
#1442 = ITEM_DEFINED_TRANSFORMATION ( 'NONE', 'NONE', #1039,  #935 ) ;
#1443 = DIRECTION ( 'NONE',  ( 1.000000000000000000, 0.000000000000000000, 0.000000000000000000 ) ) ;
#1444 = APPROVAL ( #117, 'UNSPECIFIED' ) ;
#1445 = EDGE_CURVE ( 'NONE', #1334, #1476, #291, .T. ) ;
#1446 = DIRECTION ( 'NONE',  ( 0.2803638829204861960, 3.433467318150966093E-17, 0.9598937926425757938 ) ) ;
#1447 = DIRECTION ( 'NONE',  ( 0.2803638829204861960, 3.433467318150966093E-17, 0.9598937926425757938 ) ) ;
#1448 = COORDINATED_UNIVERSAL_TIME_OFFSET ( 8, 0, .BEHIND. ) ;
#1449 = EDGE_LOOP ( 'NONE', ( #713, #1175, #393, #828 ) ) ;
#1450 = APPLICATION_CONTEXT ( 'configuration controlled 3d designs of mechanical parts and assemblies' ) ;
#1451 = CALENDAR_DATE ( 2026, 11, 9 ) ;
#1452 = CC_DESIGN_PERSON_AND_ORGANIZATION_ASSIGNMENT ( #856, #1081, ( #1000 ) ) ;
#1453 = CARTESIAN_POINT ( 'NONE',  ( 0.000000000000000000, 0.2500000000000000000, 0.000000000000000000 ) ) ;
#1454 = SHAPE_DEFINITION_REPRESENTATION ( #265, #364 ) ;
#1455 = VERTEX_POINT ( 'NONE', #373 ) ;
#1456 = DIRECTION ( 'NONE',  ( -1.224646799147356165E-16, 1.000000000000000000, 9.737627722079633203E-32 ) ) ;
#1457 = DATE_AND_TIME ( #647, #1104 ) ;
#1458 = VERTEX_POINT ( 'NONE', #152 ) ;
#1459 = PERSON_AND_ORGANIZATION_ROLE ( 'classification_officer' ) ;
#1460 = DIRECTION ( 'NONE',  ( 1.000000000000000000, 0.000000000000000000, 0.000000000000000000 ) ) ;
#1461 = PERSON_AND_ORGANIZATION ( #1249, #475 ) ;
#1462 = CC_DESIGN_APPROVAL ( #338, ( #516 ) ) ;
#1463 = ORIENTED_EDGE ( 'NONE', *, *, #662, .T. ) ;
#1464 = APPROVAL_PERSON_ORGANIZATION ( #6, #1019, #754 ) ;
#1465 = DIRECTION ( 'NONE',  ( 0.2803638829204861960, 3.433467318150966093E-17, 0.9598937926425757938 ) ) ;
#1466 =( REPRESENTATION_RELATIONSHIP ('NONE','NONE', #364, #1503 ) REPRESENTATION_RELATIONSHIP_WITH_TRANSFORMATION ( #334 )SHAPE_REPRESENTATION_RELATIONSHIP( ) );
#1467 = CC_DESIGN_APPROVAL ( #1589, ( #376 ) ) ;
#1468 = PRODUCT_RELATED_PRODUCT_CATEGORY ( 'detail', '', ( #1616 ) ) ;
#1469 = DATE_TIME_ROLE ( 'classification_date' ) ;
#1470 = CC_DESIGN_APPROVAL ( #1413, ( #359 ) ) ;
#1471 = EDGE_LOOP ( 'NONE', ( #1315, #813, #82, #1271, #1340, #555, #1080, #797 ) ) ;
#1472 = DATE_TIME_ROLE ( 'classification_date' ) ;
#1473 = EDGE_CURVE ( 'NONE', #671, #196, #1558, .T. ) ;
#1474 = LINE ( 'NONE', #320, #333 ) ;
#1475 = DATE_AND_TIME ( #949, #214 ) ;
#1476 = VERTEX_POINT ( 'NONE', #758 ) ;
#1477 = CC_DESIGN_PERSON_AND_ORGANIZATION_ASSIGNMENT ( #890, #1398, ( #781 ) ) ;
#1478 = CARTESIAN_POINT ( 'NONE',  ( -0.5972520412802502232, 0.3909062464593345276, 2.049585826057719551 ) ) ;
#1479 = APPROVAL_STATUS ( 'not_yet_approved' ) ;
#1480 = ORIENTED_EDGE ( 'NONE', *, *, #968, .F. ) ;
#1481 = COORDINATED_UNIVERSAL_TIME_OFFSET ( 8, 0, .BEHIND. ) ;
#1482 = DIRECTION ( 'NONE',  ( -0.000000000000000000, -1.000000000000000000, -0.000000000000000000 ) ) ;
#1483 = APPROVAL_STATUS ( 'not_yet_approved' ) ;
#1484 = ORIENTED_EDGE ( 'NONE', *, *, #1410, .F. ) ;
#1485 = DIRECTION ( 'NONE',  ( -1.224646799147356165E-16, 1.000000000000000000, 9.737627722079633203E-32 ) ) ;
#1486 = CIRCLE ( 'NONE', #530, 0.2000000000000000111 ) ;
#1487 = CALENDAR_DATE ( 2026, 11, 9 ) ;
#1488 = CONTEXT_DEPENDENT_SHAPE_REPRESENTATION ( #88, #1605 ) ;
#1489 = VECTOR ( 'NONE', #891, 100.0000000000000000 ) ;
#1490 = CALENDAR_DATE ( 2026, 11, 9 ) ;
#1491 = DIRECTION ( 'NONE',  ( 0.000000000000000000, 0.000000000000000000, -1.000000000000000000 ) ) ;
#1492 = VERTEX_POINT ( 'NONE', #1566 ) ;
#1493 = ORGANIZATION ( 'NAUO-ORG17', 'UNSPECIFIED', 'UNSPECIFIED' ) ;
#1494 = LOCAL_TIME ( 23, 42, 43.00000000000000000, #618 ) ;
#1495 = SECURITY_CLASSIFICATION_LEVEL ( 'unclassified' ) ;
#1496 = COORDINATED_UNIVERSAL_TIME_OFFSET ( 8, 0, .BEHIND. ) ;
#1497 = EDGE_CURVE ( 'NONE', #306, #678, #764, .T. ) ;
#1498 = FACE_OUTER_BOUND ( 'NONE', #916, .T. ) ;
#1499 = CC_DESIGN_APPROVAL ( #1535, ( #546 ) ) ;
#1500 = CALENDAR_DATE ( 2026, 11, 9 ) ;
#1501 = PERSON ( 'NAUO-PER24', 'UNSPECIFIED', 'UNSPECIFIED', ('UNSPECIFIED'), ('UNSPECIFIED'), ('UNSPECIFIED') ) ;
#1502 = COORDINATED_UNIVERSAL_TIME_OFFSET ( 8, 0, .BEHIND. ) ;
#1503 = SHAPE_REPRESENTATION ( 'MNsharp', ( #935 ), #169 ) ;
#1504 = APPROVAL_DATE_TIME ( #476, #1321 ) ;
#1505 = PERSON ( 'NAUO-PER8', 'UNSPECIFIED', 'UNSPECIFIED', ('UNSPECIFIED'), ('UNSPECIFIED'), ('UNSPECIFIED') ) ;
#1506 = CARTESIAN_POINT ( 'NONE',  ( 0.000000000000000000, 0.2500000000000000000, -1.999999999999999778 ) ) ;
#1507 = CC_DESIGN_DATE_AND_TIME_ASSIGNMENT ( #1380, #1472, ( #516 ) ) ;
#1508 = COORDINATED_UNIVERSAL_TIME_OFFSET ( 8, 0, .BEHIND. ) ;
#1509 = DATE_TIME_ROLE ( 'classification_date' ) ;
#1510 = DATE_AND_TIME ( #222, #1434 ) ;
#1511 = CALENDAR_DATE ( 2026, 11, 9 ) ;
#1512 = DATE_AND_TIME ( #455, #4 ) ;
#1513 = DIRECTION ( 'NONE',  ( -1.000000000000000000, 0.000000000000000000, -0.000000000000000000 ) ) ;
#1514 = VECTOR ( 'NONE', #100, 100.0000000000000000 ) ;
#1515 = APPROVAL_STATUS ( 'not_yet_approved' ) ;
#1516 = CC_DESIGN_APPROVAL ( #436, ( #568 ) ) ;
#1517 = APPROVAL_PERSON_ORGANIZATION ( #369, #976, #1113 ) ;
#1518 = CONTEXT_DEPENDENT_SHAPE_REPRESENTATION ( #837, #1426 ) ;
#1519 = LOCAL_TIME ( 23, 42, 43.00000000000000000, #1253 ) ;
#1520 = CC_DESIGN_PERSON_AND_ORGANIZATION_ASSIGNMENT ( #845, #1199, ( #866 ) ) ;
#1521 = ORGANIZATION ( 'NAUO-ORG21', 'UNSPECIFIED', 'UNSPECIFIED' ) ;
#1522 = APPROVAL_STATUS ( 'not_yet_approved' ) ;
#1523 = CARTESIAN_POINT ( 'NONE',  ( 0.000000000000000000, -0.000000000000000000, -2.199999999999999734 ) ) ;
#1524 = COORDINATED_UNIVERSAL_TIME_OFFSET ( 8, 0, .BEHIND. ) ;
#1525 = EDGE_CURVE ( 'NONE', #1615, #1580, #296, .T. ) ;
#1526 = LOCAL_TIME ( 23, 42, 43.00000000000000000, #60 ) ;
#1527 = CALENDAR_DATE ( 2026, 11, 9 ) ;
#1528 = APPROVAL_DATE_TIME ( #1278, #346 ) ;
#1529 = LINE ( 'NONE', #9, #753 ) ;
#1530 =( REPRESENTATION_RELATIONSHIP ('NONE','NONE', #364, #1503 ) REPRESENTATION_RELATIONSHIP_WITH_TRANSFORMATION ( #1066 )SHAPE_REPRESENTATION_RELATIONSHIP( ) );
#1531 = CARTESIAN_POINT ( 'NONE',  ( 0.000000000000000000, 0.000000000000000000, 0.000000000000000000 ) ) ;
#1532 = DATE_AND_TIME ( #127, #600 ) ;
#1533 = CARTESIAN_POINT ( 'NONE',  ( 2.000000000000000000, 0.2500000000000000000, 0.000000000000000000 ) ) ;
#1534 = CIRCLE ( 'NONE', #1347, 0.04825586317211318088 ) ;
#1535 = APPROVAL ( #1329, 'UNSPECIFIED' ) ;
#1536 = AXIS2_PLACEMENT_3D ( 'NONE', #920, #586, #1485 ) ;
#1537 = APPROVAL_DATE_TIME ( #246, #993 ) ;
#1538 = CC_DESIGN_SECURITY_CLASSIFICATION ( #734, ( #1647 ) ) ;
#1539 = CONTEXT_DEPENDENT_SHAPE_REPRESENTATION ( #1089, #1311 ) ;
#1540 = CC_DESIGN_SECURITY_CLASSIFICATION ( #1075, ( #1658 ) ) ;
#1541 = DIRECTION ( 'NONE',  ( 0.000000000000000000, 0.000000000000000000, 1.000000000000000000 ) ) ;
#1542 = ADVANCED_FACE ( 'NONE', ( #1165 ), #889, .F. ) ;
#1543 = CARTESIAN_POINT ( 'NONE',  ( -0.2000000000000000111, 0.2500000000000000000, -1.999999999999999778 ) ) ;
#1544 = LINE ( 'NONE', #1145, #2 ) ;
#1545 = DATE_AND_TIME ( #273, #207 ) ;
#1546 =( REPRESENTATION_RELATIONSHIP ('NONE','NONE', #364, #1503 ) REPRESENTATION_RELATIONSHIP_WITH_TRANSFORMATION ( #1276 )SHAPE_REPRESENTATION_RELATIONSHIP( ) );
#1547 = APPLICATION_PROTOCOL_DEFINITION ( 'international standard', 'config_control_design', 1994, #1368 ) ;
#1548 = CONTEXT_DEPENDENT_SHAPE_REPRESENTATION ( #539, #1086 ) ;
#1549 = DIRECTION ( 'NONE',  ( 0.000000000000000000, 0.000000000000000000, 1.000000000000000000 ) ) ;
#1550 = APPROVAL ( #1591, 'UNKNOWN' ) ;
#1551 = AXIS2_PLACEMENT_3D ( 'NONE', #50, #832, #1071 ) ;
#1552 = DIRECTION ( 'NONE',  ( 0.000000000000000000, -1.000000000000000000, 0.000000000000000000 ) ) ;
#1553 = COORDINATED_UNIVERSAL_TIME_OFFSET ( 8, 0, .BEHIND. ) ;
#1554 = LINE ( 'NONE', #1261, #1207 ) ;
#1555 = CONTEXT_DEPENDENT_SHAPE_REPRESENTATION ( #652, #953 ) ;
#1556 = PRODUCT_DEFINITION_SHAPE ( 'NONE', 'NONE',  #1654 ) ;
#1557 = CARTESIAN_POINT ( 'NONE',  ( 1.999999999999999778, 0.000000000000000000, 0.000000000000000000 ) ) ;
#1558 = CIRCLE ( 'NONE', #1260, 0.2000000000000001776 ) ;
#1559 = CC_DESIGN_PERSON_AND_ORGANIZATION_ASSIGNMENT ( #639, #1149, ( #495 ) ) ;
#1560 = VERTEX_POINT ( 'NONE', #3 ) ;
#1561 = LOCAL_TIME ( 23, 42, 43.00000000000000000, #587 ) ;
#1562 = DATE_AND_TIME ( #814, #351 ) ;
#1563 = CC_DESIGN_SECURITY_CLASSIFICATION ( #143, ( #1646 ) ) ;
#1564 = DIRECTION ( 'NONE',  ( 1.000000000000000000, 0.000000000000000000, 0.000000000000000000 ) ) ;
#1565 = ORGANIZATION ( 'NAUO-ORG8', 'UNSPECIFIED', 'UNSPECIFIED' ) ;
#1566 = CARTESIAN_POINT ( 'NONE',  ( 0.000000000000000000, 5.909638837382105990E-18, -0.04825586317211318782 ) ) ;
#1567 = LOCAL_TIME ( 23, 42, 43.00000000000000000, #1524 ) ;
#1568 = CC_DESIGN_DATE_AND_TIME_ASSIGNMENT ( #626, #119, ( #1216 ) ) ;
#1569 = CARTESIAN_POINT ( 'NONE',  ( 0.7210120916089918230, 0.8409062464593344277, 0.2581218473503232858 ) ) ;
#1570 = DATE_TIME_ROLE ( 'classification_date' ) ;
#1571 = EDGE_LOOP ( 'NONE', ( #67, #434, #776, #1307 ) ) ;
#1572 = DATE_AND_TIME ( #158, #1102 ) ;
#1573 = PERSON ( 'NAUO-PER18', 'UNSPECIFIED', 'UNSPECIFIED', ('UNSPECIFIED'), ('UNSPECIFIED'), ('UNSPECIFIED') ) ;
#1574 = DIRECTION ( 'NONE',  ( 0.000000000000000000, -1.000000000000000000, 0.000000000000000000 ) ) ;
#1575 = DIRECTION ( 'NONE',  ( 0.2803638829204861960, 3.433467318150966093E-17, 0.9598937926425757938 ) ) ;
#1576 = PERSON ( 'NAUO-PER1', 'UNSPECIFIED', 'UNSPECIFIED', ('UNSPECIFIED'), ('UNSPECIFIED'), ('UNSPECIFIED') ) ;
#1577 = DIRECTION ( 'NONE',  ( 0.2803638829204861960, 3.433467318150966093E-17, 0.9598937926425757938 ) ) ;
#1578 = COORDINATED_UNIVERSAL_TIME_OFFSET ( 8, 0, .BEHIND. ) ;
#1579 = EDGE_CURVE ( 'NONE', #167, #1615, #1173, .T. ) ;
#1580 = VERTEX_POINT ( 'NONE', #529 ) ;
#1581 = PERSON_AND_ORGANIZATION_ROLE ( 'classification_officer' ) ;
#1582 = DIRECTION ( 'NONE',  ( 0.000000000000000000, 0.000000000000000000, -1.000000000000000000 ) ) ;
#1583 = EDGE_LOOP ( 'NONE', ( #182, #524, #790 ) ) ;
#1584 = CARTESIAN_POINT ( 'NONE',  ( 1.121012091608992067, 0.8409062464593344277, 1.858121847350323375 ) ) ;
#1585 = CC_DESIGN_DATE_AND_TIME_ASSIGNMENT ( #380, #646, ( #495 ) ) ;
#1586 = AXIS2_PLACEMENT_3D ( 'NONE', #690, #918, #427 ) ;
#1587 = DIRECTION ( 'NONE',  ( -1.224646799147356165E-16, 1.000000000000000000, 9.737627722079633203E-32 ) ) ;
#1588 = CALENDAR_DATE ( 2026, 11, 9 ) ;
#1589 = APPROVAL ( #724, 'UNKNOWN' ) ;
#1590 = VERTEX_POINT ( 'NONE', #1297 ) ;
#1591 = APPROVAL_STATUS ( 'not_yet_approved' ) ;
#1592 = DIRECTION ( 'NONE',  ( 0.000000000000000000, -1.000000000000000000, 0.000000000000000000 ) ) ;
#1593 = COORDINATED_UNIVERSAL_TIME_OFFSET ( 8, 0, .BEHIND. ) ;
#1594 = CALENDAR_DATE ( 2026, 11, 9 ) ;
#1595 = CC_DESIGN_APPROVAL ( #976, ( #622 ) ) ;
#1596 = ORIENTED_EDGE ( 'NONE', *, *, #507, .F. ) ;
#1597 = LOCAL_TIME ( 23, 42, 43.00000000000000000, #354 ) ;
#1598 = DIRECTION ( 'NONE',  ( -1.224646799147356165E-16, 1.000000000000000000, 9.737627722079633203E-32 ) ) ;
#1599 = LOCAL_TIME ( 23, 42, 43.00000000000000000, #221 ) ;
#1600 = DATE_AND_TIME ( #461, #1561 ) ;
#1601 = CC_DESIGN_APPROVAL ( #1284, ( #242 ) ) ;
#1602 = EDGE_LOOP ( 'NONE', ( #904, #817, #341 ) ) ;
#1603 = COORDINATED_UNIVERSAL_TIME_OFFSET ( 8, 0, .BEHIND. ) ;
#1604 = CARTESIAN_POINT ( 'NONE',  ( -0.2000000000000000111, 0.2500000000000000000, 0.000000000000000000 ) ) ;
#1605 = PRODUCT_DEFINITION_SHAPE ( 'NONE', 'NONE',  #1643 ) ;
#1606 = PERSON_AND_ORGANIZATION ( #1249, #475 ) ;
#1607 = ORIENTED_EDGE ( 'NONE', *, *, #1373, .F. ) ;
#1608 = DIRECTION ( 'NONE',  ( 1.000000000000000000, 0.000000000000000000, 0.000000000000000000 ) ) ;
#1609 = CALENDAR_DATE ( 2026, 11, 9 ) ;
#1610 = VECTOR ( 'NONE', #770, 100.0000000000000000 ) ;
#1611 = APPROVAL_STATUS ( 'not_yet_approved' ) ;
#1612 = PERSON_AND_ORGANIZATION_ROLE ( 'classification_officer' ) ;
#1613 = DIRECTION ( 'NONE',  ( -0.000000000000000000, -1.000000000000000000, 0.000000000000000000 ) ) ;
#1614 = APPROVAL_DATE_TIME ( #575, #1413 ) ;
#1615 = VERTEX_POINT ( 'NONE', #267 ) ;
#1616 = PRODUCT ( 'MNbase', 'MNbase', '', ( #1255 ) ) ;
#1617 = VECTOR ( 'NONE', #815, 100.0000000000000000 ) ;
#1618 = SECURITY_CLASSIFICATION_LEVEL ( 'unclassified' ) ;
#1619 = AXIS2_PLACEMENT_3D ( 'NONE', #440, #422, #62 ) ;
#1620 = EDGE_CURVE ( 'NONE', #681, #167, #1544, .T. ) ;
#1621 = FACE_OUTER_BOUND ( 'NONE', #466, .T. ) ;
#1622 = DATE_AND_TIME ( #981, #78 ) ;
#1623 = CALENDAR_DATE ( 2026, 11, 9 ) ;
#1624 = EDGE_CURVE ( 'NONE', #1560, #681, #731, .T. ) ;
#1625 = APPROVAL_PERSON_ORGANIZATION ( #14, #668, #23 ) ;
#1626 = APPROVAL_PERSON_ORGANIZATION ( #856, #648, #1370 ) ;
#1627 = CONTEXT_DEPENDENT_SHAPE_REPRESENTATION ( #628, #700 ) ;
#1628 = CC_DESIGN_PERSON_AND_ORGANIZATION_ASSIGNMENT ( #679, #1459, ( #734 ) ) ;
#1629 = DATE_AND_TIME ( #831, #353 ) ;
#1630 = CARTESIAN_POINT ( 'NONE',  ( 0.000000000000000000, 0.4500000000000000666, 0.000000000000000000 ) ) ;
#1631 = APPROVAL_STATUS ( 'not_yet_approved' ) ;
#1632 = CONTEXT_DEPENDENT_SHAPE_REPRESENTATION ( #335, #532 ) ;
#1633 =( REPRESENTATION_RELATIONSHIP ('NONE','NONE', #364, #1503 ) REPRESENTATION_RELATIONSHIP_WITH_TRANSFORMATION ( #550 )SHAPE_REPRESENTATION_RELATIONSHIP( ) );
#1634 = SECURITY_CLASSIFICATION_LEVEL ( 'unclassified' ) ;
#1635 = ADVANCED_BREP_SHAPE_REPRESENTATION ( '', ( #794, #935 ), #800 ) ;
#1636 = CALENDAR_DATE ( 2026, 11, 9 ) ;
#1637 = LINE ( 'NONE', #463, #1263 ) ;
#1638 = PERSON_AND_ORGANIZATION_ROLE ( 'design_supplier' ) ;
#1639 = CC_DESIGN_PERSON_AND_ORGANIZATION_ASSIGNMENT ( #1461, #803, ( #359 ) ) ;
#1640 = CONTEXT_DEPENDENT_SHAPE_REPRESENTATION ( #602, #919 ) ;
#1641 = DIRECTION ( 'NONE',  ( 0.000000000000000000, 0.000000000000000000, 1.000000000000000000 ) ) ;
#1642 = NEXT_ASSEMBLY_USAGE_OCCURRENCE ( 'NAUO1', ' ', ' ', #359, #210, $ ) ;
#1643 = NEXT_ASSEMBLY_USAGE_OCCURRENCE ( 'NAUO2', ' ', ' ', #359, #495, $ ) ;
#1644 = NEXT_ASSEMBLY_USAGE_OCCURRENCE ( 'NAUO3', ' ', ' ', #359, #495, $ ) ;
#1645 = NEXT_ASSEMBLY_USAGE_OCCURRENCE ( 'NAUO4', ' ', ' ', #359, #495, $ ) ;
#1646 = NEXT_ASSEMBLY_USAGE_OCCURRENCE ( 'NAUO5', ' ', ' ', #359, #495, $ ) ;
#1647 = NEXT_ASSEMBLY_USAGE_OCCURRENCE ( 'NAUO6', ' ', ' ', #359, #495, $ ) ;
#1648 = NEXT_ASSEMBLY_USAGE_OCCURRENCE ( 'NAUO7', ' ', ' ', #359, #495, $ ) ;
#1649 = NEXT_ASSEMBLY_USAGE_OCCURRENCE ( 'NAUO8', ' ', ' ', #359, #495, $ ) ;
#1650 = NEXT_ASSEMBLY_USAGE_OCCURRENCE ( 'NAUO9', ' ', ' ', #359, #495, $ ) ;
#1651 = NEXT_ASSEMBLY_USAGE_OCCURRENCE ( 'NAUO10', ' ', ' ', #359, #495, $ ) ;
#1652 = NEXT_ASSEMBLY_USAGE_OCCURRENCE ( 'NAUO11', ' ', ' ', #359, #495, $ ) ;
#1653 = NEXT_ASSEMBLY_USAGE_OCCURRENCE ( 'NAUO12', ' ', ' ', #359, #495, $ ) ;
#1654 = NEXT_ASSEMBLY_USAGE_OCCURRENCE ( 'NAUO13', ' ', ' ', #359, #495, $ ) ;
#1655 = NEXT_ASSEMBLY_USAGE_OCCURRENCE ( 'NAUO14', ' ', ' ', #359, #495, $ ) ;
#1656 = NEXT_ASSEMBLY_USAGE_OCCURRENCE ( 'NAUO15', ' ', ' ', #359, #495, $ ) ;
#1657 = NEXT_ASSEMBLY_USAGE_OCCURRENCE ( 'NAUO16', ' ', ' ', #359, #495, $ ) ;
#1658 = NEXT_ASSEMBLY_USAGE_OCCURRENCE ( 'NAUO17', ' ', ' ', #359, #495, $ ) ;
#1659 = NEXT_ASSEMBLY_USAGE_OCCURRENCE ( 'NAUO18', ' ', ' ', #359, #495, $ ) ;
#1660 = NEXT_ASSEMBLY_USAGE_OCCURRENCE ( 'NAUO19', ' ', ' ', #359, #495, $ ) ;
#1661 = NEXT_ASSEMBLY_USAGE_OCCURRENCE ( 'NAUO20', ' ', ' ', #359, #495, $ ) ;
#1662 = NEXT_ASSEMBLY_USAGE_OCCURRENCE ( 'NAUO21', ' ', ' ', #359, #495, $ ) ;
#1663 = NEXT_ASSEMBLY_USAGE_OCCURRENCE ( 'NAUO22', ' ', ' ', #359, #495, $ ) ;
#1664 = NEXT_ASSEMBLY_USAGE_OCCURRENCE ( 'NAUO23', ' ', ' ', #359, #495, $ ) ;
#1665 = NEXT_ASSEMBLY_USAGE_OCCURRENCE ( 'NAUO24', ' ', ' ', #359, #495, $ ) ;
#1666 = NEXT_ASSEMBLY_USAGE_OCCURRENCE ( 'NAUO25', ' ', ' ', #359, #495, $ ) ;
#1667 = NEXT_ASSEMBLY_USAGE_OCCURRENCE ( 'NAUO26', ' ', ' ', #359, #495, $ ) ;
ENDSEC;
END-ISO-10303-21;
